<?xml version="1.0" encoding="UTF-8"?>

<!--**********************************************************************
** $File: Document.xml 
** $Descrip: IOGuide Projet Document File
** $Version: 1.0.0.0 
** $Maker: CREVIS
** $History   
**   ! 2009.06.5 - v1000. First Release
 
** ******************************************************************* --> 
<PROJECT name="Section 1" Date="June 6 2009" Bustype="Modbus TCP IP">

  <PARAMETER_VIEW>
    <NA_IO>
      <Channel type="Analog Input" channel="0" size="16" InputWordAddr="0x0800" InputBitAddr="0x1000" OutputWordAddr="0x0800" OutputBitAddr="0x1000"/>
    </NA_IO>
    
    <IO model="ST-1214">
    </IO>
    
    <IO model="ST-2324">
      <Channel channel_num="0" SafeMode="Safe" SafeValue="ON"/>
	    <Channel channel_num="1" SafeMode="Hold Last Value" SafeValue="ON"/>
	    <Channel channel_num="2" SafeMode="Safe" SafeValue="OFF"/>
	    <Channel channel_num="3" SafeMode="Safe" SafeValue="OFF"/>
    </IO>
    
    <IO model="ST-121F">
    </IO>
    
    <IO model="ST-222F">
    	<Channel channel_num="0" SafeMode="Safe" SafeValue="ON"/>
	    <Channel channel_num="1" SafeMode="Hold Last Value" SafeValue="ON"/>
	    <Channel channel_num="2" SafeMode="Safe" SafeValue="OFF"/>
	    <Channel channel_num="3" SafeMode="Safe" SafeValue="OFF"/>
	    <Channel channel_num="4" SafeMode="Safe" SafeValue="ON"/>
	    <Channel channel_num="5" SafeMode="Hold Last Value" SafeValue="ON"/>
	    <Channel channel_num="6" SafeMode="Safe" SafeValue="OFF"/>
	    <Channel channel_num="7" SafeMode="Safe" SafeValue="OFF"/>
	    <Channel channel_num="8" SafeMode="Safe" SafeValue="ON"/>
	    <Channel channel_num="9" SafeMode="Hold Last Value" SafeValue="ON"/>
	    <Channel channel_num="10" SafeMode="Safe" SafeValue="OFF"/>
	    <Channel channel_num="11" SafeMode="Safe" SafeValue="OFF"/>
	    <Channel channel_num="12" SafeMode="Safe" SafeValue="ON"/>
	    <Channel channel_num="13" SafeMode="Hold Last Value" SafeValue="ON"/>
	    <Channel channel_num="14" SafeMode="Safe" SafeValue="OFF"/>
	    <Channel channel_num="15" SafeMode="Safe" SafeValue="OFF"/>
    </IO>
 
  </PARAMETER_VIEW>
  
</PROJECT>
