<?xml version="1.0" encoding="UTF-8"?>

<!--**********************************************************************
** $File: Document.xml 
** $Descrip: IOGuide Projet Document File
** $Version: 1.0.0.0 
** $Maker: CREVIS
** $History   
**   ! 2009.06.5 - v1000. First Release
 
** ******************************************************************* --> 
<PROJECT name="Section 1" Date="June 6 2009" Bustype="Modbus TCP IP">

  <INQUIRY_VIEW>
    <Item Model="NA-9189" Part_Num="5130910000" amount="1"/>
    <Item Model="ST-1214" Part_Num="5130910000" amount="1"/>
    <Item Model="ST-2324" Part_Num="5130910000" amount="1"/>
    <Item Model="ST-121F" Part_Num="5130910000" amount="1"/>
    <Item Model="ST-222F" Part_Num="5130910000" amount="1"/>
    <Item Model="ST-3134" Part_Num="5130910000" amount="1"/>
    <Item Model="ST-4112" Part_Num="5130910000" amount="1"/>
    <Item Model="ST-3524" Part_Num="5130910000" amount="1"/>
    <Item Model="ST-4522" Part_Num="5130910000" amount="1"/>
    <Item Model="ST-3802" Part_Num="5130910000" amount="1"/>
    <Item Model="ST-7241" Part_Num="5130910000" amount="1"/>
  </INQUIRY_VIEW>
 
</PROJECT>
