<?xml version="1.0" encoding="UTF-8"?>
<IOGuidePro Copyright="Copyright(C) 2009-2013 CREVIS Co.,Ltd">
<Options Language="Eng"/>
<StartUp Title="Crevis Homepage" Path="http://www.crevis.co.kr"/>
<Default ViewMode="User View" PrjUsrFolder=""/>
<LogOption MaxWndDisplay="500" MaxLogFileSize="5" EraseOldLogFileDays="7">
<WndEnable>
<Assign Value="1" Desc="Wnd General Information"/>
<Assign Value="1" Desc="Wnd Error Information"/>
<Assign Value="1" Desc="Wnd Communication Information"/>
<Assign Value="0" Desc="Wnd Developer Information"/>
</WndEnable>
<FileEnable>
<Assign Value="1" Desc="File General Information"/>
<Assign Value="1" Desc="File Error Information"/>
<Assign Value="1" Desc="File Communication Information"/>
<Assign Value="0" Desc="File Developer Information"/>
</FileEnable>
</LogOption>
</IOGuidePro>
