﻿<?xml version="1.0" encoding="UTF-8"?>

<!--**********************************************************************
** $File: listTextID.xml 
** $Descrip: Define Text ID
** $Version: 1.1.0.5 #3 
** $Maker: CREVIS
** $History   
** ******************************************************************* --> 

<TextList> 
	<!-- Bus Type -->	
	<Text TextId="IDB_ModbusTCP" Value="MODBUS TCP/IP" DescValue=""/>
	<Text TextId="IDB_Modbus232" Value="MODBUS Serial(RS-232)" DescValue=""/>	
	<Text TextId="IDB_Modbus485" Value="MODBUS Serial(RS-485)" DescValue=""/>	
	<Text TextId="IDB_ProfibusDP" Value="PROFIBUS-DP" DescValue=""/>	
	<Text TextId="IDB_CClink" Value="CC-Link" DescValue=""/>	
	<Text TextId="IDB_CANopen" Value="CANopen" DescValue=""/>	
	<Text TextId="IDB_DeviceNet" Value="DeviceNet" DescValue=""/>	
	<Text TextId="IDB_EthernetIP" Value="EtherNet/IP" DescValue=""/>
	<Text TextId="IDB_PowerLink" Value="POWERLINK" DescValue=""/>
	<Text TextId="IDB_EtherCAT" Value="EtherCAT" DescValue=""/>
	<Text TextId="IDB_UDP" Value="UDP" DescValue=""/>
  <Text TextId="IDB_Profinet" Value="Profinet" DescValue=""/>
  
  <!-- NA -->
	<Text TextId="T_NAxxxx" Value="NA-xxxx" DescValue="NA-xxxx Unknown Network Adapter"/>
	<Text TextId="T_INFO_NAxxxx" Value="NA-xxxx Unknown Network Adapter" DescValue=""/>
  <Text TextId="T_SYS-700-011" Value="SYS-700-011" DescValue="SYS-700-011 TCP"/>
  <Text TextId="T_INFO_SYS-700-011" Value="SYS-700-011 TCP Network Adapter " DescValue=""/>
  <Text TextId="T_SYS-700-001" Value="SYS-700-001" DescValue="SYS-700-001(PIO)"/>
	<Text TextId="T_INFO_SYS-700-001" Value="SYS-700-001 FnIO Modbus ProgrammableI/O Network Adapter " DescValue=""/>
  <!-- DI -->
  <Text TextId="T_ST1218" Value="ST-1218" DescValue="1218,24VDC,Sink,8DI"/>
	<Text TextId="T_INFO_ST1218" Value="ST-1218, 24VDC, Sink, 8DI" DescValue=""/>
  <Text TextId="T_ST121F" Value="ST-121F" DescValue="121F,24VDC,Sink,16DI"/>
	<Text TextId="T_INFO_ST121F" Value="ST-121F, 24VDC, Sink, 16DI" DescValue=""/>
  
	<!-- DO -->
  <Text TextId="T_ST2318" Value="ST-2318" DescValue="2318,24VDC,Sink,8DO"/>
  <Text TextId="T_INFO_ST2318" Value="ST-2318, 24VDC/0.5A, Sink, 8DO" DescValue=""/>
  <Text TextId="T_ST221F" Value="ST-221F" DescValue="221F,24VDC,Sink,16DO"/>
  <Text TextId="T_INFO_ST221F" Value="ST-221F, 24VDC/0.3A, Sink, 16DO" DescValue=""/>
  
	<!-- AI -->	
  <Text TextId="T_ST3708" Value="ST-3708" DescValue="3708,RTD,8AI"/>
	<Text TextId="T_INFO_ST3708" Value="ST-3708, RTD/Resistance, 8AI" DescValue=""/>
  <Text TextId="T_ST3218" Value="ST-3218" DescValue="3218,4~20mA,12bit,8AI"/>
	<Text TextId="T_INFO_ST3218" Value="ST-3218, 4~20mA, 12bit, 8AI" DescValue=""/>
  <Text TextId="T_ST3274" Value="ST-3274" DescValue="3274,4~20mA,12bit,4AI"/> 
	<Text TextId="T_INFO_ST3274" Value="ST-3274,4~20mA,12bit,4AI" DescValue=""/>
	
	<!-- AO -->	
  <Text TextId="T_ST4214" Value="ST-4214" DescValue="4214,4~20mA,12bit,4AO"/>
	<Text TextId="T_INFO_ST4214" Value="ST-4214, 4~20mA, 12bit, 4AO" DescValue=""/>
	
	<!-- Special -->
  <Text TextId="T_ST5114" Value="ST-5114" DescValue="5114,24VDC,HSC,Input,4Ch"/>
  <Text TextId="T_INFO_ST5114" Value="ST-5114, 24VDC, High Speed Counter Input, 4Ch" DescValue=""/>
  <Text TextId="T_ST5232" Value="ST-5232" DescValue="5232,RS485,Serial,2ch"/>
	<Text TextId="T_INFO_ST5232" Value="ST-5232, RS485, Serial Interface, 2Ch" DescValue=""/>
  
	<!-- Power -->	
	<!-- System -->	

	<!-- Product Group Type -->
	<Text TextId="SNA" Value="Network Adapter" DescValue=""/>	
	<Text TextId="SDI" Value="Digital Input" DescValue=""/>		
	<Text TextId="SDO" Value="Digital Output" DescValue=""/>		
	<Text TextId="SAI" Value="Analog Input" DescValue=""/>	
	<Text TextId="SAO" Value="Analog Output" DescValue=""/>	 
	<Text TextId="SPower" Value="Power Module" DescValue=""/>		
	<Text TextId="SSpecial" Value="Special Module" DescValue=""/>
	<Text TextId="SSystem" Value="System Module" DescValue=""/>
	<Text TextId="RNA" Value="R-Network Adapter" DescValue=""/>
	<Text TextId="RDI" Value="R-Digital Input" DescValue=""/>
	<Text TextId="RDO" Value="R-Digital Output" DescValue=""/>
	<Text TextId="RAI" Value="R-Analog Input" DescValue=""/>
	<Text TextId="RAO" Value="R-Analog Output" DescValue=""/>
	<Text TextId="RSpecial" Value="R-Special Module" DescValue=""/>
	<Text TextId="GNA" Value="G-Network Adapter" DescValue=""/>
	<Text TextId="GDI" Value="G-Digital Input" DescValue=""/>
	<Text TextId="GDO" Value="G-Digital Output" DescValue=""/>
	<Text TextId="GAI" Value="G-Analog Input" DescValue=""/>
	<Text TextId="GAO" Value="G-Analog Output" DescValue=""/>
	<Text TextId="GPower" Value="G-Power Module" DescValue=""/>	<!-- Lee dohoon -->	
	<Text TextId="GSpecial" Value="G-Special Module" DescValue=""/>
	
	<!-- IO Guide Constant -->
	<Text TextId="T_Folder_DefaultName" Value="Untitled Folder" DescValue=""/>	
	<Text TextId="T_HardwareVer" Value="Hardware Version" DescValue=""/>
	<Text TextId="T_MaxNodes" Value="Number of Maximum nodes" DescValue=""/>
	<Text TextId="T_InputMaxSize" Value="Input Max Size" DescValue=""/>
	<Text TextId="T_OutputMaxSize" Value="Output Max Size" DescValue=""/>
	<!--LDH0000 20140205 IO Maxsize add-->
	<Text TextId="T_IOMaxDataSize" Value="Max. DataSize(Inputsize+Outputsize)" DescValue=""/>
	<Text TextId="T_Dimension" Value="Dimension" DescValue=""/>
	<Text TextId="T_PowerDissipation" Value="Power Dissipation" DescValue=""/>
	<Text TextId="T_MaxPowerForIOs" Value="Max Power For IOs" DescValue=""/>
	<Text TextId="T_MaxExpansion" Value="Max Expansion" DescValue=""/>
	<Text TextId="T_SettableNodeAddrRange" Value="Settable Node Address" DescValue=""/>
	
	<Text TextId="T_CurrentForIOModule" Value="Current For IO Module" DescValue=""/>
	<Text TextId="T_FieldPowerRange" Value="Field Power Range" DescValue=""/>
	<Text TextId="T_INTEL" Value="Intel Type" DescValue=""/>
	<Text TextId="T_MOTOROLA" Value="Motorola Type" DescValue=""/>
	<Text TextId="T_Clear_FnBus_Run" Value="Clear FnBus Run" DescValue=""/>
	<Text TextId="T_Hold_FnBus_Run" Value="Hold FnBus Run" DescValue=""/>
	<Text TextId="T_Fault_Acttion" Value="Fault Action" DescValue=""/> 
	<Text TextId="T_DI" Value="Digital Input" DescValue=""/>
	<Text TextId="T_DO" Value="Digital Output" DescValue=""/>
	<Text TextId="T_AutoManual" Value="Auto/Manual" DescValue=""/>
	<Text TextId="T_AutoManual00" Value="Auto/Manual Ch 0" DescValue=""/>
	<Text TextId="T_AutoManual01" Value="Auto/Manual Ch 1" DescValue=""/>
	<Text TextId="T_ManualValue00" Value="Manual Ch 0" DescValue=""/>
	<Text TextId="T_ManualValue01" Value="Manual Ch 1" DescValue=""/>
	<Text TextId="T_AllowedInSlots" Value="Allowed In Slots" DescValue=""/>
	<Text TextId="T_FieldPower" Value="Field Power" DescValue=""/>
	<Text TextId="T_ONStateVoltage" Value="On-State Voltage" DescValue=""/>
	<Text TextId="T_MinOffStateVoltage" Value="Minimum Off State Voltage" DescValue=""/>
	<Text TextId="T_OnStateCurrent" Value="On-State Current" DescValue=""/>
	<Text TextId="T_OutputVoltageRange" Value="Output Voltage Range" DescValue=""/>
	<Text TextId="T_OutputCurrentRating" Value="Output Current Rating" DescValue=""/>
	<Text TextId="T_ONStateVoltageDrop" Value="On-State Voltage Drop" DescValue=""/>
	<Text TextId="T_HighLevelOutputVoltage" Value="High Level Output Voltage" DescValue=""/>
	<Text TextId="T_LowLevelOutputVoltage" Value="Low Level Output Voltage" DescValue=""/>
	<Text TextId="T_OutputCurrentRatingAc" Value="Output Current Rating(AC)" DescValue=""/>
	<Text TextId="T_OutputVoltageRangeAc" Value="Output Voltage Range(AC)" DescValue=""/>
	<Text TextId="T_RelayType" Value="Relay Type" DescValue=""/>
	<Text TextId="T_OutputRatingDc" Value="Output Rating(DC)" DescValue=""/>
	<Text TextId="T_OutputRatingAc" Value="Output Rating(AC)" DescValue=""/>
	<Text TextId="T_RatedLoadVol" Value="Rated Load Voltage" DescValue=""/>
	<Text TextId="T_FrequencyRange" Value="Frequency Range" DescValue=""/>
	<Text TextId="T_ConversionTime" Value="Conversion Time" DescValue=""/>
	<Text TextId="T_DataFormat" Value="Data Format" DescValue=""/>
	<Text TextId="T_DissolutionAbility" Value="Dissolution ability" DescValue=""/>
	<Text TextId="T_ResolutionRanges" Value="Resolution Ranges" DescValue=""/>
	<Text TextId="T_InputCurrentRange" Value="Input Current Range" DescValue=""/>
	<Text TextId="T_InputImpedance" Value="Input Impedance" DescValue=""/>
	<Text TextId="T_OutputCurrentRange" Value="Output Current Range" DescValue=""/>
	<Text TextId="T_LoadImpedance" Value="Load Impedance" DescValue=""/>
	<Text TextId="T_InputVoltage" Value="Input Voltage" DescValue=""/>
	<Text TextId="T_InputCutrrent" Value="Input Current" DescValue=""/>
	<Text TextId="T_InputOnStateCurrent" Value="Input On-State Current" DescValue=""/>
	<Text TextId="T_InputOnStateVoltage" Value="Input On-Sate Voltage" DescValue=""/>
	<Text TextId="T_OutnputOnStateCurrent" Value="Output On-State Current" DescValue=""/>
	<Text TextId="T_OutputOnStateVoltage" Value="Output On-State Voltage" DescValue=""/>
	<Text TextId="T_MaxOnStateVoltage" Value="Maximum On-State Voltage" DescValue=""/>
	<Text TextId="T_MaxInputFrequency" Value="Maximum Input Frequency" DescValue=""/>
	<Text TextId="T_DataBuffer" Value="Data Buffer" DescValue=""/>
	<Text TextId="T_RxdBuffer" Value="RxD Buffer" DescValue=""/>
	<Text TextId="T_TxdBuffer" Value="TxD Buffer" DescValue=""/>
	<Text TextId="T_InputImageSize" Value="Input Image Size" DescValue=""/>
	<Text TextId="T_OutputImageSize" Value="Output Image Size" DescValue=""/>
	<Text TextId="T_FieldPowerVoltage" Value="Field Power Voltage" DescValue=""/>
	<Text TextId="T_ContactCurrent" Value="Contract Current" DescValue=""/>
	<Text TextId="T_Indicators" Value="Indicators" DescValue=""/>
	<Text TextId="T_FnBusPowerContactor" Value="FnBus Power Contractor" DescValue=""/>
	<Text TextId="T_OperatingTemper" Value="Operating Temperature" DescValue=""/>
	<Text TextId="T_StorageTemper" Value="Storage Temperature" DescValue=""/>
	<Text TextId="T_SysInVolRange" Value="System Input Voltage Range" DescValue=""/>
	<Text TextId="T_SysPowInVol" Value="System Power Input Voltage" DescValue=""/>
	<Text TextId="T_FieldPowInVol" Value="Field Power Input Voltage" DescValue=""/>
	<Text TextId="T_FnBusOutVol" Value="FnBus Output Voltage" DescValue=""/>
	<Text TextId="T_GBusOutVol" Value="GBus Output Voltage" DescValue=""/> <!--Leedohoon-->
	<Text TextId="T_Notice" Value="Notice" DescValue=""/>
	<Text TextId="T_InputFrequency" Value="Input Frequency" DescValue=""/>
	<Text TextId="T_OutputCurrent" Value="Output Current" DescValue=""/>
	<Text TextId="T_NumberOfOutput" Value="Number of Output" DescValue=""/>
	<Text TextId="T_SSIDataRate" Value="SSI Data Rate" DescValue=""/>
	<Text TextId="T_SSIDataWidth" Value="SSI Data Width" DescValue=""/>
	<Text TextId="T_SSIDataDelayTime" Value="SSI Data Delay Time" DescValue=""/>
	<Text TextId="T_SSIDataCodeType" Value="SSI Data Code Type" DescValue=""/>
	<Text TextId="T_SSIInputVoltage" Value="SSI Differential Input Voltage Range" DescValue=""/>
	<Text TextId="T_SSIOutputVoltage" Value="SSI Differential Output Voltage Range" DescValue=""/>
	<Text TextId="T_PulseOutputFrequency" Value="Pulse Output Frequency" DescValue=""/>
	<Text TextId="T_PulseOutputDuty" Value="Pulse Output Duty" DescValue=""/>
	<Text TextId="T_PwmFrequency" Value="PWM Frequency" DescValue=""/>
	<Text TextId="T_PwmDuty" Value="PWM Duty" DescValue=""/>
	<Text TextId="T_Baudrate" Value="Baudrate" DescValue=""/>
	<Text TextId="T_BusSystem" Value="Bus System" DescValue=""/>
	<Text TextId="T_NetworkToLogic" Value="Network to Logic" DescValue=""/>
	<Text TextId="T_LogicToFieldPower" Value="Logic to Field Power" DescValue=""/>
	<Text TextId="T_LogicToSystemPower" Value="Logic to System Power" DescValue=""/>
  <!--RT-F100,F101,F110 IO Area add-->
  <Text TextId="T_CHIP_Count" Value="CHIP Count" DescValue=""/>
  <Text TextId="T_TRIG_Count" Value="TRIG Count" DescValue=""/>
  <Text TextId="T_Result_OK_Count" Value="Result OK Count" DescValue=""/>
  <Text TextId="T_Result_NG1_Count" Value="Result NG1 Count" DescValue=""/>
  <Text TextId="T_Result_NG2_Count" Value="Result NG2 Count" DescValue=""/>
  <Text TextId="T_Result_RETEST_Count" Value="Result RETEST Count" DescValue=""/>
  <Text TextId="T_ENC_Counter" Value="ENC Count" DescValue=""/>
  <Text TextId="T_LAST_CHIP_POS" Value="LAST CHIP POS" DescValue=""/>
  <Text TextId="T_LAST_CHIP_SIZE" Value="LAST CHIP SIZE" DescValue=""/>
  <Text TextId="T_SYS_ALARM" Value="SYS ALARM" DescValue=""/>
  <Text TextId="T_PROC_RESULT" Value="PROC RESULT" DescValue=""/>
  <Text TextId="T_Mode" Value="Mode" DescValue=""/>
  <Text TextId="T_INV" Value="INV" DescValue=""/>
  <Text TextId="T_POS_OFFSET" Value="POS OFFSET" DescValue=""/>
  <Text TextId="T_CHIP_SIZE_MAX" Value="CHIP SIZE MAX" DescValue=""/>
  <Text TextId="T_CHIP_SIZE_MIN" Value="CHIP SIZE MIN" DescValue=""/>
  <Text TextId="T_CHIP_BLANK_MIN" Value="CHIP BLANK MIN" DescValue=""/>
  <Text TextId="T_CHIP_SIZE" Value="CHIP SIZE" DescValue=""/>
  <Text TextId="T_TRIG_OUT_SIZE" Value="TRIG OUT SIZE" DescValue=""/>
  <!--RT-F200 IO Area add-->
  <Text TextId="T_Total_Chip_Count" Value="Total Chip Count" DescValue=""/>
  <Text TextId="T_Effective_Chip_Count" Value="Effective Chip Count" DescValue=""/>
  <Text TextId="T_TRIG_OUT_Count" Value="TRIG OUT Count" DescValue=""/>
  <Text TextId="T_info_result_time" Value="info result time" DescValue=""/>
  <Text TextId="T_info_lastErr_resultCount" Value="info lastErr_resultCount" DescValue=""/>
  <Text TextId="T_info_sv_result" Value="info sv result" DescValue=""/>
  <Text TextId="T_ENC_COUNTER" Value="ENC_COUNTER" DescValue=""/>
  <Text TextId="T_SYS_CONTROL" Value="SYS CONTROL" DescValue=""/>
  <Text TextId="T_SYS_MODE" Value="SYS MODE" DescValue=""/>
  <Text TextId="T_CAM_END_MODULE_ID" Value="CAM END MODULE ID" DescValue=""/>
  <Text TextId="T_POS_OFFSET" Value="POS OFFSET" DescValue=""/>
  <Text TextId="T_TRIG_OUTx_DELAY" Value="TRIG OUTx DELAY" DescValue=""/>
  <Text TextId="T_ALARM_MASK" Value="ALARM MASK" DescValue=""/>
  <Text TextId="T_TRIG_INTV_MIN" Value="TRIG INTV MIN" DescValue=""/>
  <Text TextId="T_RESULT_HOLD_TIME" Value="RESULT HOLD TIME" DescValue=""/>
  <Text TextId="T_RESULT_INFO_0" Value="RESULT INFO 0" DescValue=""/>
  <Text TextId="T_RESULT_INFO_1" Value="RESULT INFO 1" DescValue=""/>
  <Text TextId="T_RESULT_INFO_2" Value="RESULT INFO 2" DescValue=""/>
  <Text TextId="T_RESULT_INFO_3" Value="RESULT INFO 3" DescValue=""/>
  <Text TextId="T_RESULT_INFO_4" Value="RESULT INFO 4" DescValue=""/>
  <Text TextId="T_RESULT_INFO_5" Value="RESULT INFO 5" DescValue=""/>
  <Text TextId="T_RESULT_INFO_6" Value="RESULT INFO 6" DescValue=""/>
  <Text TextId="T_RESULT_INFO_7" Value="RESULT INFO 7" DescValue=""/>
  <Text TextId="T_RESULT_INFO_8" Value="RESULT INFO 8" DescValue=""/>
  <Text TextId="T_RESULT_INFO_9" Value="RESULT INFO 9" DescValue=""/>
  <Text TextId="T_RESULT_INFO_10" Value="RESULT INFO 10" DescValue=""/>
  <Text TextId="T_RESULT_INFO_11" Value="RESULT INFO 11" DescValue=""/>
  <Text TextId="T_RESULT_INFO_12" Value="RESULT INFO 12" DescValue=""/>
  <Text TextId="T_RESULT_INFO_13" Value="RESULT INFO 13" DescValue=""/>
  <Text TextId="T_RESULT_INFO_14" Value="RESULT INFO 14" DescValue=""/>
  <Text TextId="T_RESULT_INFO_15" Value="RESULT INFO 15" DescValue=""/>
  
  <!-- IO Parameters -->
	<Text TextId="T_Safe" Value="Fault value" DescValue=""/>
	<Text TextId="T_HoldLastState" Value="Hold Last State" DescValue=""/>
	<Text TextId="T_OFF" Value="OFF" DescValue=""/>
	<Text TextId="T_ON" Value="ON" DescValue=""/>
	<Text TextId="T_PT100" Value="PT100" DescValue=""/>
	<Text TextId="T_PT200" Value="PT200" DescValue=""/>
	<Text TextId="T_PT500" Value="PT500" DescValue=""/>
	<Text TextId="T_PT1000" Value="PT1000" DescValue=""/>
	<Text TextId="T_PT50" Value="PT50" DescValue=""/>
  <Text TextId="T_PPT100" Value="PPT100_H/W(Rev2.xx)only" DescValue=""/>
	<Text TextId="T_JPT100" Value="JPT100" DescValue=""/>
	<Text TextId="T_JPT200" Value="JPT200" DescValue=""/>
	<Text TextId="T_JPT500" Value="JPT500" DescValue=""/>
	<Text TextId="T_JPT1000" Value="JPT1000" DescValue=""/>
	<Text TextId="T_NI100" Value="NI100" DescValue=""/>
	<Text TextId="T_NI200" Value="NI200" DescValue=""/>
	<Text TextId="T_NI500" Value="NI500" DescValue=""/>
	<Text TextId="T_NI1000" Value="NI1000" DescValue=""/>
	<Text TextId="T_NI120" Value="NI120" DescValue=""/>
	<Text TextId="T_CU10" Value="CU10" DescValue=""/>
	<!--LDH0000 RT3704 Parameter SensorType 추가-->
	<Text TextId="T_NI100LG" Value="NI100LG" DescValue=""/>
	<Text TextId="T_NI200LG" Value="NI200LG" DescValue=""/>
	<Text TextId="T_NI500LG" Value="NI500LG" DescValue=""/>
	<!--========================================-->
	<Text TextId="T_NI1000LG" Value="NI1000LG" DescValue=""/>
	<Text TextId="T_JPT50" Value="JPT50" DescValue=""/>
	<!--LDH0000 ST3702 센서 추가-->
	<Text TextId="T_NI1000,BALCO" Value="NI1000,BALCO" DescValue=""/>

	<!--LDH0000 20140228 AnalogMode Parameter Add-->
	<Text TextId="T_AnalogRange_Ch0" Value="AnalogRange_Ch0" DescValue=""/>
	<Text TextId="T_AnalogRange_Ch1" Value="AnalogRange_Ch1" DescValue=""/>
	<Text TextId="T_AnalogRange_Ch2" Value="AnalogRange_Ch2" DescValue=""/>
	<Text TextId="T_AnalogRange_Ch3" Value="AnalogRange_Ch3" DescValue=""/>
	<Text TextId="T_AnalogRange_Ch4" Value="AnalogRange_Ch4" DescValue=""/>
	<Text TextId="T_AnalogRange_Ch5" Value="AnalogRange_Ch5" DescValue=""/>
	<Text TextId="T_AnalogRange_Ch6" Value="AnalogRange_Ch6" DescValue=""/>
	<Text TextId="T_AnalogRange_Ch7" Value="AnalogRange_Ch7" DescValue=""/>
	<Text TextId="T_AnalogRange_Ch8" Value="AnalogRange_Ch8" DescValue=""/><!--LGW0000 20160922 channel8~15 Add-->
	<Text TextId="T_AnalogRange_Ch9" Value="AnalogRange_Ch9" DescValue=""/>
	<Text TextId="T_AnalogRange_Ch10" Value="AnalogRange_Ch10" DescValue=""/>
	<Text TextId="T_AnalogRange_Ch11" Value="AnalogRange_Ch11" DescValue=""/>
	<Text TextId="T_AnalogRange_Ch12" Value="AnalogRange_Ch12" DescValue=""/>
	<Text TextId="T_AnalogRange_Ch13" Value="AnalogRange_Ch13" DescValue=""/>
	<Text TextId="T_AnalogRange_Ch14" Value="AnalogRange_Ch14" DescValue=""/>
	<Text TextId="T_AnalogRange_Ch15" Value="AnalogRange_Ch15" DescValue=""/>
	<Text TextId="T_Reserved" Value="Reserved" DescValue=""/>
	<Text TextId="T_Firmwarefilter" Value="Firmwarefilter" DescValue=""/>

	<Text TextId="T_0~20mA" Value="0~20mA" DescValue=""/>
	<Text TextId="T_4~20mA" Value="4~20mA" DescValue=""/>
	<Text TextId="T_-20~20mA" Value="-20~20mA" DescValue=""/>
	<Text TextId="T_0~10V" Value="0~10V" DescValue=""/>
	<Text TextId="T_0~5V" Value="0~5V" DescValue=""/>
	<Text TextId="T_1~5V" Value="1~5V" DescValue=""/>
	<Text TextId="T_-10~10V" Value="-10~10V" DescValue=""/>
	<Text TextId="T_-5~5V" Value="-5~5V" DescValue=""/>
  
	<Text TextId="T_1to2000ohm" Value="Resistance 0.1ohm 1~2000ohm" DescValue=""/>
	<Text TextId="T_1to327ohm" Value="Resistance 0.01ohm 1~327ohm" DescValue=""/>
	<Text TextId="T_1to620ohm" Value="Resistance 0.02ohm 1~620ohm" DescValue=""/>
	<Text TextId="T_1to1200ohm" Value="Resistance 0.05ohm 1~1200ohm" DescValue=""/>
	<Text TextId="T_Celsius" Value="Celsius" DescValue=""/>
	<Text TextId="T_Fahrenheit" Value="Fahrenheit" DescValue=""/>
	<Text TextId="T_VeryHighResolution" Value="Scale (x10)" DescValue=""/>
	<Text TextId="T_HighResolution" Value="Scale (x1)" DescValue=""/>
	<Text TextId="T_LowResolution" Value="Scale (x0.1)" DescValue=""/>
  <Text TextId="T_DoubleVeryHighResolution" Value="Scale (x100)_only PPT100" DescValue=""/>
  
	<Text TextId="T_NormalFilter" Value="Normal Filter" DescValue=""/>
	<Text TextId="T_EnhancedFilter" Value="Enhanced Filter" DescValue=""/>
	<Text TextId="T_TypeK" Value="Type K" DescValue=""/>
	<Text TextId="T_TypeJ" Value="Type J" DescValue=""/>
	<Text TextId="T_TypeT" Value="Type T" DescValue=""/>
	<Text TextId="T_TypeB" Value="Type B" DescValue=""/>
	<Text TextId="T_TypeR" Value="Type R" DescValue=""/>
	<Text TextId="T_TypeS" Value="Type S" DescValue=""/>
	<Text TextId="T_TypeE" Value="Type E" DescValue=""/>
	<Text TextId="T_TypeN" Value="Type N" DescValue=""/>
	<Text TextId="T_TypeL" Value="Type L" DescValue=""/>
	<Text TextId="T_TypeU" Value="Type U" DescValue=""/>
	<Text TextId="T_TypeC" Value="Type C" DescValue=""/>
	<Text TextId="T_TypeD" Value="Type D" DescValue=""/>
	<Text TextId="T_10uVCnt" Value="-78.0~78.0mV 10uV/count" DescValue=""/>
	<Text TextId="T_1uVCnt" Value="-32.7~32.7mV 1uV/count" DescValue=""/>
	<Text TextId="T_2uVCnt" Value="-65.5~65.5mV 2uV/count" DescValue=""/>
	<Text TextId="T_CJCompensation" Value="Cold Junction Compensation" DescValue=""/>
	<Text TextId="T_DisCompensation" Value="Disable Compensation" DescValue=""/>
	<Text TextId="T_FaultValue" Value="Fault Value" DescValue=""/>
	<Text TextId="T_Lowlimit" Value="Low limit" DescValue=""/>
	<Text TextId="T_Highlimit" Value="High limit" DescValue=""/>
	<Text TextId="T_300bps" Value="300bps" DescValue=""/>
	<Text TextId="T_1200bps" Value="1200bps" DescValue=""/>
	<Text TextId="T_2400bps" Value="2400bps" DescValue=""/>
	<Text TextId="T_4800bps" Value="4800bps" DescValue=""/>
	<Text TextId="T_9600bps" Value="9600bps" DescValue=""/>
	<Text TextId="T_19200bps" Value="19200bps" DescValue=""/>
	<Text TextId="T_38400bps" Value="38400bps" DescValue=""/>
	<Text TextId="T_57600bps" Value="57600bps" DescValue=""/>
	<Text TextId="T_115200bps" Value="115200bps" DescValue=""/>
	<Text TextId="T_7DataBit" Value="7 Data bit" DescValue=""/>
	<Text TextId="T_8DataBit" Value="8 Data bit" DescValue=""/>
	<Text TextId="T_9DataBit" Value="9 Data bit" DescValue=""/>
	<Text TextId="T_NoParity" Value="No Parity" DescValue=""/>
	<Text TextId="T_OddParity" Value="Odd Parity" DescValue=""/>
	<Text TextId="T_EvenParity" Value="Even Parity" DescValue=""/>
	<Text TextId="T_1StopBit" Value="1 bit" DescValue=""/>
	<Text TextId="T_2StopBit" Value="2 bit" DescValue=""/>
	<Text TextId="T_Disable" Value="Disable" DescValue=""/>
	<Text TextId="T_Enable" Value="Enable" DescValue=""/>
	<Text TextId="T_FlowCtrlDisable" Value="RTS,CTS Disable" DescValue=""/>
	<Text TextId="T_FlowCtrlRTS" Value="RTS Enable" DescValue=""/>
	<Text TextId="T_FlowCtrlCTS" Value="CTS Enable" DescValue=""/>
	<Text TextId="T_FlowCtrlRTSCTS" Value="RTS,CTS Enable" DescValue=""/>
	<Text TextId="T_CntDisable" Value="Counter Disable" DescValue=""/>
	<Text TextId="T_1PulseMode" Value="1 Pulse Mode" DescValue=""/>
	<Text TextId="T_2PulseMode" Value="2 Pulse Mode" DescValue=""/>
	<Text TextId="T_1Encoder" Value="Encoder x1" DescValue=""/>
	<Text TextId="T_2Encoder" Value="Encoder x2" DescValue=""/>
	<Text TextId="T_4Encoder" Value="Encoder x4" DescValue=""/>
	<Text TextId="T_PeriodRateMode" Value="Period/Rate Mode" DescValue=""/>
	<Text TextId="T_PwmMode" Value="PWM Output Mode" DescValue=""/>
	<Text TextId="T_GateDisable" Value="Gate Function Disable" DescValue=""/>
	<Text TextId="T_StoreContinue" Value="Store/Continue" DescValue=""/>
	<Text TextId="T_StoreResume" Value="Store/Wait/Resume" DescValue=""/>
	<Text TextId="T_StoreStart" Value="Store-Reset/Wait/Start" DescValue=""/>
	<Text TextId="T_StoreReset" Value="Store-Reset/Start" DescValue=""/>
	<Text TextId="T_FilterBypass" Value="Bypass" DescValue="Bypass"/>
	<Text TextId="T_Filter1us" Value="1usec" DescValue="1usec"/>
	<Text TextId="T_Filter5us" Value="5usec" DescValue=""/>
	<Text TextId="T_Filter10us" Value="10usec" DescValue=""/>
	<Text TextId="T_Filter50us" Value="50usec" DescValue=""/>
	<Text TextId="T_Filter100us" Value="100usec" DescValue=""/>
	<Text TextId="T_Filter500us" Value="500usec" DescValue=""/>
	<Text TextId="T_Filter1ms" Value="1msec" DescValue=""/>
	<Text TextId="T_Filter5ms" Value="5msec" DescValue=""/>
	<Text TextId="T_Filter10ms" Value="10msec" DescValue=""/>
	<Text TextId="T_GateSmple01us" Value="0.1usec" DescValue=""/>
	<Text TextId="T_GateSmple02us" Value="0.2usec" DescValue=""/>
	<Text TextId="T_GateSmple04us" Value="0.4usec" DescValue=""/>
	<Text TextId="T_GateSmple08us" Value="0.8usec" DescValue=""/>
	<Text TextId="T_GateSmple16us" Value="1.6usec" DescValue=""/>
	<Text TextId="T_GateSmple32us" Value="3.2usec" DescValue=""/>
	<Text TextId="T_GateSmple64us" Value="6.4usec" DescValue=""/>
	<Text TextId="T_GateSmple128us" Value="12.8usec" DescValue=""/>
	
	<Text TextId="T_Module parameters" Value="Module parameters" DescValue=""/>
	<Text TextId="T_REF_Fault_Action_ch0" Value="IO Fault Action Channel 0" DescValue=""/>
	<Text TextId="T_REF_Fault_Action_ch1" Value="IO Fault Action Channel 1" DescValue=""/>
	<Text TextId="T_REF_Fault_Action_ch2" Value="IO Fault Action Channel 2" DescValue=""/>
	<Text TextId="T_REF_Fault_Action_ch3" Value="IO Fault Action Channel 3" DescValue=""/>
	<Text TextId="T_REF_Fault_Action_ch4" Value="IO Fault Action Channel 4" DescValue=""/>
	<Text TextId="T_REF_Fault_Action_ch5" Value="IO Fault Action Channel 5" DescValue=""/>
	<Text TextId="T_REF_Fault_Action_ch6" Value="IO Fault Action Channel 6" DescValue=""/>
	<Text TextId="T_REF_Fault_Action_ch7" Value="IO Fault Action Channel 7" DescValue=""/>
	<Text TextId="T_REF_Fault_Action_ch8" Value="IO Fault Action Channel 8" DescValue=""/>
	<Text TextId="T_REF_Fault_Action_ch9" Value="IO Fault Action Channel 9" DescValue=""/>
	<Text TextId="T_REF_Fault_Action_ch10" Value="IO Fault Action Channel 10" DescValue=""/>
	<Text TextId="T_REF_Fault_Action_ch11" Value="IO Fault Action Channel 11" DescValue=""/>
	<Text TextId="T_REF_Fault_Action_ch12" Value="IO Fault Action Channel 12" DescValue=""/>
	<Text TextId="T_REF_Fault_Action_ch13" Value="IO Fault Action Channel 13" DescValue=""/>
	<Text TextId="T_REF_Fault_Action_ch14" Value="IO Fault Action Channel 14" DescValue=""/>
	<Text TextId="T_REF_Fault_Action_ch15" Value="IO Fault Action Channel 15" DescValue=""/>
	<Text TextId="T_REF_Fault_Action_ch16" Value="IO Fault Action Channel 16" DescValue=""/>
	<Text TextId="T_REF_Fault_Action_ch17" Value="IO Fault Action Channel 17" DescValue=""/>
	<Text TextId="T_REF_Fault_Action_ch18" Value="IO Fault Action Channel 18" DescValue=""/>
	<Text TextId="T_REF_Fault_Action_ch19" Value="IO Fault Action Channel 19" DescValue=""/>
	<Text TextId="T_REF_Fault_Action_ch20" Value="IO Fault Action Channel 20" DescValue=""/>
	<Text TextId="T_REF_Fault_Action_ch21" Value="IO Fault Action Channel 21" DescValue=""/>
	<Text TextId="T_REF_Fault_Action_ch22" Value="IO Fault Action Channel 22" DescValue=""/>
	<Text TextId="T_REF_Fault_Action_ch23" Value="IO Fault Action Channel 23" DescValue=""/>
	<Text TextId="T_REF_Fault_Action_ch24" Value="IO Fault Action Channel 24" DescValue=""/>
	<Text TextId="T_REF_Fault_Action_ch25" Value="IO Fault Action Channel 25" DescValue=""/>
	<Text TextId="T_REF_Fault_Action_ch26" Value="IO Fault Action Channel 26" DescValue=""/>
	<Text TextId="T_REF_Fault_Action_ch27" Value="IO Fault Action Channel 27" DescValue=""/>
	<Text TextId="T_REF_Fault_Action_ch28" Value="IO Fault Action Channel 28" DescValue=""/>
	<Text TextId="T_REF_Fault_Action_ch29" Value="IO Fault Action Channel 29" DescValue=""/>
	<Text TextId="T_REF_Fault_Action_ch30" Value="IO Fault Action Channel 30" DescValue=""/>
	<Text TextId="T_REF_Fault_Action_ch31" Value="IO Fault Action Channel 31" DescValue=""/>
	<Text TextId="T_REF_SubstituteValue_ch0" Value="IO Fault Value Channel 0" DescValue=""/>
	<Text TextId="T_REF_SubstituteValue_ch1" Value="IO Fault Value Channel 1" DescValue=""/>
	<Text TextId="T_REF_SubstituteValue_ch2" Value="IO Fault Value Channel 2" DescValue=""/>
	<Text TextId="T_REF_SubstituteValue_ch3" Value="IO Fault Value Channel 3" DescValue=""/>
	<Text TextId="T_REF_SubstituteValue_ch4" Value="IO Fault Value Channel 4" DescValue=""/>
	<Text TextId="T_REF_SubstituteValue_ch5" Value="IO Fault Value Channel 5" DescValue=""/>
	<Text TextId="T_REF_SubstituteValue_ch6" Value="IO Fault Value Channel 6" DescValue=""/>
	<Text TextId="T_REF_SubstituteValue_ch7" Value="IO Fault Value Channel 7" DescValue=""/>
	<Text TextId="T_REF_SubstituteValue_ch8" Value="IO Fault Value Channel 8" DescValue=""/>
	<Text TextId="T_REF_SubstituteValue_ch9" Value="IO Fault Value Channel 9" DescValue=""/>
	<Text TextId="T_REF_SubstituteValue_ch10" Value="IO Fault Value Channel 10" DescValue=""/>
	<Text TextId="T_REF_SubstituteValue_ch11" Value="IO Fault Value Channel 11" DescValue=""/>
	<Text TextId="T_REF_SubstituteValue_ch12" Value="IO Fault Value Channel 12" DescValue=""/>
	<Text TextId="T_REF_SubstituteValue_ch13" Value="IO Fault Value Channel 13" DescValue=""/>
	<Text TextId="T_REF_SubstituteValue_ch14" Value="IO Fault Value Channel 14" DescValue=""/>
	<Text TextId="T_REF_SubstituteValue_ch15" Value="IO Fault Value Channel 15" DescValue=""/>
	<Text TextId="T_REF_SubstituteValue_ch16" Value="IO Fault Value Channel 16" DescValue=""/>
	<Text TextId="T_REF_SubstituteValue_ch17" Value="IO Fault Value Channel 17" DescValue=""/>
	<Text TextId="T_REF_SubstituteValue_ch18" Value="IO Fault Value Channel 18" DescValue=""/>
	<Text TextId="T_REF_SubstituteValue_ch19" Value="IO Fault Value Channel 19" DescValue=""/>
	<Text TextId="T_REF_SubstituteValue_ch20" Value="IO Fault Value Channel 20" DescValue=""/>
	<Text TextId="T_REF_SubstituteValue_ch21" Value="IO Fault Value Channel 21" DescValue=""/>
	<Text TextId="T_REF_SubstituteValue_ch22" Value="IO Fault Value Channel 22" DescValue=""/>
	<Text TextId="T_REF_SubstituteValue_ch23" Value="IO Fault Value Channel 23" DescValue=""/>
	<Text TextId="T_REF_SubstituteValue_ch24" Value="IO Fault Value Channel 24" DescValue=""/>
	<Text TextId="T_REF_SubstituteValue_ch25" Value="IO Fault Value Channel 25" DescValue=""/>
	<Text TextId="T_REF_SubstituteValue_ch26" Value="IO Fault Value Channel 26" DescValue=""/>
	<Text TextId="T_REF_SubstituteValue_ch27" Value="IO Fault Value Channel 27" DescValue=""/>
	<Text TextId="T_REF_SubstituteValue_ch28" Value="IO Fault Value Channel 28" DescValue=""/>
	<Text TextId="T_REF_SubstituteValue_ch29" Value="IO Fault Value Channel 29" DescValue=""/>
	<Text TextId="T_REF_SubstituteValue_ch30" Value="IO Fault Value Channel 30" DescValue=""/>
	<Text TextId="T_REF_SubstituteValue_ch31" Value="IO Fault Value Channel 31" DescValue=""/>

  <!--LDH0000 20170518 3704,3708 parameter add-->
  <Text TextId="T_CH0_Offset_Value" Value="CH0 Offset Value" DescValue=""/>
  <Text TextId="T_CH1_Offset_Value" Value="CH1 Offset Value" DescValue=""/>
  <Text TextId="T_CH2_Offset_Value" Value="CH2 Offset Value" DescValue=""/>
  <Text TextId="T_CH3_Offset_Value" Value="CH3 Offset Value" DescValue=""/>
  <Text TextId="T_CH4_Offset_Value" Value="CH4 Offset Value" DescValue=""/>
  <Text TextId="T_CH5_Offset_Value" Value="CH5 Offset Value" DescValue=""/>
  <Text TextId="T_CH6_Offset_Value" Value="CH6 Offset Value" DescValue=""/>
  <Text TextId="T_CH7_Offset_Value" Value="CH7 Offset Value" DescValue=""/>

  <!--LDH0000 20151006 ST-3802 Parameter ADD Cold Junction temperature Offset Data -->
	<Text TextId="T_REF_MODBUS_NodeID" Value="MODBUS_NodeID" DescValue=""/>
  
	<!--LDH0000 20140113 RT9273(InterfaceModule) Add Parameter Name-->
	<Text TextId="T_REF_MODBUS_NodeID" Value="MODBUS_NodeID" DescValue=""/>
	<Text TextId="T_REF_Baudrate" Value="Baudrate" DescValue=""/>
	<Text TextId="T_RTUorASCII" Value="RTUorASCII" DescValue=""/>
	<Text TextId="T_InputStartAddr_High" Value="InputStartAddr_High" DescValue=""/>
	<Text TextId="T_InputStartAddr_Low" Value="InputStartAddr_Low" DescValue=""/>
	<Text TextId="T_OutputStartAddr_High" Value="OutputStartAddr_High" DescValue=""/>
	<Text TextId="T_OutputStartAddr_Low" Value="OutputStartAddr_Low" DescValue=""/>
	<Text TextId="T_InputSize" Value="InputSize" DescValue=""/>
	<Text TextId="T_OutputSize" Value="OutputSize" DescValue=""/>

	<Text TextId="T_RTU" Value="RTU" DescValue="RTU"/>
	<Text TextId="T_ASCII" Value="ASCII" DescValue="ASCII"/>
	<Text TextId="T_DontCare" Value="DC" DescValue=""/>
	<!--============================================================================-->
	<!--LDH0000 20140113 RT9261(InterfaceModule) Add Parameter Name-->
	<Text TextId="T_REF_Byte0_Control" Value="Control" DescValue=""/>
	<Text TextId="T_REF_Byte1_DontCare" Value="DontCare" DescValue=""/>
	<Text TextId="T_REF_Byte2_DontCare" Value="DontCare" DescValue=""/>
	<Text TextId="T_REF_Byte3_Baudrate" Value="Baudrate" DescValue=""/>
	<Text TextId="T_REF_Byte4_COBID_Low" Value="COBID_Low" DescValue=""/>
	<Text TextId="T_REF_Byte5_COBID_High" Value="COBID_High" DescValue=""/>
	<Text TextId="T_REF_Byte6_DontCare" Value="DontCare" DescValue=""/>
	<Text TextId="T_REF_Byte7_Length" Value="Length" DescValue=""/>
	<Text TextId="T_REF_Byte8_OutputData#0" Value="OutputData#0" DescValue=""/>
	<Text TextId="T_REF_Byte9_OutputData#1" Value="OutputData#1" DescValue=""/>
	<Text TextId="T_REF_Byte10_OutputData#2" Value="OutputData#2" DescValue=""/>
	<Text TextId="T_REF_Byte11_OutputData#3" Value="OutputData#3" DescValue=""/>
	<Text TextId="T_REF_Byte12_OutputData#4" Value="OutputData#4" DescValue=""/>
	<Text TextId="T_REF_Byte13_OutputData#5" Value="OutputData#5" DescValue=""/>
	<Text TextId="T_REF_Byte14_OutputData#6" Value="OutputData#6" DescValue=""/>
	<Text TextId="T_REF_Byte15_OutputData#7" Value="OutputData#7" DescValue=""/>

	<Text TextId="T_REF_Byte0_Status" Value="Status" DescValue=""/>
	<Text TextId="T_REF_Byte3_ErrorCode" Value="ErrorCode" DescValue=""/>
	<Text TextId="T_REF_Byte6_QueueStack" Value="QueueStack" DescValue=""/>
	<Text TextId="T_REF_Byte8_InputData#0" Value="InputData#0" DescValue=""/>
	<Text TextId="T_REF_Byte9_InputData#1" Value="InputData#1" DescValue=""/>
	<Text TextId="T_REF_Byte10_InputData#2" Value="InputData#2" DescValue=""/>
	<Text TextId="T_REF_Byte11_InputData#3" Value="InputData#3" DescValue=""/>
	<Text TextId="T_REF_Byte12_InputData#4" Value="InputData#4" DescValue=""/>
	<Text TextId="T_REF_Byte13_InputData#5" Value="InputData#5" DescValue=""/>
	<Text TextId="T_REF_Byte14_InputData#6" Value="InputData#6" DescValue=""/>
	<Text TextId="T_REF_Byte15_InputData#7" Value="InputData#7" DescValue=""/>
	<!--============================================================================-->

	<!--LDH0000 20140113 RT9261(InterfaceModule) Add Parameter Name-->
	<Text TextId="T_REF_Byte0_NodeID" Value="NodeID" DescValue=""/>
	<Text TextId="T_REF_Byte1_NodeID" Value="NodeID" DescValue=""/>
	<Text TextId="T_REF_Byte2_NodeID" Value="NodeID" DescValue=""/>
	<Text TextId="T_REF_Byte3_NodeID" Value="NodeID" DescValue=""/>
	<Text TextId="T_REF_Byte4_NodeID" Value="NodeID" DescValue=""/>
	<Text TextId="T_REF_Byte5_NodeID" Value="NodeID" DescValue=""/>
	<Text TextId="T_REF_Byte6_NodeID" Value="NodeID" DescValue=""/>
	<Text TextId="T_REF_Byte7_NodeID" Value="NodeID" DescValue=""/>
	<Text TextId="T_REF_Byte8_NodeID" Value="NodeID" DescValue=""/>
	<Text TextId="T_REF_Byte9_NodeID" Value="NodeID" DescValue=""/>
	<Text TextId="T_REF_Byte10_NodeID" Value="NodeID" DescValue=""/>
	<Text TextId="T_REF_Byte11_NodeID" Value="NodeID" DescValue=""/>
	<Text TextId="T_REF_Byte12_NodeID" Value="NodeID" DescValue=""/>
	<Text TextId="T_REF_Byte13_NodeID" Value="NodeID" DescValue=""/>
	<Text TextId="T_REF_Byte14_NodeID" Value="NodeID" DescValue=""/>
	<Text TextId="T_REF_Byte15_NodeID" Value="NodeID" DescValue=""/>
	<Text TextId="T_REF_Byte16_NodeID" Value="NodeID" DescValue=""/>
	<!--============================================================================--> 
	<Text TextId="T_AI_Data_00" Value="Analog Input Channel 0" DescValue=""/>
	<Text TextId="T_AI_Data_01" Value="Analog Input Channel 1" DescValue=""/>
	<Text TextId="T_AI_Data_02" Value="Analog Input Channel 2" DescValue=""/>
	<Text TextId="T_AI_Data_03" Value="Analog Input Channel 3" DescValue=""/>
	<Text TextId="T_AI_Data_04" Value="Analog Input Channel 4" DescValue=""/>
	<Text TextId="T_AI_Data_05" Value="Analog Input Channel 5" DescValue=""/>
	<Text TextId="T_AI_Data_06" Value="Analog Input Channel 6" DescValue=""/>
	<Text TextId="T_AI_Data_07" Value="Analog Input Channel 7" DescValue=""/>
	<Text TextId="T_AI_Data_08" Value="Analog Input Channel 8" DescValue=""/><!--LGW0000 20160922 channel8~15 Add-->
	<Text TextId="T_AI_Data_09" Value="Analog Input Channel 9" DescValue=""/>
	<Text TextId="T_AI_Data_10" Value="Analog Input Channel 10" DescValue=""/>
	<Text TextId="T_AI_Data_11" Value="Analog Input Channel 11" DescValue=""/>
	<Text TextId="T_AI_Data_12" Value="Analog Input Channel 12" DescValue=""/>
	<Text TextId="T_AI_Data_13" Value="Analog Input Channel 13" DescValue=""/>
	<Text TextId="T_AI_Data_14" Value="Analog Input Channel 14" DescValue=""/>
	<Text TextId="T_AI_Data_15" Value="Analog Input Channel 15" DescValue=""/>

  <!--LDH0000 3814,3834*************************************************************************-->
  <Text TextId="T_TEMP_InData_00_01" Value="Ch0,Ch1. Status" DescValue=""/>
  <Text TextId="T_TEMP_InData_02_03" Value="Ch2,Ch3 Status" DescValue=""/>
  <Text TextId="T_TEMP_InData_00" Value="Ch2. Status" DescValue=""/>
  <Text TextId="T_TEMP_InData_01" Value="Ch2. Status" DescValue=""/>
  <Text TextId="T_TEMP_InData_02" Value="Ch2. Status" DescValue=""/>
  <Text TextId="T_TEMP_InData_03" Value="Ch3. Status" DescValue=""/>
  <Text TextId="T_TEMP_InData_04" Value="Ch0. Measured Temperature" DescValue=""/>
  <Text TextId="T_TEMP_InData_05" Value="Ch1. Measured Temperature" DescValue=""/>
  <Text TextId="T_TEMP_InData_06" Value="Ch2. Measured Temperature" DescValue=""/>
  <Text TextId="T_TEMP_InData_07" Value="Ch3. Measured Temperature" DescValue=""/>
  <Text TextId="T_TEMP_InData_08" Value="Ch0. Desired Temperature" DescValue=""/>
  <Text TextId="T_TEMP_InData_09" Value="Ch1. Desired Temperature" DescValue=""/>
  <Text TextId="T_TEMP_InData_10" Value="Ch2. Desired Temperature" DescValue=""/>
  <Text TextId="T_TEMP_InData_11" Value="Ch3. Desired Temperature" DescValue=""/>
  <Text TextId="T_TEMP_OutData_00" Value="Ch0 Command" DescValue=""/>
  <Text TextId="T_TEMP_OutData_01" Value="Ch1 Command" DescValue=""/>
  <Text TextId="T_TEMP_OutData_02" Value="Ch2 Command" DescValue=""/>
  <Text TextId="T_TEMP_OutData_03" Value="Ch3 Command" DescValue=""/>
  <Text TextId="T_TEMP_OutData_04" Value="Ch0 Value_L" DescValue=""/>
  <Text TextId="T_TEMP_OutData_05" Value="Ch0 Value_H" DescValue=""/>
  <Text TextId="T_TEMP_OutData_06" Value="Ch1 Value_L" DescValue=""/>
  <Text TextId="T_TEMP_OutData_07" Value="Ch1 Value_H" DescValue=""/>
  <Text TextId="T_TEMP_OutData_08" Value="Ch2 Value_L" DescValue=""/>
  <Text TextId="T_TEMP_OutData_09" Value="Ch2 Value_H" DescValue=""/>
  <Text TextId="T_TEMP_OutData_10" Value="Ch3 Value_L" DescValue=""/>
  <Text TextId="T_TEMP_OutData_11" Value="Ch3 Value_H" DescValue=""/>
  <!--******************************************************************************************-->
  <Text TextId="T_REF_Sensor_Type" Value="Sensor Type" DescValue=""/>
	<Text TextId="T_REF_Temperature_Type" Value="Temperature Type" DescValue=""/>
	<Text TextId="T_REF_Resolution_Type" Value="Data Scale" DescValue=""/>
	<Text TextId="T_REF_Filter_Type" Value="Filter Type" DescValue=""/>
	<Text TextId="T_REF_Compensation_Type" Value="Compensation Type" DescValue=""/>
	<Text TextId="T_REF_Cold_Junction_Offset" Value="Cold Junction Temperature Offset Data" DescValue=""/>
	<!-- Lee dohoon -->
	<Text TextId="T_Channel0_Offset" Value="Channel 0 Offset Value" DescValue=""/>
	<Text TextId="T_Channel1_Offset" Value="Channel 1 Offset Value" DescValue=""/>
	<Text TextId="T_Channel2_Offset" Value="Channel 2 Offset Value" DescValue=""/>
	<Text TextId="T_Channel3_Offset" Value="Channel 3 Offset Value" DescValue=""/>
	<Text TextId="T_Channel4_Offset" Value="Channel 4 Offset Value" DescValue=""/>
	<Text TextId="T_Channel5_Offset" Value="Channel 5 Offset Value" DescValue=""/>
	<Text TextId="T_Channel6_Offset" Value="Channel 6 Offset Value" DescValue=""/>
	<Text TextId="T_Channel7_Offset" Value="Channel 7 Offset Value" DescValue=""/>
	<Text TextId="T_Internal_Cold_Junction1_Temp_OffsetData_LowByte" Value="Internal Cold Junction 1 Offset Data Low" DescValue=""/> 
	<Text TextId="T_Internal_Cold_Junction1_Temp_OffsetData_HighByte" Value="Internal Cold Junction 1 Offset Data High" DescValue=""/> 
	<Text TextId="T_Internal_Cold_Junction2_Temp_OffsetData_LowByte" Value="Internal Cold Junction 2 Offset Data Low" DescValue=""/> 
	<Text TextId="T_Internal_Cold_Junction2_Temp_OffsetData_HighByte" Value="Internal Cold Junction 2 Offset Data High" DescValue=""/> 
	<Text TextId="T_External_Cold_Junction_Temp_OffsetData_LowByte" Value="External Cold Junction 2 Offset Data Low" DescValue=""/> 
	<Text TextId="T_External_Cold_Junction_Temp_OffsetData_HighByte" Value="External Cold Junction 2 Offset Data High" DescValue=""/> 
	<Text TextId="T_AO_Data_00" Value="Analog Output Channel 0" DescValue=""/>
	<Text TextId="T_AO_Data_01" Value="Analog Output Channel 1" DescValue=""/>
	<Text TextId="T_AO_Data_02" Value="Analog Output Channel 2" DescValue=""/>
	<Text TextId="T_AO_Data_03" Value="Analog Output Channel 3" DescValue=""/>
	<Text TextId="T_AO_Data_04" Value="Analog Output Channel 4" DescValue=""/>
	<Text TextId="T_AO_Data_05" Value="Analog Output Channel 5" DescValue=""/>
	<!-- Lee dohoon -->
	<Text TextId="T_AO_Data_06" Value="Analog Output Channel 6" DescValue=""/>
	<Text TextId="T_AO_Data_07" Value="Analog Output Channel 7" DescValue=""/>
	<Text TextId="T_AO_Data_08" Value="Analog Output Channel 8" DescValue=""/><!--LGW0000 20160922 channel8~15 Add-->
	<Text TextId="T_AO_Data_09" Value="Analog Output Channel 9" DescValue=""/>
	<Text TextId="T_AO_Data_10" Value="Analog Output Channel 10" DescValue=""/>
	<Text TextId="T_AO_Data_11" Value="Analog Output Channel 11" DescValue=""/>
	<Text TextId="T_AO_Data_12" Value="Analog Output Channel 12" DescValue=""/>
	<Text TextId="T_AO_Data_13" Value="Analog Output Channel 13" DescValue=""/>
	<Text TextId="T_AO_Data_14" Value="Analog Output Channel 14" DescValue=""/>
	<Text TextId="T_AO_Data_15" Value="Analog Output Channel 15" DescValue=""/>
	<Text TextId="T_PO_Data_00" Value="Power Status Channel 0" DescValue=""/>
	<!-- Lee dohoon -->
	
	<Text TextId="T_REF_Sensor_Type_ch0" Value="[0 Channel] Sensor Type" DescValue=""/>
	<Text TextId="T_REF_Sensor_Type_ch1" Value="[1 Channel] Sensor Type" DescValue=""/>
	<Text TextId="T_REF_Sensor_Type_ch2" Value="[2 Channel] Sensor Type" DescValue=""/>
	<Text TextId="T_REF_Sensor_Type_ch3" Value="[3 Channel] Sensor Type" DescValue=""/>
	<Text TextId="T_REF_Sensor_Type_ch4" Value="[4 Channel] Sensor Type" DescValue=""/>
	<Text TextId="T_REF_Sensor_Type_ch5" Value="[5 Channel] Sensor Type" DescValue=""/>
	<Text TextId="T_REF_Filter_Type_ch0" Value="[0 Channel] Filter Type" DescValue=""/>
	<Text TextId="T_REF_Filter_Type_ch1" Value="[1 Channel] Filter Type" DescValue=""/>
	<Text TextId="T_REF_Filter_Type_ch2" Value="[2 Channel] Filter Type" DescValue=""/>
	<Text TextId="T_REF_Filter_Type_ch3" Value="[3 Channel] Filter Type" DescValue=""/>
	<Text TextId="T_REF_Filter_Type_ch4" Value="[4 Channel] Filter Type" DescValue=""/>
	<Text TextId="T_REF_Filter_Type_ch5" Value="[5 Channel] Filter Type" DescValue=""/>
	<Text TextId="T_REF_Temperature_Type_ch0" Value="[0 Channel] Temperature Type" DescValue=""/>
	<Text TextId="T_REF_Temperature_Type_ch1" Value="[1 Channel] Temperature Type" DescValue=""/>
	<Text TextId="T_REF_Temperature_Type_ch2" Value="[2 Channel] Temperature Type" DescValue=""/>
	<Text TextId="T_REF_Temperature_Type_ch3" Value="[3 Channel] Temperature Type" DescValue=""/>
	<Text TextId="T_REF_Temperature_Type_ch4" Value="[4 Channel] Temperature Type" DescValue=""/>
	<Text TextId="T_REF_Temperature_Type_ch5" Value="[5 Channel] Temperature Type" DescValue=""/>
	<Text TextId="T_REF_Reserved_Word" Value="Reserved Word" DescValue=""/>
	<Text TextId="T_REF_Reserved_Byte" Value="Reserved Byte" DescValue=""/>
	<Text TextId="T_REF_Reserved_2Bit" Value="Reserved 4Bit" DescValue=""/>
	<Text TextId="T_REF_Reserved_Bit" Value="Reserved Bit" DescValue=""/>
	
  <Text TextId="T_REF_SubstituteValue_NAIO" Value="NA IO Fault Value" DescValue=""/>
	<Text TextId="T_REF_SubstituteValue_4pt" Value="IO Fault Value" DescValue=""/>
	
  <Text TextId="T_Status_Data_00" Value="Status Data Channel 0" DescValue=""/>
	<Text TextId="T_Length_Data_00" Value="Length Data Channel 0" DescValue=""/>
	<Text TextId="T_Byte_InData_00_Ch0" Value="Ch.0 Input Data Byte 0" DescValue=""/>
	<Text TextId="T_Byte_InData_01_Ch0" Value="Ch.0 Input Data Byte 1" DescValue=""/>
	<Text TextId="T_Byte_InData_02_Ch0" Value="Ch.0 Input Data Byte 2" DescValue=""/>
	<Text TextId="T_Byte_InData_03_Ch0" Value="Ch.0 Input Data Byte 3" DescValue=""/>
	<Text TextId="T_Byte_InData_04_Ch0" Value="Ch.0 Input Data Byte 4" DescValue=""/>
  
	<Text TextId="T_Status_Data_01" Value="Status Data Channel 1" DescValue=""/>
	<Text TextId="T_Length_Data_01" Value="Length Data Channel 1" DescValue=""/>
	<Text TextId="T_Byte_InData_00_Ch1" Value="Ch.1 Input Data Byte 0" DescValue=""/>
	<Text TextId="T_Byte_InData_01_Ch1" Value="Ch.1 Input Data Byte 1" DescValue=""/>
	<Text TextId="T_Byte_InData_02_Ch1" Value="Ch.1 Input Data Byte 2" DescValue=""/>
	<Text TextId="T_Byte_InData_03_Ch1" Value="Ch.1 Input Data Byte 3" DescValue=""/>
	<Text TextId="T_Byte_InData_04_Ch1" Value="Ch.1 Input Data Byte 4" DescValue=""/>

	<Text TextId="T_Status_Data_02" Value="Status Data Channel 0" DescValue=""/>
	<Text TextId="T_Byte_InData_00_Ch2" Value="Ch.2 Input Data Byte 0" DescValue=""/>
	<Text TextId="T_Byte_InData_01_Ch2" Value="Ch.2 Input Data Byte 1" DescValue=""/>
	<Text TextId="T_Byte_InData_02_Ch2" Value="Ch.2 Input Data Byte 2" DescValue=""/>
	<Text TextId="T_Byte_InData_03_Ch2" Value="Ch.2 Input Data Byte 3" DescValue=""/>
	<Text TextId="T_Byte_InData_04_Ch2" Value="Ch.2 Input Data Byte 4" DescValue=""/>
 
	<Text TextId="T_Status_Data_03" Value="Status Data Channel 1" DescValue=""/>
	<Text TextId="T_Byte_InData_00_Ch3" Value="Ch.3 Input Data Byte 0" DescValue=""/>
	<Text TextId="T_Byte_InData_01_Ch3" Value="Ch.3 Input Data Byte 1" DescValue=""/>
	<Text TextId="T_Byte_InData_02_Ch3" Value="Ch.3 Input Data Byte 2" DescValue=""/>
	<Text TextId="T_Byte_InData_03_Ch3" Value="Ch.3 Input Data Byte 3" DescValue=""/>
	<Text TextId="T_Byte_InData_04_Ch3" Value="Ch.3 Input Data Byte 4" DescValue=""/>

	<Text TextId="T_Status_Data_04" Value="Status Data Channel 0" DescValue=""/>
	<Text TextId="T_Byte_InData_00_Ch4" Value="Ch.4 Input Data Byte 0" DescValue=""/>
	<Text TextId="T_Byte_InData_01_Ch4" Value="Ch.4 Input Data Byte 1" DescValue=""/>
	<Text TextId="T_Byte_InData_02_Ch4" Value="Ch.4 Input Data Byte 2" DescValue=""/>
	<Text TextId="T_Byte_InData_03_Ch4" Value="Ch.4 Input Data Byte 3" DescValue=""/>
	<Text TextId="T_Byte_InData_04_Ch4" Value="Ch.4 Input Data Byte 4" DescValue=""/>
 
	<Text TextId="T_Status_Data_05" Value="Status Data Channel 1" DescValue=""/>
	<Text TextId="T_Byte_InData_00_Ch5" Value="Ch.5 Input Data Byte 0" DescValue=""/>
	<Text TextId="T_Byte_InData_01_Ch5" Value="Ch.5 Input Data Byte 1" DescValue=""/>
	<Text TextId="T_Byte_InData_02_Ch5" Value="Ch.5 Input Data Byte 2" DescValue=""/>
	<Text TextId="T_Byte_InData_03_Ch5" Value="Ch.5 Input Data Byte 3" DescValue=""/>
	<Text TextId="T_Byte_InData_04_Ch5" Value="Ch.5 Input Data Byte 4" DescValue=""/>

	<Text TextId="T_Status_Data_06" Value="Status Data Channel 0" DescValue=""/>
	<Text TextId="T_Byte_InData_00_Ch6" Value="Ch.6 Input Data Byte 0" DescValue=""/>
	<Text TextId="T_Byte_InData_01_Ch6" Value="Ch.6 Input Data Byte 1" DescValue=""/>
	<Text TextId="T_Byte_InData_02_Ch6" Value="Ch.6 Input Data Byte 2" DescValue=""/>
	<Text TextId="T_Byte_InData_03_Ch6" Value="Ch.6 Input Data Byte 3" DescValue=""/>
	<Text TextId="T_Byte_InData_04_Ch6" Value="Ch.6 Input Data Byte 4" DescValue=""/>

	<Text TextId="T_Status_Data_07" Value="Status Data Channel 1" DescValue=""/>
	<Text TextId="T_Byte_InData_00_Ch7" Value="Ch.7 Input Data Byte 0" DescValue=""/>
	<Text TextId="T_Byte_InData_01_Ch7" Value="Ch.7 Input Data Byte 1" DescValue=""/>
	<Text TextId="T_Byte_InData_02_Ch7" Value="Ch.7 Input Data Byte 2" DescValue=""/>
	<Text TextId="T_Byte_InData_03_Ch7" Value="Ch.7 Input Data Byte 3" DescValue=""/>
	<Text TextId="T_Byte_InData_04_Ch7" Value="Ch.7 Input Data Byte 4" DescValue=""/>
  
	<Text TextId="T_Ctrl_Data_00" Value="Control Data Channel 0" DescValue=""/>
	<Text TextId="T_Byte_OutData_00_Ch0" Value="Ch.0 Output Data Byte 0" DescValue=""/>
	<Text TextId="T_Byte_OutData_01_Ch0" Value="Ch.0 Output Data Byte 1" DescValue=""/>
	<Text TextId="T_Byte_OutData_02_Ch0" Value="Ch.0 Output Data Byte 2" DescValue=""/>
	<Text TextId="T_Byte_OutData_03_Ch0" Value="Ch.0 Output Data Byte 3" DescValue=""/>
	<Text TextId="T_Byte_OutData_04_Ch0" Value="Ch.0 Output Data Byte 4" DescValue=""/>
	<Text TextId="T_Ctrl_Data_01" Value="Control Data Channel 1" DescValue=""/>
	<Text TextId="T_Ctrl_Data_02" Value="Control Data Channel 2" DescValue=""/>
	<Text TextId="T_Ctrl_Data_03" Value="Control Data Channel 3" DescValue=""/>
	<Text TextId="T_Ctrl_Data_00_Ch0" Value="Ch.0 Control Data Byte 0" DescValue=""/>
	<Text TextId="T_Ctrl_Data_01_Ch0" Value="Ch.0 Control Data Byte 1" DescValue=""/>
	<Text TextId="T_Ctrl_Data_02_Ch0" Value="Ch.0 Control Data Byte 2" DescValue=""/>
	<Text TextId="T_Ctrl_Data_03_Ch0" Value="Ch.0 Control Data Byte 3" DescValue=""/>
	<Text TextId="T_Ctrl_Data_00_Ch1" Value="Ch.1 Control Data Byte 0" DescValue=""/>
	<Text TextId="T_Ctrl_Data_01_Ch1" Value="Ch.1 Control Data Byte 1" DescValue=""/>
	<Text TextId="T_Ctrl_Data_02_Ch1" Value="Ch.1 Control Data Byte 2" DescValue=""/>
	<Text TextId="T_Ctrl_Data_03_Ch1" Value="Ch.1 Control Data Byte 3" DescValue=""/>
	<Text TextId="T_Byte_OutData_00_Ch1" Value="Ch.1 Output Data Byte 0" DescValue=""/>
	<Text TextId="T_Byte_OutData_01_Ch1" Value="Ch.1 Output Data Byte 1" DescValue=""/>
	<Text TextId="T_Byte_OutData_02_Ch1" Value="Ch.1 Output Data Byte 2" DescValue=""/>
	<Text TextId="T_Byte_OutData_03_Ch1" Value="Ch.1 Output Data Byte 3" DescValue=""/>
	<Text TextId="T_Byte_OutData_04_Ch1" Value="Ch.1 Output Data Byte 4" DescValue=""/>
	<Text TextId="T_Byte_OutData_00_Ch2" Value="Ch.2 Output Data Byte 0" DescValue=""/>
	<Text TextId="T_Byte_OutData_01_Ch2" Value="Ch.2 Output Data Byte 1" DescValue=""/>
	<Text TextId="T_Byte_OutData_02_Ch2" Value="Ch.2 Output Data Byte 2" DescValue=""/>
	<Text TextId="T_Byte_OutData_03_Ch2" Value="Ch.2 Output Data Byte 3" DescValue=""/>
	<Text TextId="T_Byte_OutData_04_Ch2" Value="Ch.2 Output Data Byte 4" DescValue=""/>
	<Text TextId="T_Byte_OutData_00_Ch3" Value="Ch.3 Output Data Byte 0" DescValue=""/>
	<Text TextId="T_Byte_OutData_01_Ch3" Value="Ch.3 Output Data Byte 1" DescValue=""/>
	<Text TextId="T_Byte_OutData_02_Ch3" Value="Ch.3 Output Data Byte 2" DescValue=""/>
	<Text TextId="T_Byte_OutData_03_Ch3" Value="Ch.3 Output Data Byte 3" DescValue=""/>
	<Text TextId="T_Byte_OutData_04_Ch3" Value="Ch.3 Output Data Byte 4" DescValue=""/>
	<Text TextId="T_REF_Reserved_Byte" Value="Reserved Byte" DescValue=""/>
	<Text TextId="T_REF_Baud_Rate_ch0" Value="Ch.0 Baudrate" DescValue=""/>
	<Text TextId="T_REF_Data_Bit_ch0" Value="Ch.0 Data Bit" DescValue=""/>
	<Text TextId="T_REF_Parity_Bit_ch0" Value="Ch.0 Parity Bit" DescValue=""/>
	<Text TextId="T_REF_Stop_Bit_ch0" Value="Ch.0 Stop Bit" DescValue=""/>
	<Text TextId="T_REF_TxD_ch0" Value="Ch.0 TxD" DescValue=""/>
	<Text TextId="T_REF_Flow_Control_ch0" Value="Ch.0 Flow Control" DescValue=""/>
	<Text TextId="T_REF_Baud_Rate_ch1" Value="Ch.1 Baudrate" DescValue=""/>
	<Text TextId="T_REF_Data_Bit_ch1" Value="Ch.1 Data Bit" DescValue=""/>
	<Text TextId="T_REF_Parity_Bit_ch1" Value="Ch.1 Parity Bit" DescValue=""/>
	<Text TextId="T_REF_Stop_Bit_ch1" Value="Ch.1 Stop Bit" DescValue=""/>
	<Text TextId="T_REF_TxD_ch1" Value="Ch.1 TxD" DescValue=""/>
	<Text TextId="T_REF_Flow_Control_ch1" Value="Ch.1 Flow Control" DescValue=""/>
	<Text TextId="T_REF_Baud_Rate" Value="Baudrate" DescValue=""/>
	<Text TextId="T_REF_Data_Bit" Value="Data Bit" DescValue=""/>
	<Text TextId="T_REF_Parity_Bit" Value="Parity Bit" DescValue=""/>
	<Text TextId="T_REF_Stop_Bit" Value="Stop Bit" DescValue=""/>
	<Text TextId="T_REF_TxD" Value="TxD" DescValue=""/>
	<Text TextId="T_REF_Flow_Control" Value="Flow Control" DescValue=""/>
	<Text TextId="T_REF_Data_Size" Value="Data_Size" DescValue=""/>
	
	<Text TextId="T_16_Byte" Value="16_byte" DescValue=""/>
	<Text TextId="T_17_Byte" Value="17_byte" DescValue=""/>
	<Text TextId="T_18_Byte" Value="18_byte" DescValue=""/>
	<Text TextId="T_19_Byte" Value="19_byte" DescValue=""/>
	<Text TextId="T_20_Byte" Value="20_byte" DescValue=""/>
	<Text TextId="T_21_Byte" Value="21_byte" DescValue=""/>
	<Text TextId="T_22_Byte" Value="22_byte" DescValue=""/>
	<Text TextId="T_23_Byte" Value="23_byte" DescValue=""/>
	<Text TextId="T_24_Byte" Value="24_byte" DescValue=""/>
	<Text TextId="T_25_Byte" Value="25_byte" DescValue=""/>
	<Text TextId="T_26_Byte" Value="26_byte" DescValue=""/>
	<Text TextId="T_27_Byte" Value="27_byte" DescValue=""/>
	<Text TextId="T_28_Byte" Value="28_byte" DescValue=""/>
	<Text TextId="T_29_Byte" Value="29_byte" DescValue=""/>
	<Text TextId="T_30_Byte" Value="30_byte" DescValue=""/>
	<Text TextId="T_31_Byte" Value="31_byte" DescValue=""/>
	<Text TextId="T_32_Byte" Value="32_byte" DescValue=""/>
	<Text TextId="T_33_Byte" Value="33_byte" DescValue=""/>
	<Text TextId="T_34_Byte" Value="34_byte" DescValue=""/>
	<Text TextId="T_35_Byte" Value="35_byte" DescValue=""/>
	<Text TextId="T_36_Byte" Value="36_byte" DescValue=""/>
	<Text TextId="T_37_Byte" Value="37_byte" DescValue=""/>
	<Text TextId="T_38_Byte" Value="38_byte" DescValue=""/>
	<Text TextId="T_39_Byte" Value="39_byte" DescValue=""/>
	<Text TextId="T_40_Byte" Value="40_byte" DescValue=""/>
	<Text TextId="T_41_Byte" Value="41_byte" DescValue=""/>
	<Text TextId="T_42_Byte" Value="42_byte" DescValue=""/>
	<Text TextId="T_43_Byte" Value="43_byte" DescValue=""/>
	<Text TextId="T_44_Byte" Value="44_byte" DescValue=""/>
	<Text TextId="T_45_Byte" Value="45_byte" DescValue=""/>
	<Text TextId="T_46_Byte" Value="46_byte" DescValue=""/>
	<Text TextId="T_47_Byte" Value="47_byte" DescValue=""/>
	<Text TextId="T_48_Byte" Value="48_byte" DescValue=""/>
	<Text TextId="T_49_Byte" Value="49_byte" DescValue=""/>
	<Text TextId="T_50_Byte" Value="50_byte" DescValue=""/>
	<Text TextId="T_51_Byte" Value="51_byte" DescValue=""/>
	<Text TextId="T_52_Byte" Value="52_byte" DescValue=""/>
	<Text TextId="T_53_Byte" Value="53_byte" DescValue=""/>
	<Text TextId="T_54_Byte" Value="54_byte" DescValue=""/>
	<Text TextId="T_55_Byte" Value="55_byte" DescValue=""/>
	<Text TextId="T_56_Byte" Value="56_byte" DescValue=""/>
	<Text TextId="T_57_Byte" Value="57_byte" DescValue=""/>
	<Text TextId="T_58_Byte" Value="58_byte" DescValue=""/>
	<Text TextId="T_59_Byte" Value="59_byte" DescValue=""/>
	<Text TextId="T_60_Byte" Value="60_byte" DescValue=""/>
	<Text TextId="T_61_Byte" Value="61_byte" DescValue=""/>
	<Text TextId="T_62_Byte" Value="62_byte" DescValue=""/>
	<Text TextId="T_63_Byte" Value="63_byte" DescValue=""/>
	
	<Text TextId="T_Byte_InData_00" Value="Input Data Byte 0" DescValue=""/>
	<Text TextId="T_Byte_InData_01" Value="Input Data Byte 1" DescValue=""/>
	<Text TextId="T_Byte_InData_02" Value="Input Data Byte 2" DescValue=""/>
	<Text TextId="T_Byte_InData_03" Value="Input Data Byte 3" DescValue=""/>
	<Text TextId="T_Byte_InData_04" Value="Input Data Byte 4" DescValue=""/>
	<Text TextId="T_Byte_InData_05" Value="Input Data Byte 5" DescValue=""/>
	<Text TextId="T_Byte_InData_06" Value="Input Data Byte 6" DescValue=""/>
	<Text TextId="T_Byte_InData_07" Value="Input Data Byte 7" DescValue=""/>
	<Text TextId="T_Byte_InData_08" Value="Input Data Byte 8" DescValue=""/>
	<Text TextId="T_Byte_InData_09" Value="Input Data Byte 9" DescValue=""/>
	<Text TextId="T_Byte_InData_10" Value="Input Data Byte 10" DescValue=""/>
	<Text TextId="T_Byte_InData_11" Value="Input Data Byte 11" DescValue=""/>
	<Text TextId="T_Byte_InData_12" Value="Input Data Byte 12" DescValue=""/>
	<Text TextId="T_Byte_InData_13" Value="Input Data Byte 13" DescValue=""/>
	<Text TextId="T_Byte_InData_14" Value="Input Data Byte 14" DescValue=""/>
	<Text TextId="T_Byte_InData_15" Value="Input Data Byte 15" DescValue=""/>
	<Text TextId="T_Byte_InData_16" Value="Input Data Byte 16" DescValue=""/>
	<Text TextId="T_Byte_InData_17" Value="Input Data Byte 17" DescValue=""/>
	<Text TextId="T_Byte_InData_18" Value="Input Data Byte 18" DescValue=""/>
	<Text TextId="T_Byte_InData_19" Value="Input Data Byte 19" DescValue=""/>
	<Text TextId="T_Byte_InData_20" Value="Input Data Byte 20" DescValue=""/>
	<Text TextId="T_Byte_InData_21" Value="Input Data Byte 21" DescValue=""/>
	<Text TextId="T_Byte_InData_22" Value="Input Data Byte 22" DescValue=""/>
	<Text TextId="T_Byte_InData_23" Value="Input Data Byte 23" DescValue=""/>
	<Text TextId="T_Byte_InData_24" Value="Input Data Byte 24" DescValue=""/>
	<Text TextId="T_Byte_InData_25" Value="Input Data Byte 25" DescValue=""/>
	<Text TextId="T_Byte_InData_26" Value="Input Data Byte 26" DescValue=""/>
	<Text TextId="T_Byte_InData_27" Value="Input Data Byte 27" DescValue=""/>
	<Text TextId="T_Byte_InData_28" Value="Input Data Byte 28" DescValue=""/>
	<Text TextId="T_Byte_InData_29" Value="Input Data Byte 29" DescValue=""/>
	<Text TextId="T_Byte_InData_30" Value="Input Data Byte 30" DescValue=""/>
	<Text TextId="T_Byte_InData_31" Value="Input Data Byte 31" DescValue=""/>
	<Text TextId="T_Byte_InData_32" Value="Input Data Byte 32" DescValue=""/>
	<Text TextId="T_Byte_InData_33" Value="Input Data Byte 33" DescValue=""/>
	<Text TextId="T_Byte_InData_34" Value="Input Data Byte 34" DescValue=""/>
	<Text TextId="T_Byte_InData_35" Value="Input Data Byte 35" DescValue=""/>
	<Text TextId="T_Byte_InData_36" Value="Input Data Byte 36" DescValue=""/>
	<Text TextId="T_Byte_InData_37" Value="Input Data Byte 37" DescValue=""/>
	<Text TextId="T_Byte_InData_38" Value="Input Data Byte 38" DescValue=""/>
	<Text TextId="T_Byte_InData_39" Value="Input Data Byte 39" DescValue=""/>
	<Text TextId="T_Byte_InData_40" Value="Input Data Byte 40" DescValue=""/>
	<Text TextId="T_Byte_InData_41" Value="Input Data Byte 41" DescValue=""/>
	<Text TextId="T_Byte_InData_42" Value="Input Data Byte 42" DescValue=""/>
	<Text TextId="T_Byte_InData_43" Value="Input Data Byte 43" DescValue=""/>
	<Text TextId="T_Byte_InData_44" Value="Input Data Byte 44" DescValue=""/>
	<Text TextId="T_Byte_InData_45" Value="Input Data Byte 45" DescValue=""/>
	<Text TextId="T_Byte_InData_46" Value="Input Data Byte 46" DescValue=""/>
	<Text TextId="T_Byte_InData_47" Value="Input Data Byte 47" DescValue=""/>
	<Text TextId="T_Byte_InData_48" Value="Input Data Byte 48" DescValue=""/>
	<Text TextId="T_Byte_InData_49" Value="Input Data Byte 49" DescValue=""/>
	<Text TextId="T_Byte_InData_50" Value="Input Data Byte 50" DescValue=""/>
	<Text TextId="T_Byte_InData_51" Value="Input Data Byte 51" DescValue=""/>
	<Text TextId="T_Byte_InData_52" Value="Input Data Byte 52" DescValue=""/>
	<Text TextId="T_Byte_InData_53" Value="Input Data Byte 53" DescValue=""/>
	<Text TextId="T_Byte_InData_54" Value="Input Data Byte 54" DescValue=""/>
	<Text TextId="T_Byte_InData_55" Value="Input Data Byte 55" DescValue=""/>
	<Text TextId="T_Byte_InData_56" Value="Input Data Byte 56" DescValue=""/>
	<Text TextId="T_Byte_InData_57" Value="Input Data Byte 57" DescValue=""/>
	<Text TextId="T_Byte_InData_58" Value="Input Data Byte 58" DescValue=""/>
	<Text TextId="T_Byte_InData_59" Value="Input Data Byte 59" DescValue=""/>
	<Text TextId="T_Byte_InData_60" Value="Input Data Byte 60" DescValue=""/>
	
	<Text TextId="T_Byte_OutData_00" Value="Output Data Byte 0" DescValue=""/>
	<Text TextId="T_Byte_OutData_01" Value="Output Data Byte 1" DescValue=""/>
	<Text TextId="T_Byte_OutData_02" Value="Output Data Byte 2" DescValue=""/>
	<Text TextId="T_Byte_OutData_03" Value="Output Data Byte 3" DescValue=""/>
	<Text TextId="T_Byte_OutData_04" Value="Output Data Byte 4" DescValue=""/>
	<Text TextId="T_Byte_OutData_05" Value="Output Data Byte 5" DescValue=""/>
	<Text TextId="T_Byte_OutData_06" Value="Output Data Byte 6" DescValue=""/>
	<Text TextId="T_Byte_OutData_07" Value="Output Data Byte 7" DescValue=""/>
	<Text TextId="T_Byte_OutData_08" Value="Output Data Byte 8" DescValue=""/>
	<Text TextId="T_Byte_OutData_09" Value="Output Data Byte 9" DescValue=""/>
	<Text TextId="T_Byte_OutData_10" Value="Output Data Byte 10" DescValue=""/>
	<Text TextId="T_Byte_OutData_11" Value="Output Data Byte 11" DescValue=""/>
	<Text TextId="T_Byte_OutData_12" Value="Output Data Byte 12" DescValue=""/>
	<Text TextId="T_Byte_OutData_13" Value="Output Data Byte 13" DescValue=""/>
	<Text TextId="T_Byte_OutData_14" Value="Output Data Byte 14" DescValue=""/>
	<Text TextId="T_Byte_OutData_15" Value="Output Data Byte 15" DescValue=""/>
	<Text TextId="T_Byte_OutData_16" Value="Output Data Byte 16" DescValue=""/>
	<Text TextId="T_Byte_OutData_17" Value="Output Data Byte 17" DescValue=""/>
	<Text TextId="T_Byte_OutData_18" Value="Output Data Byte 18" DescValue=""/>
	<Text TextId="T_Byte_OutData_19" Value="Output Data Byte 19" DescValue=""/>
	<Text TextId="T_Byte_OutData_20" Value="Output Data Byte 20" DescValue=""/>
	<Text TextId="T_Byte_OutData_21" Value="Output Data Byte 21" DescValue=""/>
	<Text TextId="T_Byte_OutData_22" Value="Output Data Byte 22" DescValue=""/>
	<Text TextId="T_Byte_OutData_23" Value="Output Data Byte 23" DescValue=""/>
	<Text TextId="T_Byte_OutData_24" Value="Output Data Byte 24" DescValue=""/>
	<Text TextId="T_Byte_OutData_25" Value="Output Data Byte 25" DescValue=""/>
	<Text TextId="T_Byte_OutData_26" Value="Output Data Byte 26" DescValue=""/>
	<Text TextId="T_Byte_OutData_27" Value="Output Data Byte 27" DescValue=""/>
	<Text TextId="T_Byte_OutData_28" Value="Output Data Byte 28" DescValue=""/>
	<Text TextId="T_Byte_OutData_29" Value="Output Data Byte 29" DescValue=""/>
	<Text TextId="T_Byte_OutData_30" Value="Output Data Byte 30" DescValue=""/>
	<Text TextId="T_Byte_OutData_31" Value="Output Data Byte 31" DescValue=""/>
	<Text TextId="T_Byte_OutData_32" Value="Output Data Byte 32" DescValue=""/>
	<Text TextId="T_Byte_OutData_33" Value="Output Data Byte 33" DescValue=""/>
	<Text TextId="T_Byte_OutData_34" Value="Output Data Byte 34" DescValue=""/>
	<Text TextId="T_Byte_OutData_35" Value="Output Data Byte 35" DescValue=""/>
	<Text TextId="T_Byte_OutData_36" Value="Output Data Byte 36" DescValue=""/>
	<Text TextId="T_Byte_OutData_37" Value="Output Data Byte 37" DescValue=""/>
	<Text TextId="T_Byte_OutData_38" Value="Output Data Byte 38" DescValue=""/>
	<Text TextId="T_Byte_OutData_39" Value="Output Data Byte 39" DescValue=""/>
	<Text TextId="T_Byte_OutData_40" Value="Output Data Byte 40" DescValue=""/>
	<Text TextId="T_Byte_OutData_41" Value="Output Data Byte 41" DescValue=""/>
	<Text TextId="T_Byte_OutData_42" Value="Output Data Byte 42" DescValue=""/>
	<Text TextId="T_Byte_OutData_43" Value="Output Data Byte 43" DescValue=""/>
	<Text TextId="T_Byte_OutData_44" Value="Output Data Byte 44" DescValue=""/>
	<Text TextId="T_Byte_OutData_45" Value="Output Data Byte 45" DescValue=""/>
	<Text TextId="T_Byte_OutData_46" Value="Output Data Byte 46" DescValue=""/>
	<Text TextId="T_Byte_OutData_47" Value="Output Data Byte 47" DescValue=""/>
	<Text TextId="T_Byte_OutData_48" Value="Output Data Byte 48" DescValue=""/>
	<Text TextId="T_Byte_OutData_49" Value="Output Data Byte 49" DescValue=""/>
	<Text TextId="T_Byte_OutData_50" Value="Output Data Byte 50" DescValue=""/>
	<Text TextId="T_Byte_OutData_51" Value="Output Data Byte 51" DescValue=""/>
	<Text TextId="T_Byte_OutData_52" Value="Output Data Byte 52" DescValue=""/>
	<Text TextId="T_Byte_OutData_53" Value="Output Data Byte 53" DescValue=""/>
	<Text TextId="T_Byte_OutData_54" Value="Output Data Byte 54" DescValue=""/>
	<Text TextId="T_Byte_OutData_55" Value="Output Data Byte 55" DescValue=""/>
	<Text TextId="T_Byte_OutData_56" Value="Output Data Byte 56" DescValue=""/>
	<Text TextId="T_Byte_OutData_57" Value="Output Data Byte 57" DescValue=""/>
	<Text TextId="T_Byte_OutData_58" Value="Output Data Byte 58" DescValue=""/>
	<Text TextId="T_Byte_OutData_59" Value="Output Data Byte 59" DescValue=""/>
	<Text TextId="T_Byte_OutData_60" Value="Output Data Byte 60" DescValue=""/>
	
	<Text TextId="T_REF_Counter_Mode" Value="Counter Mode" DescValue=""/>
	<Text TextId="T_REF_Gate_Function" Value="Gate Function" DescValue=""/>
	<Text TextId="T_REF_Input_Filter" Value="Input Filter" DescValue=""/>
	<Text TextId="T_REF_Gate_Sampling_Time" Value="Gate Sampling Time" DescValue=""/>
	<Text TextId="T_NA parameters" Value="Network adapter parameters" DescValue=""/>
	<Text TextId="T_REF_Fault_Action_ch0" Value="IO Fault Action Channel 0" DescValue=""/>
	<Text TextId="T_IO_PARAM_Byte_00" Value="Parameter Byte 0" DescValue=""/>
	<Text TextId="T_IO_PARAM_Byte_01" Value="Parameter Byte 1" DescValue=""/>
	<Text TextId="T_IO_PARAM_Byte_02" Value="Parameter Byte 2" DescValue=""/>
	<Text TextId="T_IO_PARAM_Byte_03" Value="Parameter Byte 3" DescValue=""/>
	<Text TextId="T_IO_PARAM_Byte_04" Value="Parameter Byte 4" DescValue=""/>
	<Text TextId="T_IO_PARAM_Byte_05" Value="Parameter Byte 5" DescValue=""/>
	<Text TextId="T_IO_PARAM_Byte_06" Value="Parameter Byte 6" DescValue=""/>
	<Text TextId="T_IO_PARAM_Byte_07" Value="Parameter Byte 7" DescValue=""/>
	<Text TextId="T_IO_PARAM_Byte_08" Value="Parameter Byte 8" DescValue=""/>
	<Text TextId="T_IO_PARAM_Byte_09" Value="Parameter Byte 9" DescValue=""/>
	<Text TextId="T_IO_PARAM_Byte_10" Value="Parameter Byte 10" DescValue=""/>
	<Text TextId="T_IO_PARAM_Byte_11" Value="Parameter Byte 11" DescValue=""/>
	<Text TextId="T_IO_PARAM_Byte_12" Value="Parameter Byte 12" DescValue=""/>
	<Text TextId="T_IO_PARAM_Byte_13" Value="Parameter Byte 13" DescValue=""/>
	<Text TextId="T_IO_PARAM_Byte_14" Value="Parameter Byte 14" DescValue=""/>
	<Text TextId="T_IO_PARAM_Byte_15" Value="Parameter Byte 15" DescValue=""/>

	<!-- NA Properties -->
	<Text TextId="T_Firmware" Value="Firmware" DescValue=""/>
	<Text TextId="T_InputImageMode" Value="Input Image Mode" DescValue=""/>	
	<Text TextId="T_OutputImageMode" Value="Output Image Mode" DescValue=""/>	
	<Text TextId="T_FirmwareDate" Value="Firmware Date" DescValue=""/>	
	<Text TextId="T_WatchdogTime" Value="Watchdog Time (X 100 msec)" DescValue=""/>	
	<Text TextId="T_GatewayAddress" Value="Gateway Address" DescValue=""/>	
	<Text TextId="T_SubnetMask" Value="Subnet Mask" DescValue=""/>	
	<Text TextId="T_MacAddress" Value="Mac Address" DescValue=""/>	
	<Text TextId="T_MON_Status" Value="Monitoring Status" DescValue=""/>	
	<Text TextId="T_MON_LED" Value="Monitoring LED" DescValue=""/>		 
	<Text TextId="T_DipSwitch" Value="DipSwitch Status" DescValue=""/>		 
	
	<Text TextId="T_IOUpdateTime" Value="IO Update Time (X 100 usec)" DescValue=""/>	
	<Text TextId="T_WatchdogErr" Value="Watchdog Error" DescValue=""/>	
	<Text TextId="T_FieldPwrStatus" Value="Field Power Status" DescValue=""/>	
	<Text TextId="T_BusStatus" Value="FnBus Status" DescValue=""/>	
	<Text TextId="T_InactiveSlots" Value="Inactive Slot list" DescValue=""/>	
	<Text TextId="T_LiveSlots" Value="Live Slot list" DescValue=""/>	
	<Text TextId="T_AlarmSlots" Value="Alarm Slot list" DescValue=""/>	
	<Text TextId="T_ExpansionSlotNo" Value="Expansion Slot No." DescValue=""/>	
	<Text TextId="T_ActiveSlotNo" Value="Active Slot No." DescValue=""/>	
	<Text TextId="T_InactiveSlotNo" Value="Inactive Slot No." DescValue=""/>	
	<!--LDH0000 추가 ==============================================================-->
	<Text TextId="T_IPaddress" Value="IPaddress" DescValue=""/>
 
	<!--LDH0000 NA9289 Parameter ADD-->
  <Text TextId="T_TCPConnectionTimeOut" Value="TCPConnectionTimeOut" DescValue=""/>
  <Text TextId="T_IPSettingMethod" Value="IPSettingMethod" DescValue=""/>
	<Text TextId="T_BOOTP" Value="BOOTP" DescValue=""/>
	<Text TextId="T_DHCP" Value="DHCP" DescValue=""/>
  <!--LDH0000 NA9372, NA9373 Parameter ADD-->
  <Text TextId="T_DEFAULT" Value="Use default" DescValue=""/>
  <Text TextId="T_CODSYS_RS232" Value="Use Codsys RS232" DescValue=""/>
  <Text TextId="T_CODSYS_RS485" Value="Use Codesys RS485" DescValue=""/>
  
	<!--LDH0000 NA9379 Parameter ADD-->
	<Text TextId="T_RS232Baudrate" Value="RS232C Baudrate" DescValue=""/>
	<Text TextId="T_RS232Setting" Value="RS232 Setting" DescValue=""/>
	<Text TextId="T_RS485Baudrate" Value="RS485 Baudrate" DescValue=""/>
	<Text TextId="T_RS485Setting" Value="RS485 Setting" DescValue=""/>
	<Text TextId="T_ModbusStation" Value="ModbusStation" DescValue=""/>
  <Text TextId="T_SerialconnectionMethod" Value="SerialconnectionMethod" DescValue=""/>
	<Text TextId="T_IPsettingMethod" Value="IPsettingMethod" DescValue=""/>
	<Text TextId="T_RTC" Value="RTC" DescValue=""/>
	
	<!--JSH161014 GDI Parameter 추가 ==============================================================-->
	<Text TextId="T_InpFilter_Value" Value="Input_Filter_Value(mS)" DescValue=""/>
	
	<!--JSH161221 GT5352 추가 ==============================================================-->
	<Text TextId="T_SSI_InData_00_Ch0" Value="Ch0. SSI Data LL" DescValue=""/>
	<Text TextId="T_SSI_InData_01_Ch0" Value="Ch0. SSI Data LH" DescValue=""/>
	<Text TextId="T_SSI_InData_02_Ch0" Value="Ch0. SSI Data HL" DescValue=""/>
	<Text TextId="T_SSI_InData_03_Ch0" Value="Ch0. SSI Data HH" DescValue=""/>
	<Text TextId="T_SSI_InData_00_Ch1" Value="Ch1. SSI Data LL" DescValue=""/>
	<Text TextId="T_SSI_InData_01_Ch1" Value="Ch1. SSI Data LH" DescValue=""/>
	<Text TextId="T_SSI_InData_02_Ch1" Value="Ch1. SSI Data HL" DescValue=""/>
	<Text TextId="T_SSI_InData_03_Ch1" Value="Ch1. SSI Data HH" DescValue=""/>
	<Text TextId="T_SSI_StatusData_Ch0" Value="Ch0. Status Data" DescValue=""/>	
	<Text TextId="T_SSI_StatusData_Ch1" Value="Ch1. Status Data" DescValue=""/>
	<Text TextId="T_SSI_Ctrl_Data_00_Ch0" Value="Ch0. SSI Control Data 0" DescValue=""/>
	<Text TextId="T_SSI_Ctrl_Data_01_Ch0" Value="Ch0. SSI Control Data 1" DescValue=""/>
	<Text TextId="T_SSI_Ctrl_Data_00_Ch1" Value="Ch1. SSI Control Data 0" DescValue=""/>
	<Text TextId="T_SSI_Ctrl_Data_01_Ch1" Value="Ch1. SSI Control Data 1" DescValue=""/>
	
	<!--JSH170206 GT5112/RT5111 추가 ==============================================================-->
	<Text TextId="T_HSC_InData_00" Value="Ch0. Counter Value LL" DescValue=""/>
	<Text TextId="T_HSC_InData_01" Value="Ch0. Counter Value LH" DescValue=""/>
	<Text TextId="T_HSC_InData_02" Value="Ch0. Counter Value HL" DescValue=""/>
	<Text TextId="T_HSC_InData_03" Value="Ch0. Counter Value HH" DescValue=""/>
	<Text TextId="T_HSC_InData_04" Value="Ch1. Counter Value LL" DescValue=""/>
	<Text TextId="T_HSC_InData_05" Value="Ch1. Counter Value LH" DescValue=""/>
	<Text TextId="T_HSC_InData_06" Value="Ch1. Counter Value HL" DescValue=""/>
	<Text TextId="T_HSC_InData_07" Value="Ch1. Counter Value HH" DescValue=""/>
	<Text TextId="T_HSC_InData_10" Value="R Value L" DescValue=""/>
	<Text TextId="T_HSC_InData_11" Value="R Value H" DescValue=""/>
	<Text TextId="T_HSC_InData_12" Value="In/Out Status" DescValue=""/>
	<Text TextId="T_HSC_InData_13" Value="Reserved" DescValue=""/>
	<Text TextId="T_HSC_Ctrl_Data_00" Value="Ch0. HSC Control Data" DescValue=""/>
	<Text TextId="T_HSC_Ctrl_Data_01" Value="Ch1. HSC Control Data" DescValue=""/>
	<Text TextId="T_HSC_Ctrl_Data_10" Value="Reserved" DescValue=""/>
	<Text TextId="T_HSC_Ctrl_Data_11" Value="Ch0. Preset Value LL" DescValue=""/>
	<Text TextId="T_HSC_Ctrl_Data_12" Value="Ch0. Preset Value LH" DescValue=""/>
	<Text TextId="T_HSC_Ctrl_Data_13" Value="Ch0. Preset Value HL" DescValue=""/>
	<Text TextId="T_HSC_Ctrl_Data_14" Value="Ch0. Preset Value HH" DescValue=""/>
	
<!--LDH170824 ST5252, ST5272 Add-->
  <Text TextId="T_Response_Byte" Value="Response Byte" DescValue=""/>
  <Text TextId="T_InDataLen_Timeout" Value="InDataLen or Timeout" DescValue=""/>
  <Text TextId="T_OutDataLen" Value="OutDataLen" DescValue=""/>
  <Text TextId="T_STATUS_Byte_00" Value="STATUS Byte Ch0" DescValue=""/>
  <Text TextId="T_STATUS_Byte_01" Value="STATUS Byte Ch1" DescValue=""/>
  <Text TextId="T_IncomingDL_00" Value="Incoming DL Ch0" DescValue=""/>
  <Text TextId="T_IncomingDL_01" Value="Incoming DL Ch1" DescValue=""/>

  <!--LDH0000 NA9285 Parameter ADD-->
  <Text TextId="T_IE_Network_no" Value="CC-Link IE Network no" DescValue=""/>
  <Text TextId="T_IE_Station" Value="CC-Link IE Station" DescValue=""/>
  
<!--=================================================================================-->
	
</TextList>		
