<?xml version="1.0" encoding="UTF-8"?>

<!--**********************************************************************
** $File: listNA.xml 
** $Descrip: Network Adapter List
** $Version: 1.0.2.0 
** $Maker: CREVIS
** $History   
**   ! 2009.05.10 - v1000. First Release
**   ! 2012.06.05 - v1010. NA-9186 added  
**   ! 2012.06.18 - v1020. NA-9493 added
**   ! 2012.11.22 - v1105. NA-9685 added
**   ! 2012.12.13 - v1105. Rename from NA-9685 to RN-9685.
 
** ******************************************************************* --> 
 	
<CouplerList>
	<Group Category="SNA" IconIdx="1">
    <ItemRef Target="IDM_NAxxxx" TextId="T_NAxxxx" BusType="IDB_ModbusTCP" DefineFileName="NAxxxx.xml" AllowedInSlots="0..0" Available="true"/>
    <ItemRef Target="IDM_NA9111" TextId="T_NA9111" BusType="IDB_DeviceNet" DefineFileName="NA9111.xml" AllowedInSlots="0..0" Available="true"/>		
	  <ItemRef Target="IDM_NA9112" TextId="T_NA9112" BusType="IDB_DeviceNet" DefineFileName="NA9112.xml" AllowedInSlots="0..0" Available="true"/>	 		
	  <ItemRef Target="IDM_NA9122" TextId="T_NA9122" BusType="IDB_ProfibusDP" DefineFileName="NA9122.xml" AllowedInSlots="0..0" Available="true"/>
	  <ItemRef Target="IDM_NA9161" TextId="T_NA9161" BusType="IDB_CANopen" DefineFileName="NA9161.xml" AllowedInSlots="0..0" Available="true"/>	
	  <ItemRef Target="IDM_NA9171" TextId="T_NA9171" BusType="IDB_Modbus232" DefineFileName="NA9171.xml" AllowedInSlots="0..0" Available="true"/>
    <ItemRef Target="IDM_NA9131" TextId="T_NA9131" BusType="IDB_CClink" DefineFileName="NA9131.xml" AllowedInSlots="0..0" Available="true"/>
	  <ItemRef Target="IDM_NA9173" TextId="T_NA9173" BusType="IDB_Modbus485" DefineFileName="NA9173.xml" AllowedInSlots="0..0" Available="true"/>
	  <ItemRef Target="IDM_NA9188" TextId="T_NA9188" BusType="IDB_EthernetIP" DefineFileName="NA9188.xml" AllowedInSlots="0..0" Available="true"/>		
	  <ItemRef Target="IDM_NA9189" TextId="T_NA9189" BusType="IDB_ModbusTCP" DefineFileName="NA9189.xml" AllowedInSlots="0..0" Available="true"/>
	  <ItemRef Target="IDM_ATR791" TextId="T_ATR791" BusType="IDB_Modbus485" DefineFileName="ATR791.xml" AllowedInSlots="0..0" Available="true"/>	 
	  <ItemRef Target="IDM_AT2R791" TextId="T_AT2R791" BusType="IDB_Modbus485" DefineFileName="AT2R791.xml" AllowedInSlots="0..0" Available="true"/>	
    <ItemRef Target="IDM_NA9473" TextId="T_NA9473" BusType="IDB_Modbus485" DefineFileName="NA9473.xml" AllowedInSlots="0..0" Available="true"/>
    <!--<ItemRef Target="IDM_NA9186" TextId="T_NA9186" BusType="IDB_EtherCAT" DefineFileName="NA9186.xml" AllowedInSlots="0..0" Available="true"/>-->
    <!-- SMH9999 NA9187 ADD 191021 -->
    <ItemRef Target="IDM_NA9187" TextId="T_NA9187" BusType="IDB_Profinet" DefineFileName="NA9187.xml" AllowedInSlots="0..0" Available="true"/>
    <ItemRef Target="IDM_NA9211" TextId="T_NA9211" BusType="IDB_Modbus232" DefineFileName="NA9211.xml" AllowedInSlots="0..0" Available="true"/>
    <ItemRef Target="IDM_NA9212" TextId="T_NA9212" BusType="IDB_Modbus232" DefineFileName="NA9212.xml" AllowedInSlots="0..0" Available="true"/>
    <ItemRef Target="IDM_NA9222" TextId="T_NA9222" BusType="IDB_ProfibusDP" DefineFileName="NA9222.xml" AllowedInSlots="0..0" Available="true"/>
    <ItemRef Target="IDM_NA9261" TextId="T_NA9261" BusType="IDB_CANopen" DefineFileName="NA9261.xml" AllowedInSlots="0..0" Available="true"/>

    <!--Add NA9285, NA9231-->
    <ItemRef Target="IDM_NA9285" TextId="T_NA9285" BusType="IDB_CClink" DefineFileName="NA9285.xml" AllowedInSlots="0..0" Available="true"/>
    <!--<ItemRef Target="IDM_NA9231" TextId="T_NA9231" BusType="IDB_CClink" DefineFileName="NA9231.xml" AllowedInSlots="0..0" Available="true"/>-->
    
    <ItemRef Target="IDM_NA9287" TextId="T_NA9287" BusType="IDB_Profinet" DefineFileName="NA9287.xml" AllowedInSlots="0..0" Available="true"/>
    <ItemRef Target="IDM_NA9288" TextId="T_NA9288" BusType="IDB_EthernetIP" DefineFileName="NA9288.xml" AllowedInSlots="0..0" Available="true"/>
    <ItemRef Target="IDM_NA9289" TextId="T_NA9289" BusType="IDB_ModbusTCP" DefineFileName="NA9289.xml" AllowedInSlots="0..0" Available="true"/>
    <ItemRef Target="IDM_NA9286" TextId="T_NA9286" BusType="IDB_EtherCAT" DefineFileName="NA9286.xml" AllowedInSlots="0..0" Available="true"/>
    <ItemRef Target="IDM_NA9386" TextId="T_NA9386" BusType="IDB_EtherCAT" DefineFileName="NA9386.xml" AllowedInSlots="0..0" Available="true"/>
    <ItemRef Target="IDM_NA9379" TextId="T_NA9379" BusType="IDB_Modbus232" DefineFileName="NA9379.xml" AllowedInSlots="0..0" Available="true"/>
    <ItemRef Target="IDM_NA9371" TextId="T_NA9371" BusType="IDB_Modbus232" DefineFileName="NA9371.xml" AllowedInSlots="0..0" Available="true"/>
    <ItemRef Target="IDM_NA9372" TextId="T_NA9372" BusType="IDB_Modbus232" DefineFileName="NA9372.xml" AllowedInSlots="0..0" Available="true"/>
    <ItemRef Target="IDM_NA9373" TextId="T_NA9373" BusType="IDB_Modbus232" DefineFileName="NA9373.xml" AllowedInSlots="0..0" Available="true"/>
    <!--==================================-->
    <!-- Add Below -->
	</Group>
  <Group Category="RNA" IconIdx="9">
    <ItemRef Target="IDM_RN9286" TextId="T_RN9286" BusType="IDB_EtherCAT" DefineFileName="RN9286.xml" AllowedInSlots="0..0" Available="true"/>
    <ItemRef Target="IDM_RN9685" TextId="T_RN9685" BusType="IDB_PowerLink" DefineFileName="RN9685.xml" AllowedInSlots="0..0" Available="true"/>
    <ItemRef Target="IDM_RN9289" TextId="T_RN9289" BusType="IDB_UDP" DefineFileName="RN9289.xml" AllowedInSlots="0..0" Available="true"/>
  </Group>

  <Group Category="GNA" IconIdx="9">
    <!-- SMH9999 GN9211 추가 200827 -->
    <ItemRef Target="IDM_GN9211" TextId="T_GN9211" BusType="IDB_DeviceNet" DefineFileName="GN9211.xml" AllowedInSlots="0..0" Available="true"/>
    <ItemRef Target="IDM_GL9971" TextId="T_GL9971" BusType="IDB_ModbusTCP" DefineFileName="GL9971.xml" AllowedInSlots="0..0" Available="true"/>    <!-- SMH9999 GL-9972 / GL-9973 모둘 2종 추가 210512 -->
    <!-- SMH9999 GL-9972 / GL-9973 모둘 2종 추가 210512 -->
    <ItemRef Target="IDM_GL9972" TextId="T_GL9972" BusType="IDB_ModbusTCP" DefineFileName="GL9972.xml" AllowedInSlots="0..0" Available="true"/>
    <ItemRef Target="IDM_GL9973" TextId="T_GL9973" BusType="IDB_ModbusTCP" DefineFileName="GL9973.xml" AllowedInSlots="0..0" Available="true"/>
    <!-- SMH9999 GL-9974 / GL-9975 모듈 2종 추가 210708 개발3팀 박민경 주임 요청 -->
    <ItemRef Target="IDM_GL9974" TextId="T_GL9974" BusType="IDB_ModbusTCP" DefineFileName="GL9974.xml" AllowedInSlots="0..0" Available="true"/>
    <ItemRef Target="IDM_GL9975" TextId="T_GL9975" BusType="IDB_ModbusTCP" DefineFileName="GL9975.xml" AllowedInSlots="0..0" Available="true"/>
    <ItemRef Target="IDM_GN9289" TextId="T_GN9289" BusType="IDB_UDP" DefineFileName="GN9289.xml" AllowedInSlots="0..0" Available="true"/>
    <ItemRef Target="IDM_GN9251" TextId="T_GN9251" BusType="IDB_BACnet" DefineFileName="GN9251.xml" AllowedInSlots="0..0" Available="true"/>
    <ItemRef Target="IDM_GN9212" TextId="T_GN9212" BusType="IDB_DeviceNet" DefineFileName="GN9212.xml" AllowedInSlots="0..0" Available="true"/>
    <ItemRef Target="IDM_GN9222" TextId="T_GN9222" BusType="IDB_ProfibusDP" DefineFileName="GN9222.xml" AllowedInSlots="0..0" Available="true"/>
    <ItemRef Target="IDM_GN9261" TextId="T_GN9261" BusType="IDB_CANopen" DefineFileName="GN9261.xml" AllowedInSlots="0..0" Available="true"/>
    <ItemRef Target="IDM_GN9273" TextId="T_GN9273" BusType="IDB_Modbus485" DefineFileName="GN9273.xml" AllowedInSlots="0..0" Available="true"/>
    <ItemRef Target="IDM_GN9284" TextId="T_GN9284" BusType="IDB_CClink" DefineFileName="GN9284.xml" AllowedInSlots="0..0" Available="true"/>
    <ItemRef Target="IDM_GN9285" TextId="T_GN9285" BusType="IDB_CClink" DefineFileName="GN9285.xml" AllowedInSlots="0..0" Available="true"/>
    <ItemRef Target="IDM_GN9386" TextId="T_GN9386" BusType="IDB_EtherCAT" DefineFileName="GN9386.xml" AllowedInSlots="0..0" Available="true"/>
    <ItemRef Target="IDM_GN9231" TextId="T_GN9231" BusType="IDB_CClink" DefineFileName="GN9231.xml" AllowedInSlots="0..0" Available="true"/>
    <ItemRef Target="IDM_GN9371" TextId="T_GN9371" BusType="IDB_Modbus232" DefineFileName="GN9371.xml" AllowedInSlots="0..0" Available="true"/>
    <ItemRef Target="IDM_GN9372" TextId="T_GN9372" BusType="IDB_Modbus232" DefineFileName="GN9372.xml" AllowedInSlots="0..0" Available="true"/>
    <ItemRef Target="IDM_GN9373" TextId="T_GN9373" BusType="IDB_Modbus232" DefineFileName="GN9373.xml" AllowedInSlots="0..0" Available="true"/>
    <ItemRef Target="IDM_GN9287" TextId="T_GN9287" BusType="IDB_Profinet" DefineFileName="GN9287.xml" AllowedInSlots="0..0" Available="true"/>
    <ItemRef Target="IDM_GN9481" TextId="T_GN9481" BusType="IDB_EtherCAT" DefineFileName="GN9481.xml" AllowedInSlots="0..0" Available="true"/>
    <ItemRef Target="IDM_GN9482" TextId="T_GN9482" BusType="IDB_EtherCAT" DefineFileName="GN9482.xml" AllowedInSlots="0..0" Available="true"/>
    <ItemRef Target="IDM_GN9483" TextId="T_GN9483" BusType="IDB_EtherCAT" DefineFileName="GN9483.xml" AllowedInSlots="0..0" Available="true"/>
    <ItemRef Target="IDM_GN9587" TextId="T_GN9587" BusType="IDB_Profinet" DefineFileName="GN9587.xml" AllowedInSlots="0..0" Available="true"/>
    <ItemRef Target="IDM_GL9084" TextId="T_GL9084" BusType="IDB_CClink" DefineFileName="GL9084.xml" AllowedInSlots="0..0" Available="true"/>
    <ItemRef Target="IDM_GL9087" TextId="T_GL9087" BusType="IDB_Profinet" DefineFileName="GL9087.xml" AllowedInSlots="0..0" Available="true"/>
    <ItemRef Target="IDM_GL9089" TextId="T_GL9089" BusType="IDB_ModbusTCP" DefineFileName="GL9089.xml" AllowedInSlots="0..0" Available="true"/>
    <ItemRef Target="IDM_GL9073" TextId="T_GL9073" BusType="IDB_Modbus485" DefineFileName="GL9073.xml" AllowedInSlots="0..0" Available="true"/>
    <ItemRef Target="IDM_GL9086" TextId="T_GL9086" BusType="IDB_EtherCAT" DefineFileName="GL9086.xml" AllowedInSlots="0..0" Available="true"/>
    <!-- LDH Add VP7310 -->
    <ItemRef Target="IDM_VP7310" TextId="T_VP7310" BusType="IDB_ModbusTCP" DefineFileName="VP7310.xml" AllowedInSlots="0..0" Available="true"/>
  </Group>
</CouplerList>