<?xml version="1.0" encoding="UTF-8"?>

<!--**********************************************************************
** $File: listIO.xml 
** $Descrip: I/O module List
** $Version: 1.0.0.0 
** $Maker: CREVIS
** $History   
**   ! 2009.05.10 - v1000. First Release
**   ! 2010.08.10 - v1001. ST-3274, ST-3474, ST-4274, ST-4474 added 
**   ! 2012.11.22 - v1105. RT-1218, RT-2328, RT-3114, RT-4114, RT-3704, RT-3808 added.
**   ! 2012.11.26 - v1105. RT-9261 added.
**   ! 2016.09.22 - v1xxx. GT-311F, GT-342F, GT-442F added.
**   ! 2016.09.29 - v1xxx. GT-2618, GT-2628 added.
**   ! 2016.09.30 - v1xxx. GT-3708, GT-3808 added.
** ******************************************************************* --> 

<IOList>
  <!-- FnBus -->
	<Group Category="SDI" IconIdx="2">
		<ItemRef Target="IDM_ST1218" TextId="T_ST1218" DefineFileName="ST1218.xml" AllowedInSlots="1..32" Available="true"/>
    <ItemRef Target="IDM_ST121F" TextId="T_ST121F" DefineFileName="ST121F.xml" AllowedInSlots="1..32" Available="true"/>
    <ItemRef Target="IDM_ST1904" TextId="T_ST1904" DefineFileName="ST1904.xml" AllowedInSlots="1..32" Available="true"/>
	</Group>

	<Group Category="SDO" IconIdx="3">
    <ItemRef Target="IDM_ST221F" TextId="T_ST221F" DefineFileName="ST221F.xml" AllowedInSlots="1..32" Available="true"/>
    <ItemRef Target="IDM_ST2318" TextId="T_ST2318" DefineFileName="ST2318.xml" AllowedInSlots="1..32" Available="true"/>
	</Group>
	 
	<Group Category="SAI" IconIdx="4">
		<ItemRef Target="IDM_ST3218" TextId="T_ST3218" DefineFileName="ST3218.xml" AllowedInSlots="1..32" Available="true"/>
		<ItemRef Target="IDM_ST3708" TextId="T_ST3708" DefineFileName="ST3708.xml" AllowedInSlots="1..32" Available="true"/>
		<ItemRef Target="IDM_ST3274" TextId="T_ST3274" DefineFileName="ST3274.xml" AllowedInSlots="1..32" Available="true"/>
   	</Group>	
	 
	<Group Category="SAO" IconIdx="5">
    <ItemRef Target="IDM_ST4214" TextId="T_ST4214" DefineFileName="ST4214.xml" AllowedInSlots="1..32" Available="true"/>
	</Group>	   

	<Group Category="SSpecial" IconIdx="7">
    <ItemRef Target="IDM_ST5114" TextId="T_ST5114" DefineFileName="ST5114.xml" AllowedInSlots="1..32" Available="true"/>
    <ItemRef Target="IDM_ST5232" TextId="T_ST5232" DefineFileName="ST5232.xml" AllowedInSlots="1..32" Available="true"/>
  </Group>	  
  
</IOList>
