<?xml version="1.0" encoding="UTF-8"?>

<!--**********************************************************************
** $File: Document.xml 
** $Descrip: IOGuide Projet Document File
** $Version: 1.0.0.0 
** $Maker: CREVIS
** $History   
**   ! 2009.06.5 - v1000. First Release
 
** ******************************************************************* --> 
<PROJECT name="Section 1" Date="June 6 2009" Bustype="Modbus TCP IP">

  <MAP_VIEW>
    <NA_IO>
      <Channel type="Analog Input" channel="0" size="16" InputWordAddr="0x0800" InputBitAddr="0x1000" OutputWordAddr="0x0800" OutputBitAddr="0x1000"/>
    </NA_IO>
    
    <IO model="ST-1214">
      <Channel type="Digital Input" channel_num="0" size="1" InputWordAddr="0x0000" InputBitAddr="0x0000"/>
      <Channel type="Digital Input" channel_num="1" size="1" InputWordAddr="0x0000" InputBitAddr="0x0001"/>
      <Channel type="Digital Input" channel_num="2" size="1" InputWordAddr="0x0000" InputBitAddr="0x0002"/>
      <Channel type="Digital Input" channel_num="3" size="1" InputWordAddr="0x0000" InputBitAddr="0x0003"/>
    </IO>
    
    <IO model="ST-2324">
      <Channel type="Digital Output" channel_num="0" size="1" OutputWordAddr="0x0800" OutputBitAddr="0x1000"/>
      <Channel type="Digital Output" channel_num="1" size="1" OutputWordAddr="0x0800" OutputBitAddr="0x1001"/>
      <Channel type="Digital Output" channel_num="2" size="1" OutputWordAddr="0x0800" OutputBitAddr="0x1002"/>
      <Channel type="Digital Output" channel_num="3" size="1" OutputWordAddr="0x0800" OutputBitAddr="0x1003"/>
    </IO>
    
    <IO model="ST-121F">
      <Channel type="Digital Input" channel_num="0" size="1" InputWordAddr="0x0000" InputBitAddr="0x0008"/>
      <Channel type="Digital Input" channel_num="1" size="1" InputWordAddr="0x0000" InputBitAddr="0x0009"/>
      <Channel type="Digital Input" channel_num="2" size="1" InputWordAddr="0x0000" InputBitAddr="0x000A"/>
      <Channel type="Digital Input" channel_num="3" size="1" InputWordAddr="0x0000" InputBitAddr="0x000B"/>
      <Channel type="Digital Input" channel_num="4" size="1" InputWordAddr="0x0000" InputBitAddr="0x000C"/>
      <Channel type="Digital Input" channel_num="5" size="1" InputWordAddr="0x0000" InputBitAddr="0x000D"/>
      <Channel type="Digital Input" channel_num="6" size="1" InputWordAddr="0x0000" InputBitAddr="0x000E"/>
      <Channel type="Digital Input" channel_num="7" size="1" InputWordAddr="0x0000" InputBitAddr="0x000F"/>
      <Channel type="Digital Input" channel_num="8" size="1" InputWordAddr="0x0001" InputBitAddr="0x0010"/>
      <Channel type="Digital Input" channel_num="9" size="1" InputWordAddr="0x0001" InputBitAddr="0x0011"/>
      <Channel type="Digital Input" channel_num="10" size="1" InputWordAddr="0x0001" InputBitAddr="0x0012"/>
      <Channel type="Digital Input" channel_num="11" size="1" InputWordAddr="0x0001" InputBitAddr="0x0013"/>
      <Channel type="Digital Input" channel_num="12" size="1" InputWordAddr="0x0001" InputBitAddr="0x0014"/>
      <Channel type="Digital Input" channel_num="13" size="1" InputWordAddr="0x0001" InputBitAddr="0x0015"/>
      <Channel type="Digital Input" channel_num="14" size="1" InputWordAddr="0x0001" InputBitAddr="0x0016"/>
      <Channel type="Digital Input" channel_num="15" size="1" InputWordAddr="0x0001" InputBitAddr="0x0017"/>
    </IO>
    
    <IO model="ST-222F">
      <Channel type="Digital Output" channel_num="0" size="1" OutputWordAddr="0x0800" OutputBitAddr="0x1008"/>
      <Channel type="Digital Output" channel_num="1" size="1" OutputWordAddr="0x0800" OutputBitAddr="0x1009"/>
      <Channel type="Digital Output" channel_num="2" size="1" OutputWordAddr="0x0800" OutputBitAddr="0x100A"/>
      <Channel type="Digital Output" channel_num="3" size="1" OutputWordAddr="0x0800" OutputBitAddr="0x100B"/>
      <Channel type="Digital Output" channel_num="4" size="1" OutputWordAddr="0x0800" OutputBitAddr="0x100C"/>
      <Channel type="Digital Output" channel_num="5" size="1" OutputWordAddr="0x0800" OutputBitAddr="0x100D"/>
      <Channel type="Digital Output" channel_num="6" size="1" OutputWordAddr="0x0800" OutputBitAddr="0x100E"/>
      <Channel type="Digital Output" channel_num="7" size="1" OutputWordAddr="0x0800" OutputBitAddr="0x100F"/>
      <Channel type="Digital Output" channel_num="8" size="1" OutputWordAddr="0x0801" OutputBitAddr="0x1010"/>
      <Channel type="Digital Output" channel_num="9" size="1" OutputWordAddr="0x0801" OutputBitAddr="0x1011"/>
      <Channel type="Digital Output" channel_num="10" size="1" OutputWordAddr="0x0801" OutputBitAddr="0x1012"/>
      <Channel type="Digital Output" channel_num="11" size="1" OutputWordAddr="0x0801" OutputBitAddr="0x1013"/>
      <Channel type="Digital Output" channel_num="12" size="1" OutputWordAddr="0x0801" OutputBitAddr="0x1014"/>
      <Channel type="Digital Output" channel_num="13" size="1" OutputWordAddr="0x0801" OutputBitAddr="0x1015"/>
      <Channel type="Digital Output" channel_num="14" size="1" OutputWordAddr="0x0801" OutputBitAddr="0x1016"/>
      <Channel type="Digital Output" channel_num="15" size="1" OutputWordAddr="0x0801" OutputBitAddr="0x1017"/>
    </IO>
    
    <IO model="ST-3134">
      <Channel type="Analog Input" channel_num="0" size="16" InputWordAddr="0x0001" InputBitAddr="0x0018"/>
      <Channel type="Analog Input" channel_num="1" size="16" InputWordAddr="0x0002" InputBitAddr="0x0028"/>
      <Channel type="Analog Input" channel_num="2" size="16" InputWordAddr="0x0003" InputBitAddr="0x0038"/>
      <Channel type="Analog Input" channel_num="3" size="16" InputWordAddr="0x0004" InputBitAddr="0x0048"/>
    </IO>
    
    <IO model="ST-4112">
      <Channel type="Analog Output" channel_num="0" size="16" OutputWordAddr="0x0801" OutputBitAddr="0x1018"/>
      <Channel type="Analog Output" channel_num="1" size="16" OutputWordAddr="0x0802" OutputBitAddr="0x1028"/>
    </IO>
    
    <IO model="ST-3524">
      <Channel type="Analog Input" channel_num="0" size="16" InputWordAddr="0x0005" InputBitAddr="0x0058"/>
      <Channel type="Analog Input" channel_num="1" size="16" InputWordAddr="0x0006" InputBitAddr="0x0068"/>
      <Channel type="Analog Input" channel_num="2" size="16" InputWordAddr="0x0007" InputBitAddr="0x0078"/>
      <Channel type="Analog Input" channel_num="3" size="16" InputWordAddr="0x0008" InputBitAddr="0x0088"/>
    </IO>
    
    <IO model="ST-4522">
      <Channel type="Analog Output" channel_num="0" size="16" OutputWordAddr="0x0803" OutputBitAddr="0x1038"/>
      <Channel type="Analog Output" channel_num="1" size="16" OutputWordAddr="0x0804" OutputBitAddr="0x1048"/>
    </IO>
    
    <IO model="ST-3802">
      <Channel type="Analog Input" channel_num="0" size="16" InputWordAddr="0x0009" InputBitAddr="0x0098"/>
      <Channel type="Analog Input" channel_num="1" size="16" InputWordAddr="0x000A" InputBitAddr="0x00A8"/>
    </IO>
    
    <IO model="ST-7241">
    </IO>
  </MAP_VIEW>

</PROJECT>
