﻿<?xml version="1.0" encoding="UTF-8"?>

<!--**********************************************************************
** $File: ST3708.xml 
** $Descrip: Define I/O module (ST-3708)
** $Version: 1.0.0.0 
** $Maker: 
** $History   
** ******************************************************************* --> 

<IOProfile>
	<DeviceInfo ID="IDM_ST3708" DeviceID="0x65" Category="SAI">	
		<General> 
			<Name TextId="T_ST3708"/>
			<InfoText TextId="T_INFO_ST3708"/>
			<OrderNumber Value="ST-3708"/>
			<GraphicFile Value="ST-3708"/> 
			<HelpLink Value="ST-3708.htm"/> 
			<KeySpec Value="RTD/Resistance Input Terminal"/>
			<Features AddrMapPriority="A" CanCommunication="true" FieldPwrCutoffBefore="false" FieldPwrFreeNext = "false" SystemPwrExpansion="0"/>
		</General>
			
		<Specification>
			<HardwareVer TextId="T_HardwareVer" Value="1.00" Unit="" Visible="true"/>	 
			<PowerDissipation TextId="T_PowerDissipation" Value="100" Unit="mA" Visible="true"/>	 		<!--단위는 mA-->
			<FieldPower TextId="T_FieldPower" Value=""  Unit="Vdc" Visible="true"/>									
			<Dimension TextId="T_Dimension" Height="99" Width="70" Value="12" Unit="mm" Visible="true"/>
			<AllowedInSlots TextId="T_AllowedInSlots" Value="1..32" Unit="" Visible="true"/>	
														
			<Items>
				<Ref TextId="T_ConversionTime" Value="30msec / 1 Channel" Unit="" Visible="true" /> 			
				<Ref TextId="T_DataFormat" Value="16bit Integer (2's compliment)" Unit="" Visible="true" /> 	
				<Ref TextId="T_DissolutionAbility" Value="0.1°C / 10mohm" Unit="" Visible="true" /> 	 
			</Items>
		</Specification>

		<Monitoring>
			<CommBlock InitOnly="true" Freq=""/>
		</Monitoring>

		<IOData InputLength="16" OutputLength="0">
			<Input OneChSize="16">
				<Ref TextId="T_AI_Data_00" ChannelType="RTD" Conversion="ByParaVal:1,2" DataType="Float16" Length="1" Unit="" Visible="true"/>
				<Ref TextId="T_AI_Data_01" ChannelType="RTD" Conversion="ByParaVal:1,2" DataType="Float16" Length="1" Unit="" Visible="true"/>
				<Ref TextId="T_AI_Data_02" ChannelType="RTD" Conversion="ByParaVal:1,2" DataType="Float16" Length="1" Unit="" Visible="true"/>
				<Ref TextId="T_AI_Data_03" ChannelType="RTD" Conversion="ByParaVal:1,2" DataType="Float16" Length="1" Unit="" Visible="true"/>
        <Ref TextId="T_AI_Data_04" ChannelType="RTD" Conversion="ByParaVal:1,2" DataType="Float16" Length="1" Unit="" Visible="true"/>
        <Ref TextId="T_AI_Data_05" ChannelType="RTD" Conversion="ByParaVal:1,2" DataType="Float16" Length="1" Unit="" Visible="true"/>
        <Ref TextId="T_AI_Data_06" ChannelType="RTD" Conversion="ByParaVal:1,2" DataType="Float16" Length="1" Unit="" Visible="true"/>
        <Ref TextId="T_AI_Data_07" ChannelType="RTD" Conversion="ByParaVal:1,2" DataType="Float16" Length="1" Unit="" Visible="true"/>
			</Input>
		</IOData>

		<Parameters Index="1" Length="2">
			<Name TextId="T_Module parameters"/>
			<Const Data="0x00,0x00"/>
			<Ref TextId="T_REF_Sensor_Type" ValueItemTarget="IDV_Sensor_Type" DataType="Unsigned8" ByteOffset="0" BitOffset="0" Length="1" DefaultValue="0" AllowedValues="" Changeable="true" Visible="true" />
			<Ref TextId="T_REF_Temperature_Type" ValueItemTarget="IDV_Temperature_Type" DataType="Bit" ByteOffset="1" BitOffset="0" Length="1" DefaultValue="0" AllowedValues="1,0,1" Changeable="true" Visible="true" />
			<Ref TextId="T_REF_Resolution_Type" ValueItemTarget="IDV_Resolution_Type" DataType="BitArea" ByteOffset="1" BitOffset="2" Length="2" DefaultValue="0" AllowedValues="1,0,1" Changeable="true" Visible="true" />
			<Ref TextId="T_REF_Filter_Type" ValueItemTarget="IDV_Filter_Type" DataType="Bit" ByteOffset="1" BitOffset="4" Length="1" DefaultValue="0" AllowedValues="1,0,1" Changeable="true" Visible="true" />
      <!--<Ref TextId="T_Reserved" ValueItemTarget="" DataType="Bit" ByteOffset="1" BitOffset="5" Length="2" DefaultValue="0" AllowedValues="1,0,1" Changeable="true" Visible="false" />-->
			<!-- Please, add parameter below --> 
			
		</Parameters>
 
		<!-- ============================================================================================ -->
		<!--      Value list                                                                              -->
		<!-- ============================================================================================ -->
		<ValueList> 
			<ValueItem ID="IDV_Sensor_Type"> 
				<Assign Content="0" TextId="T_PT100" Conversion="Resolution:0.1,-2000,8500,-2000,8500" Unit=""/>
				<Assign Content="1" TextId="T_PT200" Conversion="Resolution:0.1,-2000,8500,-2000,8500" Unit=""/>
				<Assign Content="2" TextId="T_PT500" Conversion="Resolution:0.1,-2000,8500,-2000,8500" Unit=""/>
				<Assign Content="3" TextId="T_PT1000" Conversion="Resolution:0.1,-2000,3500,-2000,3500" Unit=""/>
				<Assign Content="4" TextId="T_PT50" Conversion="Resolution:0.1,-2000,8500,-2000,8500" Unit=""/>
        <Assign Content="5" TextId="T_PPT100" Conversion="Resolution:0.1,-5000,6000,-5000,6000" Unit=""/>
				<Assign Content="16" TextId="T_JPT100" Conversion="Resolution:0.1,-2000,6400,-2000,6400" Unit=""/>
				<Assign Content="17" TextId="T_JPT200" Conversion="Resolution:0.1,-2000,6400,-2000,6400" Unit=""/>
				<Assign Content="18" TextId="T_JPT500" Conversion="Resolution:0.1,-2000,6400,-2000,6400" Unit=""/>
				<Assign Content="19" TextId="T_JPT1000" Conversion="Resolution:0.1,-2000,3500,-2000,3500" Unit=""/>
				<Assign Content="20" TextId="T_JPT50" Conversion="Resolution:0.1,-2000,3500,-2000,3500" Unit=""/>
				<Assign Content="32" TextId="T_NI100" Conversion="Resolution:0.1,-600,2500,-600,2500" Unit=""/>
				<Assign Content="33" TextId="T_NI200" Conversion="Resolution:0.1,-600,2500,-600,2500" Unit=""/>
				<Assign Content="34" TextId="T_NI500" Conversion="Resolution:0.1,-600,2500,-600,2500" Unit=""/>
				<Assign Content="35" TextId="T_NI1000" Conversion="Resolution:0.1,-600,1800,-600,1800" Unit=""/>
				<Assign Content="48" TextId="T_NI120" Conversion="Resolution:0.1,-800,2500,-800,2500" Unit=""/>
				<Assign Content="83" TextId="T_NI1000LG" Conversion="Resolution:0.1,-500,1200,-500,1200" Unit=""/>
				<Assign Content="128" TextId="T_1to2000ohm" Conversion="Resolution:0.1,10,20000,1,2000" Unit="ohm"/>
				<Assign Content="129" TextId="T_1to327ohm" Conversion="Resolution:0.01,100,32700,1,327" Unit="ohm"/>
				<Assign Content="130" TextId="T_1to620ohm" Conversion="Resolution:0.02,50,31000,1,620" Unit="ohm"/>  
				<Assign Content="131" TextId="T_1to1200ohm" Conversion="Resolution:0.05,20,24000,1,1200" Unit="ohm"/>  
			</ValueItem>
			<ValueItem ID="IDV_Temperature_Type"> 
				<Assign Content="0" TextId="T_Celsius" Unit="°C"/>
				<Assign Content="1" TextId="T_Fahrenheit" Unit="°F"/>
			</ValueItem>
			<ValueItem ID="IDV_Resolution_Type"> 
				<Assign Content="0" TextId="T_VeryHighResolution"/>
				<Assign Content="1" TextId="T_HighResolution"/>
        <Assign Content="2" TextId="T_DoubleVeryHighResolution"/>
			</ValueItem>
			<ValueItem ID="IDV_Filter_Type"> 
				<Assign Content="0" TextId="T_NormalFilter"/>
				<Assign Content="1" TextId="T_EnhancedFilter"/>
        
			</ValueItem>
		</ValueList>	
		
		<!-- Diag 정의 --> 
		
	</DeviceInfo>
		

	<!-- Please, add IO modules below --> 
	
	 
		
		
 
</IOProfile>
