﻿<?xml version="1.0" encoding="UTF-8"?>

<!--**********************************************************************
** $File: GT3814.xml 
** $Descrip: Define I/O module (GT-3814)
** $Version: 1.0.0.0 
** $Maker: CREVIS
** $History   
** ******************************************************************* --> 

<IOProfile>
	<DeviceInfo ID="IDM_GT3814" DeviceID="0x3814" Category="GAI">	
		<General> 
			<Name TextId="T_GT3814"/>
			<InfoText TextId="T_INFO_GT3814"/>
			<OrderNumber Value="GT-3814"/>
			<GraphicFile Value="GT-3814"/> 
			<HelpLink Value="GT-3814.htm"/> 
			<KeySpec Value="4 Channels, TEMP.Controller, TC Input, SSR Output"/>
			<Features AddrMapPriority="A" CanCommunication="true" FieldPwrCutoffBefore="false" FieldPwrFreeNext = "false" SystemPwrExpansion="0"/>
		</General>
			
		<Specification>
			<HardwareVer TextId="T_HardwareVer" Value="1.00" Unit="" Visible="false"/>	 
			<PowerDissipation TextId="T_PowerDissipation" Value="50" Unit="mA" Visible="true"/>	 		<!--단위는 mA-->
			<FieldPower TextId="T_FieldPower" Value="24"  Unit="Vdc" Visible="true"/>									
			<Dimension TextId="T_Dimension" Height="99" Width="70" Value="12" Unit="mm" Visible="true"/>
			<AllowedInSlots TextId="T_AllowedInSlots" Value="1..64" Unit="" Visible="true"/>	
														
			<Items>
				<Ref TextId="T_ConversionTime" Value="" Unit="" Visible="true" /> 			
				<Ref TextId="T_DataFormat" Value="16bit signed Integer(2's compliment)" Unit="" Visible="true" /> 	
				<Ref TextId="T_DissolutionAbility" Value="0.1°C" Unit="" Visible="true" /> 	 
			</Items>
		</Specification>

		<Monitoring>
			<CommBlock InitOnly="true" Freq=""/>
		</Monitoring>

		<IOData InputLength="20" OutputLength="12">
			<Input OneChSize="16">
        <Ref TextId="T_TEMP_InData_00_01" ChannelType="BI" DataType="Integer16" Length="1" Unit="" Visible="true"/>
        <Ref TextId="T_TEMP_InData_02_03" ChannelType="BI" DataType="Integer16" Length="1" Unit="" Visible="true"/>
	    	<Ref TextId="T_TEMP_InData_04" ChannelType="BI" DataType="Integer16" Length="1" Unit="0.1Celcius/Count" Visible="true"/>
	    	<Ref TextId="T_TEMP_InData_05" ChannelType="BI" DataType="Integer16" Length="1" Unit="0.1Celcius/Count" Visible="true"/>
        <Ref TextId="T_TEMP_InData_06" ChannelType="BI" DataType="Integer16" Length="1" Unit="0.1Celcius/Count" Visible="true"/>
        <Ref TextId="T_TEMP_InData_07" ChannelType="BI" DataType="Integer16" Length="1" Unit="0.1Celcius/Count" Visible="true"/>
        <Ref TextId="T_TEMP_InData_08" ChannelType="BI" DataType="Integer16" Length="1" Unit="0.1Celcius/Count" Visible="true"/>
		    <Ref TextId="T_TEMP_InData_09" ChannelType="BI" DataType="Integer16" Length="1" Unit="0.1Celcius/Count" Visible="true"/>
        <Ref TextId="T_TEMP_InData_10" ChannelType="BI" DataType="Integer16" Length="1" Unit="0.1Celcius/Count" Visible="true"/>
        <Ref TextId="T_TEMP_InData_11" ChannelType="BI" DataType="Integer16" Length="1" Unit="0.1Celcius/Count" Visible="true"/>
 			</Input>
			<Output OneChSize="8">
        <Ref TextId="T_TEMP_OutData_00" ChannelType="BO" DataType="ByteArea" Length="1" Unit="" Visible="true"/>
        <Ref TextId="T_TEMP_OutData_01" ChannelType="BO" DataType="ByteArea" Length="1" Unit="" Visible="true"/>
        <Ref TextId="T_TEMP_OutData_02" ChannelType="BO" DataType="ByteArea" Length="1" Unit="" Visible="true"/>
        <Ref TextId="T_TEMP_OutData_03" ChannelType="BO" DataType="ByteArea" Length="1" Unit="" Visible="true"/>
	    	<Ref TextId="T_TEMP_OutData_04" ChannelType="BO" DataType="ByteArea" Length="1" Unit="0.1Celcius/Count" Visible="true"/>
        <Ref TextId="T_TEMP_OutData_05" ChannelType="BO" DataType="ByteArea" Length="1" Unit="0.1Celcius/Count" Visible="true"/>
	    	<Ref TextId="T_TEMP_OutData_06" ChannelType="BO" DataType="ByteArea" Length="1" Unit="0.1Celcius/Count" Visible="true"/>
        <Ref TextId="T_TEMP_OutData_07" ChannelType="BO" DataType="ByteArea" Length="1" Unit="0.1Celcius/Count" Visible="true"/>
	    	<Ref TextId="T_TEMP_OutData_08" ChannelType="BO" DataType="ByteArea" Length="1" Unit="0.1Celcius/Count" Visible="true"/>
        <Ref TextId="T_TEMP_OutData_09" ChannelType="BO" DataType="ByteArea" Length="1" Unit="0.1Celcius/Count" Visible="true"/>
	    	<Ref TextId="T_TEMP_OutData_10" ChannelType="BO" DataType="ByteArea" Length="1" Unit="0.1Celcius/Count" Visible="true"/>
        <Ref TextId="T_TEMP_OutData_11" ChannelType="BO" DataType="ByteArea" Length="1" Unit="0.1Celcius/Count" Visible="true"/>
 			</Output>
		</IOData>

	<Parameters/>
    
    <!-- ============================================================================================ -->
    <!--      Value list                                                                              -->
    <!-- ============================================================================================ -->
    <ValueList> 
    </ValueList>
    <!-- Diag 정의 --> 
		
	</DeviceInfo>
		

	<!-- Please, add IO modules below --> 
	
	 
		
		
 
</IOProfile>
