<?xml version="1.0" encoding="UTF-8"?>

<!--**********************************************************************
** $File: GT7588.xml 
** $Descrip: Define I/O module (GT-7588)
** $Version: 1.0.0.0 
** $Maker: CREVIS
** $History   
**   ! 2009.05.10 - v1000. First Release
 
** ******************************************************************* --> 

<IOProfile>
	<DeviceInfo ID="IDM_GT7588" DeviceID="0x7588" Category="GPower">	
		<General> 
			<Name TextId="T_GT7588"/>
			<InfoText TextId="T_INFO_GT7588"/>
			<OrderNumber Value="GT-7588"/>
			<GraphicFile Value="GT-7588"/> 
			<HelpLink Value="GT-7588.htm"/> 
			<KeySpec Value="Potential Distributor, for 24Vdc and 0V"/> 			
			<Features AddrMapPriority="" CanCommunication="true" FieldPwrCutoffBefore="true" FieldPwrFreeNext = "true" SystemPwrExpansion="0"/>			
		</General>
			
		<Specification>
			<HardwareVer TextId="T_HardwareVer" Value="2.00" Unit="" Visible="true"/>	 
			<PowerDissipation TextId="T_PowerDissipation" Value="30" Unit="mA" Visible="true"/>	 		<!--단위는 mA-->
			<FieldPower TextId="T_FieldPower" Value=""  Unit="Vdc" Visible="true"/>							
			<Dimension TextId="T_Dimension" Height="99" Width="70" Value="12" Unit="mm" Visible="true"/>
			<AllowedInSlots TextId="T_AllowedInSlots" Value="1..64" Unit="" Visible="true"/>	
														
			<Items>
				<Ref TextId="T_FieldPowerVoltage" Value="24Vdc, 0V" Unit="" Visible="true" />
				<Ref TextId="T_ContactCurrent" Value="Max 10A" Unit="" Visible="true" />
				<Ref TextId="T_Indicators" Value="1 Green4 LED, Module Sataus" Unit="" Visible="true" />
				<Ref TextId="T_OperatingTemper" Value="-40 to +70°C" Unit="" Visible="true" />
				<Ref TextId="T_StorageTemper" Value="" Unit="" Visible="false" />
			</Items>
		</Specification>

		<Monitoring>
			<CommBlock InitOnly="true" Freq=""/>
		</Monitoring>

		<IOData/>
		<Parameters/>
		
		<!-- Diag 정의 --> 
		
	</DeviceInfo>
		

	<!-- Please, add IO modules below --> 
	
	 
		
		
 
</IOProfile>
