<?xml version="1.0" encoding="UTF-8"?>

<!--**********************************************************************
** $File: RT3424.xml 
** $Descrip: Define I/O module (RT-3424)
** $Version: 1.0.0.0 
** $Maker: CREVIS
** $History   
**   ! 2013.07.1 - v1000. Create New RT-3424
** ******************************************************************* --> 

<IOProfile>
	<DeviceInfo ID="IDM_RT3424" DeviceID="0x3424" Category="RAI">	
		<General> 
			<Name TextId="T_RT3424"/>
			<InfoText TextId="T_INFO_RT3424"/>
			<OrderNumber Value="RT-3424"/>
			<GraphicFile Value="RT-3424"/> 
			<HelpLink Value="RT-3424.htm"/> 
			<KeySpec Value="4Channels, Voltage Input Range 0~10Vdc or 0~5Vdc,12bit"/>
			<Features AddrMapPriority="A" CanCommunication="true" FieldPwrCutoffBefore="false" FieldPwrFreeNext = "false" SystemPwrExpansion="0"/>
		</General>
			
		<Specification>
			<HardwareVer TextId="T_HardwareVer" Value="2.00" Unit="" Visible="false"/>	 
			<PowerDissipation TextId="T_PowerDissipation" Value="140" Unit="mA" Visible="true"/>	 		<!--단위는 mA-->
			<FieldPower TextId="T_FieldPower" Value="24"  Unit="Vdc" Visible="false"/>									
			<Dimension TextId="T_Dimension" Height="99" Width="70" Value="12" Unit="mm" Visible="true"/>
			<AllowedInSlots TextId="T_AllowedInSlots" Value="1..64" Unit="" Visible="true"/>	
														
			<Items>
				<Ref TextId="T_ResolutionRanges" Value="12Bits : 2.44mV/Bit" Unit="" Visible="true" /> 			
				<Ref TextId="T_InputCurrentRange" Value="0 ~ 10Vdc, 0 ~ 5Vdc" Unit="" Visible="true" /> 	
				<Ref TextId="T_InputImpedance" Value="500Kohm" Unit="" Visible="true" /> 	 
			</Items>
		</Specification> 
			
		<Monitoring>
			<CommBlock InitOnly="true" Freq=""/>
		</Monitoring>
 
		<IOData InputLength="8" OutputLength="0">
			<Input OneChSize="16">
				<Ref TextId="T_AI_Data_00" ChannelType="AI" Conversion="ByParaVal:1,1" DataType="Float16" Length="1" Unit="V" Visible="true"/>
				<Ref TextId="T_AI_Data_01" ChannelType="AI" Conversion="ByParaVal:2,2" DataType="Float16" Length="1" Unit="V" Visible="true"/>
				<Ref TextId="T_AI_Data_02" ChannelType="AI" Conversion="ByParaVal:3,3" DataType="Float16" Length="1" Unit="V" Visible="true"/>
				<Ref TextId="T_AI_Data_03" ChannelType="AI" Conversion="ByParaVal:4,4" DataType="Float16" Length="1" Unit="V" Visible="true"/>
			</Input>
		</IOData>
		
    <Parameters Index="1" Length="6">
      <Name TextId="T_Module parameters"/>
      <Const Data="0x00,0x00,0x00,0x00,0x00,0x00"/>
      <Ref TextId="T_AnalogRange_Ch0" ValueItemTarget="IDV_CurrentRange" DataType="Unsigned8" ByteOffset="0" BitOffset="0" Length="1" DefaultValue="0" AllowedValues="" Changeable="true" Visible="true" />
      <Ref TextId="T_AnalogRange_Ch1" ValueItemTarget="IDV_CurrentRange" DataType="Unsigned8" ByteOffset="1" BitOffset="0" Length="1" DefaultValue="0" AllowedValues="" Changeable="true" Visible="true" />
      <Ref TextId="T_AnalogRange_Ch2" ValueItemTarget="IDV_CurrentRange" DataType="Unsigned8" ByteOffset="2" BitOffset="0" Length="1" DefaultValue="0" AllowedValues="" Changeable="true" Visible="true" />
      <Ref TextId="T_AnalogRange_Ch3" ValueItemTarget="IDV_CurrentRange" DataType="Unsigned8" ByteOffset="3" BitOffset="0" Length="1" DefaultValue="0" AllowedValues="" Changeable="true" Visible="true" />
      <Ref TextId="T_Firmwarefilter" ValueItemTarget="" DataType="Unsigned8" ByteOffset="4" BitOffset="0" Length="1" DefaultValue="0" AllowedValues="1,0,62" Changeable="true" Visible="true" />
      <Ref TextId="T_Reserved" ValueItemTarget="" DataType="ByteArea" ByteOffset="5" BitOffset="0" Length="1" DefaultValue="0" AllowedValues="" Changeable="true" Visible="false" />

      <!-- Please, add parameter below -->

    </Parameters>
    <!-- ============================================================================================ -->
    <!--      Value list                                                                              -->
    <!-- ============================================================================================ -->
    <ValueList>
      <ValueItem ID="IDV_CurrentRange">
        <Assign Content="0" TextId="T_0~10V" Conversion="Resolution:0.1,0,4095,0,10" Unit="V"/>
        <Assign Content="1" TextId="T_0~5V" Conversion="Resolution:0.1,0,4095,0,5" Unit="V"/>
      </ValueItem>

    </ValueList>
		<!-- Diag 정의 --> 
		
	</DeviceInfo>
		

	<!-- Please, add IO modules below --> 
	
	 
		
		
 
</IOProfile>
