<?xml version="1.0" encoding="UTF-8"?>

<!--**********************************************************************
** $File: RTF100.xml 
** $Descrip: Define I/O module 
** $Version: 1.0.0.0 
** $Maker: CREVIS
** ******************************************************************* --> 

<IOProfile>
	<DeviceInfo ID="IDM_RTF100" DeviceID="0x9999" Category="RSpecial">	
		<General> 
			<Name TextId="T_RTF100"/>
			<InfoText TextId="T_INFO_RTF100"/>
			<OrderNumber Value="RT-F100"/>
			<GraphicFile Value="RT-F100"/> 
			<HelpLink Value="RT-F100.htm"/> 
			<KeySpec Value="Sepcial High Speed Counter"/> 			
			<Features AddrMapPriority="8" CanCommunication="true" FieldPwrCutoffBefore="false" FieldPwrFreeNext = "false" SystemPwrExpansion="0"/>
		</General>

		<Specification>
			<HardwareVer TextId="T_HardwareVer" Value="1.00" Unit="" Visible="true"/>	 
			<PowerDissipation TextId="T_PowerDissipation" Value="130" Unit="mA" Visible="true"/> <!--단위는 mA-->
			<FieldPower TextId="T_FieldPower" Value="24"  Unit="Vdc" Visible="true"/>			
			<Dimension TextId="T_Dimension" Height="120" Width="70" Value="12" Unit="mm" Visible="true"/>
			<AllowedInSlots TextId="T_AllowedInSlots" Value="1..64" Unit="" Visible="true"/>	

			<Items>
				<Ref TextId="T_FieldPowerRange" Value="13~32Vdc" Unit="" Visible="true" />	
				<Ref TextId="T_OutputVoltageRange" Value="24Vdc nominal, Min.15Vdc to Max.32Vdc" Unit="" Visible="true" />
				<Ref TextId="T_OutputCurrentRating" Value="Min. 0.5A Per Channel" Unit="" Visible="flase" />
      </Items>
		</Specification>
			
		<Monitoring>
			<CommBlock InitOnly="true" Freq=""/>
		</Monitoring>

		<IOData InputLength="35" OutputLength="18">
      <Input OneChSize="8">
        <Ref TextId="T_CHIP_Count" ChannelType="BI" DataType="ByteArea" Length="4" Unit="" Visible="true"/>
        <Ref TextId="T_TRIG_Count" ChannelType="BI" DataType="ByteArea" Length="4" Unit="" Visible="true"/>
        <Ref TextId="T_Result_OK_Count" ChannelType="BI" DataType="ByteArea" Length="4" Unit="" Visible="true"/>
        <Ref TextId="T_Result_NG1_Count" ChannelType="BI" DataType="ByteArea" Length="4" Unit="" Visible="true"/>
        <Ref TextId="T_Result_NG2_Count" ChannelType="BI" DataType="ByteArea" Length="4" Unit="" Visible="true"/>
        <Ref TextId="T_Result_RETEST_Count" ChannelType="BI" DataType="ByteArea" Length="4" Unit="" Visible="true"/>
        <Ref TextId="T_ENC_Counter" ChannelType="BI" DataType="ByteArea" Length="4" Unit="" Visible="true"/>
        <Ref TextId="T_LAST_CHIP_POS" ChannelType="BI" DataType="ByteArea" Length="4" Unit="" Visible="true"/>
        <Ref TextId="T_LAST_CHIP_SIZE" ChannelType="BI" DataType="ByteArea" Length="2" Unit="" Visible="true"/>
        <Ref TextId="T_SYS_ALARM" ChannelType="BI" DataType="ByteArea" Length="1" Unit="" Visible="true"/>
      </Input>
      <Output OneChSize="8">
        <Ref TextId="T_PROC_RESULT" ChannelType="BO" DataType="ByteArea" Length="1" Unit="" Visible="true"/>
        <Ref TextId="T_Mode" ChannelType="BO" DataType="ByteArea" Length="1" Unit="" Visible="true"/>
        <Ref TextId="T_INV" ChannelType="BO" DataType="ByteArea" Length="1" Unit="" Visible="true"/>
        <Ref TextId="T_Reserved" ChannelType="BO" DataType="ByteArea" Length="1" Unit="" Visible="false"/>
        <Ref TextId="T_POS_OFFSET" ChannelType="BO" DataType="ByteArea" Length="4" Unit="" Visible="true"/>
        <Ref TextId="T_CHIP_SIZE_MAX" ChannelType="BO" DataType="ByteArea" Length="2" Unit="" Visible="true"/>
        <Ref TextId="T_CHIP_SIZE_MIN" ChannelType="BO" DataType="ByteArea" Length="2" Unit="" Visible="true"/>
        <Ref TextId="T_CHIP_BLANK_MIN" ChannelType="BO" DataType="ByteArea" Length="2" Unit="" Visible="true"/>
        <Ref TextId="T_CHIP_SIZE" ChannelType="BO" DataType="ByteArea" Length="2" Unit="" Visible="true"/>
        <Ref TextId="T_TRIG_OUT_SIZE" ChannelType="BO" DataType="ByteArea" Length="2" Unit="" Visible="true"/>
      </Output>
		</IOData>

		<Parameters/>
		
		<!-- Diag 정의 --> 
		
	</DeviceInfo>
		

	<!-- Please, add IO modules below --> 
	
	 
		
		
 
</IOProfile>
