<?xml version="1.0" encoding="UTF-8"?>

<!--**********************************************************************
** $File: RTF200.xml 
** $Descrip: Define I/O module 
** $Version: 1.0.0.0 
** $Maker: CREVIS
** ******************************************************************* --> 

<IOProfile>
	<DeviceInfo ID="IDM_RTF200" DeviceID="0x9999" Category="RSpecial">	
		<General> 
			<Name TextId="T_RTF200"/>
			<InfoText TextId="T_INFO_RTF200"/>
			<OrderNumber Value="RT-F200"/>
			<GraphicFile Value="RT-F200"/> 
			<HelpLink Value="RT-F200.htm"/> 
			<KeySpec Value="Sepcial High Speed Counter"/> 			
			<Features AddrMapPriority="8" CanCommunication="true" FieldPwrCutoffBefore="false" FieldPwrFreeNext = "false" SystemPwrExpansion="0"/>
		</General>

		<Specification>
			<HardwareVer TextId="T_HardwareVer" Value="1.00" Unit="" Visible="true"/>	 
			<PowerDissipation TextId="T_PowerDissipation" Value="130" Unit="mA" Visible="true"/> <!--단위는 mA-->
			<FieldPower TextId="T_FieldPower" Value="24"  Unit="Vdc" Visible="true"/>			
			<Dimension TextId="T_Dimension" Height="120" Width="70" Value="12" Unit="mm" Visible="true"/>
			<AllowedInSlots TextId="T_AllowedInSlots" Value="1..64" Unit="" Visible="true"/>	

			<Items>
				<Ref TextId="T_FieldPowerRange" Value="15~32Vdc" Unit="" Visible="true" />	
				<Ref TextId="T_OutputVoltageRange" Value="24Vdc nominal, Min.15Vdc to Max.32Vdc" Unit="" Visible="true" />
				<Ref TextId="T_OutputCurrentRating" Value="Min. 0.5A Per Channel" Unit="" Visible="flase" />
      </Items>
		</Specification>
			
		<Monitoring>
			<CommBlock InitOnly="true" Freq=""/>
		</Monitoring>

		<IOData InputLength="35" OutputLength="50">
      <Input OneChSize="8">
        <Ref TextId="T_Total_Chip_Count" ChannelType="BI" DataType="ByteArea" Length="4" Unit="" Visible="true"/>
        <Ref TextId="T_Effective_Chip_Count" ChannelType="BI" DataType="ByteArea" Length="4" Unit="" Visible="true"/>
        <Ref TextId="T_TRIG_OUT_Count" ChannelType="BI" DataType="ByteArea" Length="4" Unit="" Visible="true"/>
        <Ref TextId="T_info_result_time" ChannelType="BI" DataType="ByteArea" Length="4" Unit="" Visible="true"/>
        <Ref TextId="T_info_lastErr_resultCount" ChannelType="BI" DataType="ByteArea" Length="4" Unit="" Visible="true"/>
        <Ref TextId="T_info_sv_result" ChannelType="BI" DataType="ByteArea" Length="4" Unit="" Visible="true"/>
        <Ref TextId="T_ENC_COUNTER" ChannelType="BI" DataType="ByteArea" Length="4" Unit="" Visible="true"/>
        <Ref TextId="T_LAST_CHIP_POS" ChannelType="BI" DataType="ByteArea" Length="4" Unit="" Visible="true"/>
        <Ref TextId="T_Reserved" ChannelType="BI" DataType="ByteArea" Length="2" Unit="" Visible="false"/>
        <Ref TextId="T_SYS_ALARM" ChannelType="BI" DataType="ByteArea" Length="1" Unit="" Visible="true"/>
      </Input>
      <Output OneChSize="8">
        <Ref TextId="T_SYS_CONTROL" ChannelType="BO" DataType="ByteArea" Length="1" Unit="" Visible="true"/>
        <Ref TextId="T_SYS_MODE" ChannelType="BO" DataType="ByteArea" Length="1" Unit="" Visible="true"/>
        <Ref TextId="T_INV" ChannelType="BO" DataType="ByteArea" Length="1" Unit="" Visible="true"/>
        <Ref TextId="T_CAM_END_MODULE_ID" ChannelType="BO" DataType="ByteArea" Length="1" Unit="" Visible="true"/>
        <Ref TextId="T_POS_OFFSET" ChannelType="BO" DataType="ByteArea" Length="4" Unit="" Visible="true"/>
        <Ref TextId="T_TRIG_OUTx_DELAY" ChannelType="BO" DataType="ByteArea" Length="2" Unit="" Visible="true"/>
        <Ref TextId="T_ALARM_MASK" ChannelType="BO" DataType="ByteArea" Length="2" Unit="" Visible="true"/>
        <Ref TextId="T_TRIG_INTV_MIN" ChannelType="BO" DataType="ByteArea" Length="2" Unit="" Visible="true"/>
        <Ref TextId="T_RESULT_HOLD_TIME" ChannelType="BO" DataType="ByteArea" Length="2" Unit="" Visible="true"/>
        <Ref TextId="T_TRIG_OUT_SIZE" ChannelType="BO" DataType="ByteArea" Length="2" Unit="" Visible="true"/>
        <Ref TextId="T_RESULT_INFO_0" ChannelType="BO" DataType="ByteArea" Length="2" Unit="" Visible="true"/>
        <Ref TextId="T_RESULT_INFO_1" ChannelType="BO" DataType="ByteArea" Length="2" Unit="" Visible="true"/>
        <Ref TextId="T_RESULT_INFO_2" ChannelType="BO" DataType="ByteArea" Length="2" Unit="" Visible="true"/>
        <Ref TextId="T_RESULT_INFO_3" ChannelType="BO" DataType="ByteArea" Length="2" Unit="" Visible="true"/>
        <Ref TextId="T_RESULT_INFO_4" ChannelType="BO" DataType="ByteArea" Length="2" Unit="" Visible="true"/>
        <Ref TextId="T_RESULT_INFO_5" ChannelType="BO" DataType="ByteArea" Length="2" Unit="" Visible="true"/>
        <Ref TextId="T_RESULT_INFO_6" ChannelType="BO" DataType="ByteArea" Length="2" Unit="" Visible="true"/>
        <Ref TextId="T_RESULT_INFO_7" ChannelType="BO" DataType="ByteArea" Length="2" Unit="" Visible="true"/>
        <Ref TextId="T_RESULT_INFO_8" ChannelType="BO" DataType="ByteArea" Length="2" Unit="" Visible="true"/>
        <Ref TextId="T_RESULT_INFO_9" ChannelType="BO" DataType="ByteArea" Length="2" Unit="" Visible="true"/>
        <Ref TextId="T_RESULT_INFO_10" ChannelType="BO" DataType="ByteArea" Length="2" Unit="" Visible="true"/>
        <Ref TextId="T_RESULT_INFO_11" ChannelType="BO" DataType="ByteArea" Length="2" Unit="" Visible="true"/>
        <Ref TextId="T_RESULT_INFO_12" ChannelType="BO" DataType="ByteArea" Length="2" Unit="" Visible="true"/>
        <Ref TextId="T_RESULT_INFO_13" ChannelType="BO" DataType="ByteArea" Length="2" Unit="" Visible="true"/>
        <Ref TextId="T_RESULT_INFO_14" ChannelType="BO" DataType="ByteArea" Length="2" Unit="" Visible="true"/>
        <Ref TextId="T_RESULT_INFO_15" ChannelType="BO" DataType="ByteArea" Length="2" Unit="" Visible="true"/>
      </Output>
		</IOData>

		<Parameters/>
		
		<!-- Diag 정의 --> 
		
	</DeviceInfo>
		

	<!-- Please, add IO modules below --> 
	
	 
		
		
 
</IOProfile>
