<?xml version="1.0" encoding="UTF-8"?>

<!--**********************************************************************
** $File: ST4911.xml 
** $Descrip: Define I/O module (ST-4911)
** $Version: 1.0.0.0 
** $Maker: CREVIS
** $History   
**   ! 2009.05.10 - v1000. First Release
 
** ******************************************************************* --> 

<IOProfile>
	<DeviceInfo ID="IDM_ST4911" DeviceID="0x31" Category="SAO">	
		<General> 
			<Name TextId="T_ST4911"/>
			<InfoText TextId="T_INFO_ST4911"/>
			<OrderNumber Value="ST-4911"/>
			<GraphicFile Value="ST-4911"/> 
			<HelpLink Value="ST-4911.htm"/>  
			<KeySpec Value="Output Range : 0 ~ 1A"/> 			
			<Features AddrMapPriority="A" CanCommunication="true" FieldPwrCutoffBefore="false" FieldPwrFreeNext = "false" SystemPwrExpansion="0"/>			
		</General>
			
		<Specification>
			<HardwareVer TextId="T_HardwareVer" Value="2.00" Unit="" Visible="true"/>	 
			<PowerDissipation TextId="T_PowerDissipation" Value="60" Unit="mA" Visible="true"/>	 		<!--단위는 mA-->
			<FieldPower TextId="T_FieldPower" Value="24"  Unit="Vdc" Visible="true"/>							
			<Dimension TextId="T_Dimension" Height="99" Width="70" Value="24" Unit="mm" Visible="true"/>
			<AllowedInSlots TextId="T_AllowedInSlots" Value="1..32" Unit="" Visible="true"/>	
														
			<Items>
				<Ref TextId="T_FieldPowerRange" Value="24Vdc nominal. 15~28.8Vdc" Unit="" Visible="true" />	
				<Ref TextId="T_ResolutionRanges" Value="12Bits : 0.244mA/Bit" Unit="" Visible="true" /> 			
				<Ref TextId="T_OutputCurrentRange" Value="0 ~ 1A" Unit="" Visible="true" /> 	
				<Ref TextId="T_LoadImpedance" Value="13ohm" Unit="" Visible="true" /> 	 	
			</Items>
		</Specification>

		<Monitoring>
			<CommBlock InitOnly="true" Freq=""/>
		</Monitoring>

		<IOData InputLength="0" OutputLength="2">
			<Output OneChSize="16">
				<Ref TextId="T_AO_Data_00" ChannelType="AO" Conversion="Linear:0,4095,0,1" DataType="Float16" Length="1" Unit="A" Visible="true"/>
			</Output>
		</IOData>

		<Parameters Index="1" Length="6">
			<Name TextId="T_Module parameters"/>
			<Const Data="0x00,0x00,0x00,0x00,0x00,0x00"/>
			<Ref TextId="T_REF_Fault_Action_ch0" ValueItemTarget="IDV_Fault_Action_1" DataType="BitArea" ByteOffset="0" BitOffset="0" Length="2" DefaultValue="0" AllowedValues="1,0,3" Changeable="true" Visible="true" />
			<Ref TextId="T_REF_SubstituteValue_ch0" ValueItemTarget="" DataType="Unsigned16" ByteOffset="2" BitOffset="0" Length="1" DefaultValue="0" AllowedValues="1,0,4095" Changeable="true" Visible="true" />
			<!-- Please, add parameter below --> 
			
		</Parameters>
		
		<!-- ============================================================================================ -->
		<!--      Value list                                                                              -->
		<!-- ============================================================================================ -->
		<ValueList> 
			<ValueItem ID="IDV_Fault_Action_1">
				<Assign Content="0" TextId="T_FaultValue"/>
				<Assign Content="1" TextId="T_HoldLastState"/>
				<Assign Content="2" TextId="T_Lowlimit"/>
				<Assign Content="3" TextId="T_Highlimit"/>
			</ValueItem>
		</ValueList>	
		
		<!-- Diag 정의 --> 
		
	</DeviceInfo>
		

	<!-- Please, add IO modules below --> 
	
	 
		
		
 
</IOProfile>
