<?xml version="1.0" encoding="UTF-8"?>

<!--**********************************************************************
** $File: ST5221.xml 
** $Descrip: Define I/O module (ST-5221)
** $Version: 1.0.0.0 
** $Maker: CREVIS
** $History   
**   ! 2009.05.10 - v1000. First Release
 
** ******************************************************************* --> 

<IOProfile>
	<DeviceInfo ID="IDM_ST5221" DeviceID="0x44" Category="SSpecial">	
		<General> 
			<Name TextId="T_ST5221"/>
			<InfoText TextId="T_INFO_ST5221"/>
			<OrderNumber Value="ST-5221"/>
			<GraphicFile Value="ST-5221"/> 
			<HelpLink Value="ST-5221.htm"/>  
			<KeySpec Value="1 Channels RS 422 Serial Interface"/> 			
			<Features AddrMapPriority="B" CanCommunication="true" FieldPwrCutoffBefore="false" FieldPwrFreeNext = "false" SystemPwrExpansion="0"/>			
		</General>
			
		<Specification>
			<HardwareVer TextId="T_HardwareVer" Value="2.00" Unit="" Visible="true"/>	 
			<PowerDissipation TextId="T_PowerDissipation" Value="155" Unit="mA" Visible="true"/>	 		<!--단위는 mA-->
			<FieldPower TextId="T_FieldPower" Value=""  Unit="Vdc" Visible="true"/>							
			<Dimension TextId="T_Dimension" Height="99" Width="70" Value="12" Unit="mm" Visible="true"/>
			<AllowedInSlots TextId="T_AllowedInSlots" Value="1..32" Unit="" Visible="true"/>	
														
			<Items>
				<Ref TextId="T_DataBuffer" Value="In/Out User Data 5bytes, Control/Status 1byte" Unit="" Visible="true" />	
				<Ref TextId="T_RxdBuffer" Value="1024 bytes" Unit="" Visible="true" /> 			
				<Ref TextId="T_TxdBuffer" Value="256 bytes" Unit="" Visible="true" /> 	
				<Ref TextId="T_InputImageSize" Value="6 bytes" Unit="" Visible="true" /> 	 	
				<Ref TextId="T_OutputImageSize" Value="6 bytes" Unit="" Visible="true" /> 	 					
			</Items>
		</Specification>

		<Monitoring>
			<CommBlock InitOnly="true" Freq=""/>
		</Monitoring>

		<IOData InputLength="6" OutputLength="6">
			<Input OneChSize="8">
				<Ref TextId="T_Status_Data_00" ChannelType="BI" DataType="ByteArea" Length="1" Unit="" Visible="true"/>
				<Ref TextId="T_Byte_InData_00" ChannelType="BI" DataType="ByteArea" Length="1" Unit="" Visible="true"/>
				<Ref TextId="T_Byte_InData_01" ChannelType="BI" DataType="ByteArea" Length="1" Unit="" Visible="true"/>
				<Ref TextId="T_Byte_InData_02" ChannelType="BI" DataType="ByteArea" Length="1" Unit="" Visible="true"/>
				<Ref TextId="T_Byte_InData_03" ChannelType="BI" DataType="ByteArea" Length="1" Unit="" Visible="true"/>
				<Ref TextId="T_Byte_InData_04" ChannelType="BI" DataType="ByteArea" Length="1" Unit="" Visible="true"/>
			</Input>
			<Output OneChSize="8">
				<Ref TextId="T_Ctrl_Data_00" ChannelType="BO" DataType="ByteArea" Length="1" Unit="" Visible="true"/>
				<Ref TextId="T_Byte_OutData_00" ChannelType="BO" DataType="ByteArea" Length="1" Unit="" Visible="true"/>
				<Ref TextId="T_Byte_OutData_01" ChannelType="BO" DataType="ByteArea" Length="1" Unit="" Visible="true"/>
				<Ref TextId="T_Byte_OutData_02" ChannelType="BO" DataType="ByteArea" Length="1" Unit="" Visible="true"/>
				<Ref TextId="T_Byte_OutData_03" ChannelType="BO" DataType="ByteArea" Length="1" Unit="" Visible="true"/>
				<Ref TextId="T_Byte_OutData_04" ChannelType="BO" DataType="ByteArea" Length="1" Unit="" Visible="true"/>
			</Output>
		</IOData> 

		<Parameters Index="1" Length="2">
			<Name TextId="T_Module parameters"/>
			<Const Data="0x20,0x00"/>
			<Ref TextId="T_REF_Baud_Rate" ValueItemTarget="IDV_Baud_Rate" DataType="BitArea" ByteOffset="0" BitOffset="0" Length="4" DefaultValue="0" AllowedValues="1,0,15" Changeable="true" Visible="true"/>
			<Ref TextId="T_REF_Data_Bit" ValueItemTarget="IDV_Data_Bit" DataType="BitArea" ByteOffset="0" BitOffset="4" Length="2" DefaultValue="0" AllowedValues="1,0,3" Changeable="true" Visible="true"/>
			<Ref TextId="T_REF_Parity_Bit" ValueItemTarget="IDV_Parity_Bit" DataType="BitArea" ByteOffset="0" BitOffset="6" Length="2" DefaultValue="0" AllowedValues="1,0,3" Changeable="true" Visible="true"/>
			<Ref TextId="T_REF_Stop_Bit" ValueItemTarget="IDV_Stop_Bit" DataType="Bit" ByteOffset="1" BitOffset="0" Length="1" DefaultValue="0" AllowedValues="1,0,1" Changeable="true" Visible="true"/>
			<Ref TextId="T_REF_TxD" ValueItemTarget="IDV_TxD" DataType="Bit" ByteOffset="1" BitOffset="1" Length="1" DefaultValue="0" AllowedValues="1,0,1" Changeable="true" Visible="true"/>
			<Ref TextId="T_REF_Flow_Control" ValueItemTarget="IDV_Flow_Control" DataType="BitArea" ByteOffset="1" BitOffset="2" Length="2" DefaultValue="0" AllowedValues="1,0,3" Changeable="true" Visible="true"/>
			<!-- Please, add parameter below --> 
			
		</Parameters>
		
		<!-- ============================================================================================ -->
		<!--      Value list                                                                              -->
		<!-- ============================================================================================ -->
		<ValueList> 
  		<ValueItem ID="IDV_Baud_Rate"> 
				<Assign Content="0" TextId="T_300bps"/>
				<Assign Content="1" TextId="T_1200bps"/>
				<Assign Content="2" TextId="T_2400bps"/>
				<Assign Content="3" TextId="T_4800bps"/>
				<Assign Content="4" TextId="T_9600bps"/>
				<Assign Content="5" TextId="T_19200bps"/>
				<Assign Content="6" TextId="T_38400bps"/>
				<Assign Content="7" TextId="T_57600bps"/>
				<Assign Content="8" TextId="T_115200bps"/>
			</ValueItem>
			<ValueItem ID="IDV_Data_Bit"> 
				<Assign Content="0" TextId="T_7DataBit"/>
				<Assign Content="1" TextId="T_8DataBit"/>
				<Assign Content="2" TextId="T_9DataBit"/>
			</ValueItem>
			<ValueItem ID="IDV_Parity_Bit"> 
				<Assign Content="0" TextId="T_NoParity"/>
				<Assign Content="1" TextId="T_OddParity"/>
				<Assign Content="2" TextId="T_EvenParity"/>
			</ValueItem>
			<ValueItem ID="IDV_Stop_Bit"> 
				<Assign Content="0" TextId="T_1StopBit"/>
				<Assign Content="1" TextId="T_2StopBit"/>
			</ValueItem>
			<ValueItem ID="IDV_TxD"> 
				<Assign Content="0" TextId="T_Disable"/>
				<Assign Content="1" TextId="T_Enable"/>
			</ValueItem>
			<ValueItem ID="IDV_Flow_Control"> 
				<Assign Content="0" TextId="T_FlowCtrlDisable"/>
				<Assign Content="1" TextId="T_FlowCtrlRTS"/>
				<Assign Content="2" TextId="T_FlowCtrlCTS"/>
				<Assign Content="3" TextId="T_FlowCtrlRTSCTS"/>
			</ValueItem>
		</ValueList>	
		
		<!-- Diag 정의 --> 
		
	</DeviceInfo>
		

	<!-- Please, add IO modules below --> 
	
	 
		
		
 
</IOProfile>
