<?xml version="1.0" encoding="UTF-8"?>

<!--**********************************************************************
** $File: listTextID.xml 
** $Descrip: Define Text ID
** $Version: 1.1.0.5 #3 
** $Maker:
** $History   
** ******************************************************************* --> 

<TextList> 
	<!-- Bus Type -->	
	<Text TextId="IDB_ModbusTCP" Value="MODBUS TCP/IP" DescValue=""/>
	<Text TextId="IDB_Modbus232" Value="MODBUS Serial(RS-232)" DescValue=""/>	
	<Text TextId="IDB_Modbus485" Value="MODBUS Serial(RS-485)" DescValue=""/>	
	<Text TextId="IDB_ProfibusDP" Value="PROFIBUS-DP" DescValue=""/>	
	<Text TextId="IDB_CClink" Value="CC-Link" DescValue=""/>	
	<Text TextId="IDB_CANopen" Value="CANopen" DescValue=""/>	
	<Text TextId="IDB_DeviceNet" Value="DeviceNet" DescValue=""/>	
	<Text TextId="IDB_EthernetIP" Value="EtherNet/IP" DescValue=""/>
  <Text TextId="IDB_PowerLink" Value="POWERLINK" DescValue=""/>
  <!--LDH0000 EtherCAT 통신 방식 추가-->
  <Text TextId="IDB_EtherCAT" Value="EtherCAT" DescValue=""/>
  <Text TextId="IDB_UDP" Value="UDP" DescValue=""/>
  <Text TextId="IDB_PROFINET" Value="PROFINET" DescValue=""/>
  
  
	<!-- NA -->
  <Text TextId="T_RIO2xxxx" Value="RIO2-xxxx" DescValue="RIO2-xxxx Unknown Network Adapter"/>
  <Text TextId="T_INFO_RIO2xxxx" Value="RIO2-xxxx Unknown Network Adapter" DescValue=""/>
  <Text TextId="T_RIO2-DNA" Value="RIO2-DNA" DescValue="RIO2-DNA Device Net"/>
  <Text TextId="T_INFO_RIO2-DNA" Value="RIO2-DNA Device Net Network Adapter" DescValue=""/>
  <Text TextId="T_RIO2-PBA" Value="RIO2-PBA" DescValue="RIO2-DNA PROFIBUS DP/V1"/>
	<Text TextId="T_INFO_RIO2-PBA" Value="RIO2-PBA PROFIBUS DP/V1 Network Adapter" DescValue=""/>
  <Text TextId="T_RIO2-PNA" Value="RIO2-PNA" DescValue="RIO2-PNA(PROFINET)"/>
  <Text TextId="T_INFO_RIO2-PNA" Value="RIO2-PNA PROFINET Network Adapter " DescValue=""/>
  <Text TextId="T_RIO2-ECA" Value="RIO2-ECA" DescValue="RIO2-ECA(ETherCAT)"/>
  <Text TextId="T_INFO_RIO2-ECA" Value="RIO2-ECA ETherCAT Network Adapter " DescValue=""/>
  <Text TextId="T_RIO2-MBR" Value="RIO2-MBR" DescValue="RIO2-MBR MODBUS Serial(RS-485)"/>
  <Text TextId="T_INFO_RIO2-MBR" Value="RIO2-MBR MODBUS Serial(RS-485) Network Adapter" DescValue=""/>
  <Text TextId="T_RIO2-MBT" Value="RIO2-MBT" DescValue="RIO2-MBT TCP"/>
  <Text TextId="T_INFO_RIO2-MBT" Value="RIO2-MBT TCP Network Adapter " DescValue=""/>
  <Text TextId="T_RIO2-CAN" Value="RIO2-CAN" DescValue="RIO2-CAN(CANopen)"/>
  <Text TextId="T_INFO_RIO2-CAN" Value="RIO2-CAN CANopen Network Adapter" DescValue=""/>
  <Text TextId="T_RIO2-PBA2" Value="RIO2-PBA2" DescValue="RIO2-PBA2 PROFIBUS DP/V1"/>
  <Text TextId="T_INFO_RIO2-PBA2" Value="RIO2-PBA2 PROFIBUS DP/V1 Network Adapter" DescValue=""/>

  <!-- DI -->
  <Text TextId="T_RIO2-XDP4" Value="RIO2-XDP4" DescValue="RIO2-XDP4,24VDC,Sink,4DI"/>
  <Text TextId="T_INFO_RIO2-XDP4" Value="RIO2-XDP4, 5VDC, Source, 4DI" DescValue=""/>
  <Text TextId="T_RIO2-XDP8" Value="RIO2-XDP8" DescValue="RIO2-XDP8,24VDC,Sink,8DI"/>
  <Text TextId="T_INFO_RIO2-XDP8" Value="ST-RIO2-XDP8, 24VDC, Sink, 8DI" DescValue=""/>
  <Text TextId="T_RIO2-XDP16" Value="RIO2-XDP16" DescValue="RIO2-XDP16,24VDC,Sink,16DI"/>
  <Text TextId="T_INFO_RIO2-XDP16" Value="RIO2-XDP16, 24VDC, Sink, 16DI" DescValue=""/>
  <Text TextId="T_RIO2-XAH4" Value="RIO2-XAH4" DescValue="RIO2-XAH4,220VAC,4DI"/>
  <Text TextId="T_INFO_RIO2-XAH4" Value="RIO2-XAH4, 220VAC, AC Input Terminal, 4DI" DescValue=""/>
  
	<!-- DO -->
  <Text TextId="T_RIO2-YTP4" Value="RIO2-YTP4" DescValue="RIO2-YTP4,24VDC,Source,4DO"/>
  <Text TextId="T_INFO_RIO2-YTP4" Value="RIO2-YTP4, 24VDC/0.5A, Source, 4DO" DescValue=""/>
  <Text TextId="T_RIO2-YTP8" Value="RIO2-YTP8" DescValue="RIO2-YTP8,24VDC,Source,8DO"/>
  <Text TextId="T_INFO_RIO2-YTP8" Value="RIO2-YTP8, 24VDC/0.5A, Source, 8DO" DescValue=""/>
  <Text TextId="T_RIO2-YTP16" Value="RIO2-YTP16" DescValue="RIO2-YTP16,24VDC,Source,16DO"/>
  <Text TextId="T_INFO_RIO2-YTP16" Value="RIO2-YTP16, 24VDC/0.3A, Source, 16DO" DescValue=""/>
  <Text TextId="T_RIO2-YTP4C" Value="RIO2-YTP4C" DescValue="RIO2-YTP4C,24VDC,Source,4DO"/>
  <Text TextId="T_INFO_RIO2-YTP4C" Value="RIO2-YTP4C, 24VDC/2A, Source, 4DO" DescValue=""/>
  <Text TextId="T_RIO2-YR4" Value="RIO2-YR4" DescValue="RIO2-YR4,230VAC,24VDC,Relay,4DO"/>
  <Text TextId="T_INFO_RIO2-YR4" Value="RIO2-YR4, 230VAC/2A, 24VDC/2A, Relay Output, 4DO" DescValue=""/>
  <Text TextId="T_RIO2-YR8" Value="RIO2-YR8" DescValue="RIO2-YR8,230VAC,24VDC,Relay,8DO"/>
  <Text TextId="T_INFO_RIO2-YR8" Value="RIO2-YR8, 230VAC/2A, 24VDC/2A, Relay Output, 8DO" DescValue=""/>
  
  
	<!-- AI -->
  <Text TextId="T_RIO2-AX4I" Value="RIO2-AX4I" DescValue="RIO2-AX4I,4~20mA,12bit,4AI"/>
  <Text TextId="T_INFO_RIO2-AX4I" Value="RIO2-AX4I, 4~20mA, 12bit, 4AI" DescValue=""/>
  <Text TextId="T_RIO2-AX8I" Value="RIO2-AX8I" DescValue="RIO2-AX8I,4~20mA,12bit,8AI"/>
  <Text TextId="T_INFO_RIO2-AX8I" Value="RIO2-AX8I, 4~20mA, 12bit, 8AI" DescValue=""/>
  <Text TextId="T_RIO2-AX4V" Value="RIO2-AX4V" DescValue="RIO2-AX4V,0~10V,12bit,4AI"/>
  <Text TextId="T_INFO_RIO2-AX4V" Value="RIO2-AX4V, 0~10V, 12bit, 4AI" DescValue=""/>
  <Text TextId="T_RIO2-AX8V" Value="RIO2-AX8V" DescValue="RIO2-AX8V,0~10V,12bit,8AI"/>
  <Text TextId="T_INFO_RIO2-AX8V" Value="RIO2-AX8V, 0~10V, 12bit, 8AI" DescValue=""/>
  <Text TextId="T_RIO2-AX4H" Value="RIO2-AX4H" DescValue="RIO2-AX4H,-10~10V,12bit,4AI"/>
  <Text TextId="T_INFO_RIO2-AX4H" Value="RIO2-AX4H, -10~10V, 12bit, 4AI" DescValue=""/>
  <Text TextId="T_RIO2-RTD2" Value="RIO2-RTD2" DescValue="RIO2-RTD2,RTD,2AI"/>
  <Text TextId="T_INFO_RIO2-RTD2" Value="RIO2-RTD2, RTD/Resistance, 2AI" DescValue=""/>
  <Text TextId="T_RIO2-RTD4" Value="RIO2-RTD4" DescValue="RIO2-RTD4,RTD,4AI"/>
  <Text TextId="T_INFO_RIO2-RTD4" Value="RIO2-RTD4, RTD/Resistance, 4AI" DescValue=""/>
  <Text TextId="T_RIO2-RTD8" Value="RIO2-RTD8" DescValue="RIO2-RTD8,RTD,8AI"/>
  <Text TextId="T_INFO_RIO2-RTD8" Value="RIO2-RTD8, RTD/Resistance, 8AI" DescValue=""/>
  <Text TextId="T_RIO2-TC2" Value="RIO2-TC2" DescValue="RIO2-TC2,TC/mV,2AI"/>
  <Text TextId="T_INFO_RIO2-TC2" Value="RIO2-TC2, Thermocouple/mV, 2AI" DescValue=""/>
  <Text TextId="T_RIO2-TC4" Value="RIO2-TC4" DescValue="RIO2-TC4,TC/mV,4AI"/>
	<Text TextId="T_INFO_RIO2-TC4" Value="RIO2-TC4, Thermocouple/mV, 4AI" DescValue=""/>
  
	<!-- AO -->	
  <Text TextId="T_RIO2-AY2I" Value="RIO2-AY2I" DescValue="RIO2-AY2I,4~20mA,12bit,2AO"/>
	<Text TextId="T_INFO_RIO2-AY2I" Value="RIO2-AY2I, 4~20mA, 12bit, 2AO" DescValue=""/>
  <Text TextId="T_RIO2-AY4I" Value="RIO2-AY4I" DescValue="RIO2-AY4I,4~20mA,12bit,4AO"/>
  <Text TextId="T_INFO_RIO2-AY4I" Value="RIO2-AY4I, 4~20mA, 12bit, 4AO" DescValue=""/>
  <Text TextId="T_RIO2-AY2V" Value="RIO2-AY2V" DescValue="RIO2-AY2V,0~10V,12bit,2AO"/>
  <Text TextId="T_INFO_RIO2-AY2V" Value="RIO2-AY2V, 0~10V, 12bit, 2AO" DescValue=""/>
  <Text TextId="T_RIO2-AY4V" Value="RIO2-AY4V" DescValue="RIO2-AY4V,0~10V,12bit,4AO"/>
  <Text TextId="T_INFO_RIO2-AY4V" Value="RIO2-AY4V, 0~10V, 12bit, 4AO" DescValue=""/>
  <Text TextId="T_RIO2-AY2H" Value="RIO2-AY2H" DescValue="RIO2-AY2H,-10~10V,12bit,2AO"/>
  <Text TextId="T_INFO_RIO2-AY2H" Value="RIO2-AY2H, -10~10V, 12bit, 2AO" DescValue=""/>
	
  <!-- Special -->
  <Text TextId="T_RIO2-CU24" Value="RIO2-CU24" DescValue="RIO2-CU24,24VDC,HSC,1ch"/>
  <Text TextId="T_INFO_RIO2-CU24" Value="RIO2-CU24, 24VDC, High Speed Counter, 1Ch" DescValue=""/>
  <Text TextId="T_RIO2-CU24L" Value="RIO2-CU24L" DescValue="RIO2-CU24L,24VDC,HSC,Input,2Ch"/>
  <Text TextId="T_INFO_RIO2-CU24L" Value="RIO2-CU24L, 24VDC, High Speed Counter Input, 2Ch" DescValue=""/>
  <Text TextId="T_RIO2-RS232" Value="RIO2-RS232" DescValue="RIO2-RS232,RS232,Serial,1ch"/>
  <Text TextId="T_INFO_RIO2-RS232" Value="RIO2-RS232, RS232, Serial Interface, 1Ch" DescValue=""/>
  <Text TextId="T_RIO2-RS485" Value="RIO2-RS485" DescValue="RIO2-RS485,RS485,Serial,1ch"/>
  <Text TextId="T_INFO_RIO2-RS485" Value="RIO2-RS485, RS485, Serial Interface, 1Ch" DescValue=""/>
  <Text TextId="T_RIO2-PWM2" Value="RIO2-PWM2" DescValue="RIO2-PWM2,0.5A/24VDC,PWM Output,2Ch"/>
  <Text TextId="T_INFO_RIO2-PWM2" Value="RIO2-PWM2, 0.5A/24VDC, PWM Output, Source, 2Ch" DescValue=""/>
  <Text TextId="T_RIO2-PO2" Value="RIO2-PO2" DescValue="RIO2-PO2,24VDC,Pulse Output,2Ch"/>
  <Text TextId="T_INFO_RIO2-PO2" Value="RIO2-PO2, 0.5A/24VDC, Pulse Output, Source, 2Ch" DescValue=""/>
	<Text TextId="T_RIO2-PSD" Value="RIO2-PSD" DescValue="RIO2-PSD,Expansion Power"/>
	<Text TextId="T_INFO_RIO2-PSD" Value="RIO2-PSD, Expansion Power Supply" DescValue=""/>
	<Text TextId="T_RIO2-PS" Value="RIO2-PS" DescValue="RIO2-PS, Power Distributor"/>
	<Text TextId="T_INFO_RIO2-PS" Value="RIO2-PS, Field Power Distributor" DescValue=""/>
	

	<!-- System -->	
	<Text TextId="T_RIO2-SHD" Value="RIO2-SHD" DescValue="RIO2-SHD,Shield Distributor"/>
	<Text TextId="T_INFO_RIO2-SHD" Value="RIO2-SHD, Potential Distributor, for shield" DescValue=""/>
	<Text TextId="T_RIO2-0VDC" Value="RIO2-0VDC" DescValue="RIO2-0VDC,0Vdc Distributor"/>
	<Text TextId="T_INFO_RIO2-0VDC" Value="RIO2-0VDC, Potential Distributor, for 0V" DescValue=""/>
	<Text TextId="T_RIO2-24VDC" Value="RIO2-24VDC" DescValue="RIO2-24VDC,24Vdc Distributor"/>
	<Text TextId="T_INFO_RIO2-24VDC" Value="RIO2-24VDC, Potential Distributor, for 24VDC" DescValue=""/>
	<Text TextId="T_RIO2-VDC" Value="RIO2-VDC" DescValue="RIO2-VDC,24Vdc/0Vdc Distributor"/>
	<Text TextId="T_INFO_RIO2-VDC" Value="RIO2-VDC, Potential Distributor, for 24VDC and 0V" DescValue=""/>
  
	<!-- Product Group Type -->
	<Text TextId="NA" Value="Network Adapter" DescValue=""/>	
	<Text TextId="DI" Value="Digital Input" DescValue=""/>		
	<Text TextId="DO" Value="Digital Output" DescValue=""/>		
	<Text TextId="AI" Value="Analog Input" DescValue=""/>	
	<Text TextId="AO" Value="Analog Output" DescValue=""/>	 
	<Text TextId="Power" Value="Power Module" DescValue=""/>		
	<Text TextId="Special" Value="Special Module" DescValue=""/>
	<Text TextId="System" Value="System Module" DescValue=""/>
  <!--
  <Text TextId="RNA" Value="R-Network Adapter" DescValue=""/>
  <Text TextId="RDI" Value="R-Digital Input" DescValue=""/>
  <Text TextId="RDO" Value="R-Digital Output" DescValue=""/>
  <Text TextId="RAI" Value="R-Analog Input" DescValue=""/>
  <Text TextId="RAO" Value="R-Analog Output" DescValue=""/>
  <Text TextId="RSpecial" Value="R-Special Module" DescValue=""/>
  -->
	
	<!-- IO Guide Constant -->
	<Text TextId="T_Folder_DefaultName" Value="Untitled Folder" DescValue=""/>	
  <Text TextId="T_HardwareVer" Value="Hardware Version" DescValue=""/>
	<Text TextId="T_MaxNodes" Value="Number of Maximum nodes" DescValue=""/>
	<Text TextId="T_InputMaxSize" Value="Input Max Size" DescValue=""/>
	<Text TextId="T_OutputMaxSize" Value="Output Max Size" DescValue=""/>
  <!--LDH0000 20140205 IO Maxsize add-->
  <Text TextId="T_IOMaxDataSize" Value="Max. DataSize(Inputsize+Outputsize)" DescValue=""/>
  <Text TextId="T_Dimension" Value="Dimension" DescValue=""/>
	<Text TextId="T_PowerDissipation" Value="Power Dissipation" DescValue=""/>
	<Text TextId="T_MaxPowerForIOs" Value="Max Power For IOs" DescValue=""/>
	<Text TextId="T_MaxExpansion" Value="Max Expansion" DescValue=""/>
	<Text TextId="T_SettableNodeAddrRange" Value="Settable Node Address" DescValue=""/>
	
	<Text TextId="T_CurrentForIOModule" Value="Current For IO Module" DescValue=""/>
	<Text TextId="T_FieldPowerRange" Value="Field Power Range" DescValue=""/>
	<Text TextId="T_INTEL" Value="Intel Type" DescValue=""/>
	<Text TextId="T_MOTOROLA" Value="Motorola Type" DescValue=""/>
	<Text TextId="T_Clear_FnBus_Run" Value="Clear FnBus Run" DescValue=""/>
	<Text TextId="T_Hold_FnBus_Run" Value="Hold FnBus Run" DescValue=""/>
	<Text TextId="T_Fault_Acttion" Value="Fault Action" DescValue=""/> 
	<Text TextId="T_DI" Value="Digital Input" DescValue=""/>
	<Text TextId="T_DO" Value="Digital Output" DescValue=""/>
	<Text TextId="T_AutoManual" Value="Auto/Manual" DescValue=""/>
	<Text TextId="T_AutoManual00" Value="Auto/Manual Ch 0" DescValue=""/>
	<Text TextId="T_AutoManual01" Value="Auto/Manual Ch 1" DescValue=""/>
	<Text TextId="T_ManualValue00" Value="Manual Ch 0" DescValue=""/>
	<Text TextId="T_ManualValue01" Value="Manual Ch 1" DescValue=""/>
	<Text TextId="T_AllowedInSlots" Value="Allowed In Slots" DescValue=""/>
	<Text TextId="T_FieldPower" Value="Field Power" DescValue=""/>
	<Text TextId="T_ONStateVoltage" Value="On-State Voltage" DescValue=""/>
	<Text TextId="T_MinOffStateVoltage" Value="Minimum Off State Voltage" DescValue=""/>
	<Text TextId="T_OnStateCurrent" Value="On-State Current" DescValue=""/>
	<Text TextId="T_OutputVoltageRange" Value="Output Voltage Range" DescValue=""/>
	<Text TextId="T_OutputCurrentRating" Value="Output Current Rating" DescValue=""/>
	<Text TextId="T_ONStateVoltageDrop" Value="On-State Voltage Drop" DescValue=""/>
	<Text TextId="T_HighLevelOutputVoltage" Value="High Level Output Voltage" DescValue=""/>
	<Text TextId="T_LowLevelOutputVoltage" Value="Low Level Output Voltage" DescValue=""/>
	<Text TextId="T_OutputCurrentRatingAc" Value="Output Current Rating(AC)" DescValue=""/>
	<Text TextId="T_OutputVoltageRangeAc" Value="Output Voltage Range(AC)" DescValue=""/>
	<Text TextId="T_RelayType" Value="Relay Type" DescValue=""/>
	<Text TextId="T_OutputRatingDc" Value="Output Rating(DC)" DescValue=""/>
	<Text TextId="T_OutputRatingAc" Value="Output Rating(AC)" DescValue=""/>
	<Text TextId="T_RatedLoadVol" Value="Rated Load Voltage" DescValue=""/>
	<Text TextId="T_FrequencyRange" Value="Frequency Range" DescValue=""/>
	<Text TextId="T_ConversionTime" Value="Conversion Time" DescValue=""/>
	<Text TextId="T_DataFormat" Value="Data Format" DescValue=""/>
	<Text TextId="T_DissolutionAbility" Value="Dissolution ability" DescValue=""/>
	<Text TextId="T_ResolutionRanges" Value="Resolution Ranges" DescValue=""/>
	<Text TextId="T_InputCurrentRange" Value="Input Current Range" DescValue=""/>
	<Text TextId="T_InputImpedance" Value="Input Impedance" DescValue=""/>
	<Text TextId="T_OutputCurrentRange" Value="Output Current Range" DescValue=""/>
	<Text TextId="T_LoadImpedance" Value="Load Impedance" DescValue=""/>
	<Text TextId="T_InputVoltage" Value="Input Voltage" DescValue=""/>
	<Text TextId="T_InputCutrrent" Value="Input Current" DescValue=""/>
	<Text TextId="T_InputOnStateCurrent" Value="Input On-State Current" DescValue=""/>
	<Text TextId="T_InputOnStateVoltage" Value="Input On-Sate Voltage" DescValue=""/>
	<Text TextId="T_OutnputOnStateCurrent" Value="Output On-State Current" DescValue=""/>
	<Text TextId="T_OutputOnStateVoltage" Value="Output On-State Voltage" DescValue=""/>
	<Text TextId="T_MaxOnStateVoltage" Value="Maximum On-State Voltage" DescValue=""/>
	<Text TextId="T_MaxInputFrequency" Value="Maximum Input Frequency" DescValue=""/>
	<Text TextId="T_DataBuffer" Value="Data Buffer" DescValue=""/>
	<Text TextId="T_RxdBuffer" Value="RxD Buffer" DescValue=""/>
	<Text TextId="T_TxdBuffer" Value="TxD Buffer" DescValue=""/>
	<Text TextId="T_InputImageSize" Value="Input Image Size" DescValue=""/>
	<Text TextId="T_OutputImageSize" Value="Output Image Size" DescValue=""/>
	<Text TextId="T_FieldPowerVoltage" Value="Field Power Voltage" DescValue=""/>
	<Text TextId="T_ContactCurrent" Value="Contract Current" DescValue=""/>
	<Text TextId="T_Indicators" Value="Indicators" DescValue=""/>
	<Text TextId="T_FnBusPowerContactor" Value="FnBus Power Contractor" DescValue=""/>
	<Text TextId="T_OperatingTemper" Value="Operating Temperature" DescValue=""/>
	<Text TextId="T_StorageTemper" Value="Storage Temperature" DescValue=""/>
	<Text TextId="T_SysInVolRange" Value="System Input Voltage Range" DescValue=""/>
	<Text TextId="T_SysPowInVol" Value="System Power Input Voltage" DescValue=""/>
	<Text TextId="T_FieldPowInVol" Value="Field Power Input Voltage" DescValue=""/>
	<Text TextId="T_FnBusOutVol" Value="FnBus Output Voltage" DescValue=""/>
	<Text TextId="T_Notice" Value="Notice" DescValue=""/>
	<Text TextId="T_InputFrequency" Value="Input Frequency" DescValue=""/>
	<Text TextId="T_OutputCurrent" Value="Output Current" DescValue=""/>
	<Text TextId="T_NumberOfOutput" Value="Number of Output" DescValue=""/>
	<Text TextId="T_SSIDataRate" Value="SSI Data Rate" DescValue=""/>
	<Text TextId="T_SSIDataWidth" Value="SSI Data Width" DescValue=""/>
	<Text TextId="T_SSIDataDelayTime" Value="SSI Data Delay Time" DescValue=""/>
	<Text TextId="T_SSIDataCodeType" Value="SSI Data Code Type" DescValue=""/>
	<Text TextId="T_SSIDataRate" Value="SSI Data Rate" DescValue=""/>
	<Text TextId="T_PulseOutputFrequency" Value="Pulse Output Frequency" DescValue=""/>
	<Text TextId="T_PulseOutputDuty" Value="Pulse Output Duty" DescValue=""/>
	<Text TextId="T_PwmFrequency" Value="PWM Frequency" DescValue=""/>
	<Text TextId="T_PwmDuty" Value="PWM Duty" DescValue=""/>
  <Text TextId="T_Baudrate" Value="Baudrate" DescValue=""/>
  <Text TextId="T_BusSystem" Value="Bus System" DescValue=""/>
  <Text TextId="T_NetworkToLogic" Value="Network to Logic" DescValue=""/>
  <Text TextId="T_LogicToFieldPower" Value="Logic to Field Power" DescValue=""/>
  <Text TextId="T_LogicToSystemPower" Value="Logic to System Power" DescValue=""/>
  

  <!-- IO Parameters -->
	<Text TextId="T_Safe" Value="Fault value" DescValue=""/>
	<Text TextId="T_HoldLastState" Value="Hold Last State" DescValue=""/>
	<Text TextId="T_OFF" Value="OFF" DescValue=""/>
	<Text TextId="T_ON" Value="ON" DescValue=""/>
	<Text TextId="T_PT100" Value="PT100" DescValue=""/>
	<Text TextId="T_PT200" Value="PT200" DescValue=""/>
	<Text TextId="T_PT500" Value="PT500" DescValue=""/>
	<Text TextId="T_PT1000" Value="PT1000" DescValue=""/>
	<Text TextId="T_PT50" Value="PT50" DescValue=""/>
  <!--LDH8282 임병현 요청-->
  <Text TextId="T_PPT100" Value="PPT100_H/W(Rev2.xx)only" DescValue=""/>
  <Text TextId="T_JPT100" Value="JPT100" DescValue=""/>
	<Text TextId="T_JPT200" Value="JPT200" DescValue=""/>
	<Text TextId="T_JPT500" Value="JPT500" DescValue=""/>
	<Text TextId="T_JPT1000" Value="JPT1000" DescValue=""/>
	<Text TextId="T_NI100" Value="NI100" DescValue=""/>
	<Text TextId="T_NI200" Value="NI200" DescValue=""/>
	<Text TextId="T_NI500" Value="NI500" DescValue=""/>
	<Text TextId="T_NI1000" Value="NI1000" DescValue=""/>
	<Text TextId="T_NI120" Value="NI120" DescValue=""/>
	<Text TextId="T_CU10" Value="CU10" DescValue=""/>
  <!--LDH0000 RT3704 Parameter SensorType 추가-->
  <Text TextId="T_NI100LG" Value="NI100LG" DescValue=""/>
  <Text TextId="T_NI200LG" Value="NI200LG" DescValue=""/>
  <Text TextId="T_NI500LG" Value="NI500LG" DescValue=""/>
  <!--========================================-->
  <Text TextId="T_NI1000LG" Value="NI1000LG" DescValue=""/>
	<Text TextId="T_JPT50" Value="JPT50" DescValue=""/>
  <!--LDH0000 ST3702 센서 추가-->
  <Text TextId="T_NI1000,BALCO" Value="NI1000,BALCO" DescValue=""/>

  <!--LDH0000 20140228 AnalogMode Parameter Add-->
  <Text TextId="T_AnalogRange_Ch0" Value="AnalogRange_Ch0" DescValue=""/>
  <Text TextId="T_AnalogRange_Ch1" Value="AnalogRange_Ch1" DescValue=""/>
  <Text TextId="T_AnalogRange_Ch2" Value="AnalogRange_Ch2" DescValue=""/>
  <Text TextId="T_AnalogRange_Ch3" Value="AnalogRange_Ch3" DescValue=""/>
  <Text TextId="T_AnalogRange_Ch4" Value="AnalogRange_Ch4" DescValue=""/>
  <Text TextId="T_AnalogRange_Ch5" Value="AnalogRange_Ch5" DescValue=""/>
  <Text TextId="T_AnalogRange_Ch6" Value="AnalogRange_Ch6" DescValue=""/>
  <Text TextId="T_AnalogRange_Ch7" Value="AnalogRange_Ch7" DescValue=""/>
  <Text TextId="T_Reserved" Value="Reserved" DescValue=""/>
  <Text TextId="T_Firmwarefilter" Value="Firmwarefilter" DescValue=""/>

  <Text TextId="T_0~20mA" Value="0~20mA" DescValue=""/>
  <Text TextId="T_4~20mA" Value="4~20mA" DescValue=""/>
  <Text TextId="T_-20~20mA" Value="-20~20mA" DescValue=""/>
  <Text TextId="T_0~10V" Value="0~10V" DescValue=""/>
  <Text TextId="T_0~5V" Value="0~5V" DescValue=""/>
  <Text TextId="T_-10~10V" Value="-10~10V" DescValue=""/>
  <Text TextId="T_-5~5V" Value="-5~5V" DescValue=""/>
  
  <Text TextId="T_1to2000ohm" Value="Resistance 0.1ohm 1~2000ohm" DescValue=""/>
	<Text TextId="T_1to327ohm" Value="Resistance 0.01ohm 1~327ohm" DescValue=""/>
	<Text TextId="T_1to620ohm" Value="Resistance 0.02ohm 1~620ohm" DescValue=""/>
	<Text TextId="T_1to1200ohm" Value="Resistance 0.05ohm 1~1200ohm" DescValue=""/>
	<Text TextId="T_Celsius" Value="Celsius" DescValue=""/>
	<Text TextId="T_Fahrenheit" Value="Fahrenheit" DescValue=""/>
	<Text TextId="T_VeryHighResolution" Value="Scale (x10)" DescValue=""/>
	<Text TextId="T_HighResolution" Value="Scale (x1)" DescValue=""/>
  <Text TextId="T_LowResolution" Value="Scale (x0.1)" DescValue=""/>
  <!--LDH add 임병현 요청-->
  <Text TextId="T_DoubleVeryHighResolution" Value="Scale (x100)_only PPT100" DescValue=""/>
  
	<Text TextId="T_NormalFilter" Value="Normal Filter" DescValue=""/>
	<Text TextId="T_EnhancedFilter" Value="Enhanced Filter" DescValue=""/>
	<Text TextId="T_TypeK" Value="Type K" DescValue=""/>
	<Text TextId="T_TypeJ" Value="Type J" DescValue=""/>
	<Text TextId="T_TypeT" Value="Type T" DescValue=""/>
	<Text TextId="T_TypeB" Value="Type B" DescValue=""/>
	<Text TextId="T_TypeR" Value="Type R" DescValue=""/>
	<Text TextId="T_TypeS" Value="Type S" DescValue=""/>
	<Text TextId="T_TypeE" Value="Type E" DescValue=""/>
	<Text TextId="T_TypeN" Value="Type N" DescValue=""/>
	<Text TextId="T_TypeL" Value="Type L" DescValue=""/>
	<Text TextId="T_TypeU" Value="Type U" DescValue=""/>
	<Text TextId="T_TypeC" Value="Type C" DescValue=""/>
	<Text TextId="T_TypeD" Value="Type D" DescValue=""/>
	<Text TextId="T_10uVCnt" Value="-78.0~78.0mV 10uV/count" DescValue=""/>
	<Text TextId="T_1uVCnt" Value="-32.7~32.7mV 1uV/count" DescValue=""/>
	<Text TextId="T_2uVCnt" Value="-65.5~65.5mV 2uV/count" DescValue=""/>
	<Text TextId="T_CJCompensation" Value="Cold Junction Compensation" DescValue=""/>
	<Text TextId="T_DisCompensation" Value="Disable Compensation" DescValue=""/>
	<Text TextId="T_FaultValue" Value="Fault Value" DescValue=""/>
	<Text TextId="T_Lowlimit" Value="Low limit" DescValue=""/>
	<Text TextId="T_Highlimit" Value="High limit" DescValue=""/>
	<Text TextId="T_300bps" Value="300bps" DescValue=""/>
	<Text TextId="T_1200bps" Value="1200bps" DescValue=""/>
	<Text TextId="T_2400bps" Value="2400bps" DescValue=""/>
	<Text TextId="T_4800bps" Value="4800bps" DescValue=""/>
	<Text TextId="T_9600bps" Value="9600bps" DescValue=""/>
	<Text TextId="T_19200bps" Value="19200bps" DescValue=""/>
	<Text TextId="T_38400bps" Value="38400bps" DescValue=""/>
	<Text TextId="T_57600bps" Value="57600bps" DescValue=""/>
	<Text TextId="T_115200bps" Value="115200bps" DescValue=""/>
	<Text TextId="T_7DataBit" Value="7 Data bit" DescValue=""/>
	<Text TextId="T_8DataBit" Value="8 Data bit" DescValue=""/>
	<Text TextId="T_9DataBit" Value="9 Data bit" DescValue=""/>
	<Text TextId="T_NoParity" Value="No Parity" DescValue=""/>
	<Text TextId="T_OddParity" Value="Odd Parity" DescValue=""/>
	<Text TextId="T_EvenParity" Value="Even Parity" DescValue=""/>
	<Text TextId="T_1StopBit" Value="1 bit" DescValue=""/>
	<Text TextId="T_2StopBit" Value="2 bit" DescValue=""/>
	<Text TextId="T_Disable" Value="Disable" DescValue=""/>
	<Text TextId="T_Enable" Value="Enable" DescValue=""/>
	<Text TextId="T_FlowCtrlDisable" Value="RTS,CTS Disable" DescValue=""/>
	<Text TextId="T_FlowCtrlRTS" Value="RTS Enable" DescValue=""/>
	<Text TextId="T_FlowCtrlCTS" Value="CTS Enable" DescValue=""/>
	<Text TextId="T_FlowCtrlRTSCTS" Value="RTS,CTS Enable" DescValue=""/>
	<Text TextId="T_CntDisable" Value="Counter Disable" DescValue=""/>
	<Text TextId="T_1PulseMode" Value="1 Pulse Mode" DescValue=""/>
	<Text TextId="T_2PulseMode" Value="2 Pulse Mode" DescValue=""/>
	<Text TextId="T_1Encoder" Value="Encoder x1" DescValue=""/>
	<Text TextId="T_2Encoder" Value="Encoder x2" DescValue=""/>
	<Text TextId="T_4Encoder" Value="Encoder x4" DescValue=""/>
	<Text TextId="T_PeriodRateMode" Value="Period/Rate Mode" DescValue=""/>
	<Text TextId="T_PwmMode" Value="PWM Output Mode" DescValue=""/>
	<Text TextId="T_GateDisable" Value="Gate Function Disable" DescValue=""/>
	<Text TextId="T_StoreContinue" Value="Store/Continue" DescValue=""/>
	<Text TextId="T_StoreResume" Value="Store/Wait/Resume" DescValue=""/>
	<Text TextId="T_StoreStart" Value="Store-Reset/Wait/Start" DescValue=""/>
	<Text TextId="T_StoreReset" Value="Store-Reset/Start" DescValue=""/>
	<Text TextId="T_FilterBypass" Value="Bypass" DescValue="Bypass"/>
	<Text TextId="T_Filter1us" Value="1usec" DescValue="1usec"/>
	<Text TextId="T_Filter5us" Value="5usec" DescValue=""/>
	<Text TextId="T_Filter10us" Value="10usec" DescValue=""/>
	<Text TextId="T_Filter50us" Value="50usec" DescValue=""/>
	<Text TextId="T_Filter100us" Value="100usec" DescValue=""/>
	<Text TextId="T_Filter500us" Value="500usec" DescValue=""/>
	<Text TextId="T_Filter1ms" Value="1msec" DescValue=""/>
	<Text TextId="T_Filter5ms" Value="5msec" DescValue=""/>
	<Text TextId="T_Filter10ms" Value="10msec" DescValue=""/>
	<Text TextId="T_GateSmple01us" Value="0.1usec" DescValue=""/>
	<Text TextId="T_GateSmple02us" Value="0.2usec" DescValue=""/>
	<Text TextId="T_GateSmple04us" Value="0.4usec" DescValue=""/>
	<Text TextId="T_GateSmple08us" Value="0.8usec" DescValue=""/>
	<Text TextId="T_GateSmple16us" Value="1.6usec" DescValue=""/>
	<Text TextId="T_GateSmple32us" Value="3.2usec" DescValue=""/>
	<Text TextId="T_GateSmple64us" Value="6.4usec" DescValue=""/>
	<Text TextId="T_GateSmple128us" Value="12.8usec" DescValue=""/>
	
	<Text TextId="T_Module parameters" Value="Module parameters" DescValue=""/>
	<Text TextId="T_REF_Fault_Action_ch0" Value="IO Fault Action Channel 0" DescValue=""/>
	<Text TextId="T_REF_Fault_Action_ch1" Value="IO Fault Action Channel 1" DescValue=""/>
	<Text TextId="T_REF_Fault_Action_ch2" Value="IO Fault Action Channel 2" DescValue=""/>
	<Text TextId="T_REF_Fault_Action_ch3" Value="IO Fault Action Channel 3" DescValue=""/>
	<Text TextId="T_REF_Fault_Action_ch4" Value="IO Fault Action Channel 4" DescValue=""/>
	<Text TextId="T_REF_Fault_Action_ch5" Value="IO Fault Action Channel 5" DescValue=""/>
	<Text TextId="T_REF_Fault_Action_ch6" Value="IO Fault Action Channel 6" DescValue=""/>
	<Text TextId="T_REF_Fault_Action_ch7" Value="IO Fault Action Channel 7" DescValue=""/>
	<Text TextId="T_REF_Fault_Action_ch8" Value="IO Fault Action Channel 8" DescValue=""/>
	<Text TextId="T_REF_Fault_Action_ch9" Value="IO Fault Action Channel 9" DescValue=""/>
	<Text TextId="T_REF_Fault_Action_ch10" Value="IO Fault Action Channel 10" DescValue=""/>
	<Text TextId="T_REF_Fault_Action_ch11" Value="IO Fault Action Channel 11" DescValue=""/>
	<Text TextId="T_REF_Fault_Action_ch12" Value="IO Fault Action Channel 12" DescValue=""/>
	<Text TextId="T_REF_Fault_Action_ch13" Value="IO Fault Action Channel 13" DescValue=""/>
	<Text TextId="T_REF_Fault_Action_ch14" Value="IO Fault Action Channel 14" DescValue=""/>
	<Text TextId="T_REF_Fault_Action_ch15" Value="IO Fault Action Channel 15" DescValue=""/>
	<Text TextId="T_REF_SubstituteValue_ch0" Value="IO Fault Value Channel 0" DescValue=""/>
	<Text TextId="T_REF_SubstituteValue_ch1" Value="IO Fault Value Channel 1" DescValue=""/>
	<Text TextId="T_REF_SubstituteValue_ch2" Value="IO Fault Value Channel 2" DescValue=""/>
	<Text TextId="T_REF_SubstituteValue_ch3" Value="IO Fault Value Channel 3" DescValue=""/>
	<Text TextId="T_REF_SubstituteValue_ch4" Value="IO Fault Value Channel 4" DescValue=""/>
	<Text TextId="T_REF_SubstituteValue_ch5" Value="IO Fault Value Channel 5" DescValue=""/>
	<Text TextId="T_REF_SubstituteValue_ch6" Value="IO Fault Value Channel 6" DescValue=""/>
	<Text TextId="T_REF_SubstituteValue_ch7" Value="IO Fault Value Channel 7" DescValue=""/>
	<Text TextId="T_REF_SubstituteValue_ch8" Value="IO Fault Value Channel 8" DescValue=""/>
	<Text TextId="T_REF_SubstituteValue_ch9" Value="IO Fault Value Channel 9" DescValue=""/>
	<Text TextId="T_REF_SubstituteValue_ch10" Value="IO Fault Value Channel 10" DescValue=""/>
	<Text TextId="T_REF_SubstituteValue_ch11" Value="IO Fault Value Channel 11" DescValue=""/>
	<Text TextId="T_REF_SubstituteValue_ch12" Value="IO Fault Value Channel 12" DescValue=""/>
	<Text TextId="T_REF_SubstituteValue_ch13" Value="IO Fault Value Channel 13" DescValue=""/>
	<Text TextId="T_REF_SubstituteValue_ch14" Value="IO Fault Value Channel 14" DescValue=""/>
	<Text TextId="T_REF_SubstituteValue_ch15" Value="IO Fault Value Channel 15" DescValue=""/>
  
  <!--LDH add 임병현 요청-->
  <Text TextId="T_CH0_Offset_Value" Value="CH0 Offset Value" DescValue=""/>
  <Text TextId="T_CH1_Offset_Value" Value="CH1 Offset Value" DescValue=""/>
  <Text TextId="T_CH2_Offset_Value" Value="CH2 Offset Value" DescValue=""/>
  <Text TextId="T_CH3_Offset_Value" Value="CH3 Offset Value" DescValue=""/>
  <Text TextId="T_CH4_Offset_Value" Value="CH4 Offset Value" DescValue=""/>
  <Text TextId="T_CH5_Offset_Value" Value="CH5 Offset Value" DescValue=""/>
  <Text TextId="T_CH6_Offset_Value" Value="CH6 Offset Value" DescValue=""/>
  <Text TextId="T_CH7_Offset_Value" Value="CH7 Offset Value" DescValue=""/>
  
  <!--LDH0000 20151006 ST-3802 Parameter ADD Cold Junction temperature Offset Data -->
  <Text TextId="T_REF_MODBUS_NodeID" Value="MODBUS_NodeID" DescValue=""/>
  
  <!--LDH0000 20140113 RT9273(InterfaceModule) Add Parameter Name-->
  <Text TextId="T_REF_MODBUS_NodeID" Value="MODBUS_NodeID" DescValue=""/>
  <Text TextId="T_REF_Baudrate" Value="Baudrate" DescValue=""/>
  <Text TextId="T_RTUorASCII" Value="RTUorASCII" DescValue=""/>
  <Text TextId="T_InputStartAddr_High" Value="InputStartAddr_High" DescValue=""/>
  <Text TextId="T_InputStartAddr_Low" Value="InputStartAddr_Low" DescValue=""/>
  <Text TextId="T_OutputStartAddr_High" Value="OutputStartAddr_High" DescValue=""/>
  <Text TextId="T_OutputStartAddr_Low" Value="OutputStartAddr_Low" DescValue=""/>
  <Text TextId="T_InputSize" Value="InputSize" DescValue=""/>
  <Text TextId="T_OutputSize" Value="OutputSize" DescValue=""/>

  <Text TextId="T_RTU" Value="RTU" DescValue="RTU"/>
  <Text TextId="T_ASCII" Value="ASCII" DescValue="ASCII"/>
  <Text TextId="T_DontCare" Value="DC" DescValue=""/>
  <!--============================================================================-->
  <!--LDH0000 20140113 RT9261(InterfaceModule) Add Parameter Name-->
  <Text TextId="T_REF_Byte0_Control" Value="Control" DescValue=""/>
  <Text TextId="T_REF_Byte1_DontCare" Value="DontCare" DescValue=""/>
  <Text TextId="T_REF_Byte2_DontCare" Value="DontCare" DescValue=""/>
  <Text TextId="T_REF_Byte3_Baudrate" Value="Baudrate" DescValue=""/>
  <Text TextId="T_REF_Byte4_COBID_Low" Value="COBID_Low" DescValue=""/>
  <Text TextId="T_REF_Byte5_COBID_High" Value="COBID_High" DescValue=""/>
  <Text TextId="T_REF_Byte6_DontCare" Value="DontCare" DescValue=""/>
  <Text TextId="T_REF_Byte7_Length" Value="Length" DescValue=""/>
  <Text TextId="T_REF_Byte8_OutputData#0" Value="OutputData#0" DescValue=""/>
  <Text TextId="T_REF_Byte9_OutputData#1" Value="OutputData#1" DescValue=""/>
  <Text TextId="T_REF_Byte10_OutputData#2" Value="OutputData#2" DescValue=""/>
  <Text TextId="T_REF_Byte11_OutputData#3" Value="OutputData#3" DescValue=""/>
  <Text TextId="T_REF_Byte12_OutputData#4" Value="OutputData#4" DescValue=""/>
  <Text TextId="T_REF_Byte13_OutputData#5" Value="OutputData#5" DescValue=""/>
  <Text TextId="T_REF_Byte14_OutputData#6" Value="OutputData#6" DescValue=""/>
  <Text TextId="T_REF_Byte15_OutputData#7" Value="OutputData#7" DescValue=""/>

  <Text TextId="T_REF_Byte0_Status" Value="Status" DescValue=""/>
  <Text TextId="T_REF_Byte3_ErrorCode" Value="ErrorCode" DescValue=""/>
  <Text TextId="T_REF_Byte6_QueueStack" Value="QueueStack" DescValue=""/>
  <Text TextId="T_REF_Byte8_InputData#0" Value="InputData#0" DescValue=""/>
  <Text TextId="T_REF_Byte9_InputData#1" Value="InputData#1" DescValue=""/>
  <Text TextId="T_REF_Byte10_InputData#2" Value="InputData#2" DescValue=""/>
  <Text TextId="T_REF_Byte11_InputData#3" Value="InputData#3" DescValue=""/>
  <Text TextId="T_REF_Byte12_InputData#4" Value="InputData#4" DescValue=""/>
  <Text TextId="T_REF_Byte13_InputData#5" Value="InputData#5" DescValue=""/>
  <Text TextId="T_REF_Byte14_InputData#6" Value="InputData#6" DescValue=""/>
  <Text TextId="T_REF_Byte15_InputData#7" Value="InputData#7" DescValue=""/>
  <!--============================================================================-->

  <!--LDH0000 20140113 RT9261(InterfaceModule) Add Parameter Name-->
  <Text TextId="T_REF_Byte0_NodeID" Value="NodeID" DescValue=""/>
  <Text TextId="T_REF_Byte1_NodeID" Value="NodeID" DescValue=""/>
  <Text TextId="T_REF_Byte2_NodeID" Value="NodeID" DescValue=""/>
  <Text TextId="T_REF_Byte3_NodeID" Value="NodeID" DescValue=""/>
  <Text TextId="T_REF_Byte4_NodeID" Value="NodeID" DescValue=""/>
  <Text TextId="T_REF_Byte5_NodeID" Value="NodeID" DescValue=""/>
  <Text TextId="T_REF_Byte6_NodeID" Value="NodeID" DescValue=""/>
  <Text TextId="T_REF_Byte7_NodeID" Value="NodeID" DescValue=""/>
  <Text TextId="T_REF_Byte8_NodeID" Value="NodeID" DescValue=""/>
  <Text TextId="T_REF_Byte9_NodeID" Value="NodeID" DescValue=""/>
  <Text TextId="T_REF_Byte10_NodeID" Value="NodeID" DescValue=""/>
  <Text TextId="T_REF_Byte11_NodeID" Value="NodeID" DescValue=""/>
  <Text TextId="T_REF_Byte12_NodeID" Value="NodeID" DescValue=""/>
  <Text TextId="T_REF_Byte13_NodeID" Value="NodeID" DescValue=""/>
  <Text TextId="T_REF_Byte14_NodeID" Value="NodeID" DescValue=""/>
  <Text TextId="T_REF_Byte15_NodeID" Value="NodeID" DescValue=""/>
  <Text TextId="T_REF_Byte16_NodeID" Value="NodeID" DescValue=""/>
  <!--============================================================================--> 
  <Text TextId="T_AI_Data_00" Value="Analog Input Channel 0" DescValue=""/>
	<Text TextId="T_AI_Data_01" Value="Analog Input Channel 1" DescValue=""/>
	<Text TextId="T_AI_Data_02" Value="Analog Input Channel 2" DescValue=""/>
	<Text TextId="T_AI_Data_03" Value="Analog Input Channel 3" DescValue=""/>
	<Text TextId="T_AI_Data_04" Value="Analog Input Channel 4" DescValue=""/>
	<Text TextId="T_AI_Data_05" Value="Analog Input Channel 5" DescValue=""/>
	<Text TextId="T_AI_Data_06" Value="Analog Input Channel 6" DescValue=""/>
	<Text TextId="T_AI_Data_07" Value="Analog Input Channel 7" DescValue=""/>
	<Text TextId="T_REF_Sensor_Type" Value="Sensor Type" DescValue=""/>
	<Text TextId="T_REF_Temperature_Type" Value="Temperature Type" DescValue=""/>
	<Text TextId="T_REF_Resolution_Type" Value="Data Scale" DescValue=""/>
	<Text TextId="T_REF_Filter_Type" Value="Filter Type" DescValue=""/>
	<Text TextId="T_REF_Compensation_Type" Value="Compensation Type" DescValue=""/>
	<Text TextId="T_REF_Cold_Junction_Offset" Value="Cold Junction Temperature Offset Data" DescValue=""/>
	<Text TextId="T_AO_Data_00" Value="Analog Output Channel 0" DescValue=""/>
	<Text TextId="T_AO_Data_01" Value="Analog Output Channel 1" DescValue=""/>
	<Text TextId="T_AO_Data_02" Value="Analog Output Channel 2" DescValue=""/>
	<Text TextId="T_AO_Data_03" Value="Analog Output Channel 3" DescValue=""/>
	<Text TextId="T_AO_Data_04" Value="Analog Output Channel 4" DescValue=""/>
	<Text TextId="T_AO_Data_05" Value="Analog Output Channel 5" DescValue=""/>
	
	<Text TextId="T_REF_Sensor_Type_ch0" Value="[0 Channel] Sensor Type" DescValue=""/>
	<Text TextId="T_REF_Sensor_Type_ch1" Value="[1 Channel] Sensor Type" DescValue=""/>
	<Text TextId="T_REF_Sensor_Type_ch2" Value="[2 Channel] Sensor Type" DescValue=""/>
	<Text TextId="T_REF_Sensor_Type_ch3" Value="[3 Channel] Sensor Type" DescValue=""/>
	<Text TextId="T_REF_Sensor_Type_ch4" Value="[4 Channel] Sensor Type" DescValue=""/>
	<Text TextId="T_REF_Sensor_Type_ch5" Value="[5 Channel] Sensor Type" DescValue=""/>
	<Text TextId="T_REF_Filter_Type_ch0" Value="[0 Channel] Filter Type" DescValue=""/>
	<Text TextId="T_REF_Filter_Type_ch1" Value="[1 Channel] Filter Type" DescValue=""/>
	<Text TextId="T_REF_Filter_Type_ch2" Value="[2 Channel] Filter Type" DescValue=""/>
	<Text TextId="T_REF_Filter_Type_ch3" Value="[3 Channel] Filter Type" DescValue=""/>
	<Text TextId="T_REF_Filter_Type_ch4" Value="[4 Channel] Filter Type" DescValue=""/>
	<Text TextId="T_REF_Filter_Type_ch5" Value="[5 Channel] Filter Type" DescValue=""/>
	<Text TextId="T_REF_Temperature_Type_ch0" Value="[0 Channel] Temperature Type" DescValue=""/>
	<Text TextId="T_REF_Temperature_Type_ch1" Value="[1 Channel] Temperature Type" DescValue=""/>
	<Text TextId="T_REF_Temperature_Type_ch2" Value="[2 Channel] Temperature Type" DescValue=""/>
	<Text TextId="T_REF_Temperature_Type_ch3" Value="[3 Channel] Temperature Type" DescValue=""/>
	<Text TextId="T_REF_Temperature_Type_ch4" Value="[4 Channel] Temperature Type" DescValue=""/>
	<Text TextId="T_REF_Temperature_Type_ch5" Value="[5 Channel] Temperature Type" DescValue=""/>
	<Text TextId="T_REF_Reserved_Word" Value="Reserved Word" DescValue=""/>
	<Text TextId="T_REF_Reserved_Byte" Value="Reserved Byte" DescValue=""/>
	<Text TextId="T_REF_Reserved_2Bit" Value="Reserved 4Bit" DescValue=""/>
	<Text TextId="T_REF_Reserved_Bit" Value="Reserved Bit" DescValue=""/>
	<Text TextId="T_REF_SubstituteValue_NAIO" Value="NA IO Fault Value" DescValue=""/>
	
	<Text TextId="T_REF_SubstituteValue_4pt" Value="IO Fault Value" DescValue=""/>
  
	<Text TextId="T_Status_Data_00" Value="Status Data Channel 0" DescValue=""/>
	<Text TextId="T_Byte_InData_00_Ch0" Value="Ch.0 Input Data Byte 0" DescValue=""/>
	<Text TextId="T_Byte_InData_01_Ch0" Value="Ch.0 Input Data Byte 1" DescValue=""/>
	<Text TextId="T_Byte_InData_02_Ch0" Value="Ch.0 Input Data Byte 2" DescValue=""/>
	<Text TextId="T_Byte_InData_03_Ch0" Value="Ch.0 Input Data Byte 3" DescValue=""/>
	<Text TextId="T_Byte_InData_04_Ch0" Value="Ch.0 Input Data Byte 4" DescValue=""/>
  
	<Text TextId="T_Status_Data_01" Value="Status Data Channel 1" DescValue=""/>
	<Text TextId="T_Byte_InData_00_Ch1" Value="Ch.1 Input Data Byte 0" DescValue=""/>
	<Text TextId="T_Byte_InData_01_Ch1" Value="Ch.1 Input Data Byte 1" DescValue=""/>
	<Text TextId="T_Byte_InData_02_Ch1" Value="Ch.1 Input Data Byte 2" DescValue=""/>
	<Text TextId="T_Byte_InData_03_Ch1" Value="Ch.1 Input Data Byte 3" DescValue=""/>
	<Text TextId="T_Byte_InData_04_Ch1" Value="Ch.1 Input Data Byte 4" DescValue=""/>

  <Text TextId="T_Status_Data_02" Value="Status Data Channel 0" DescValue=""/>
  <Text TextId="T_Byte_InData_00_Ch2" Value="Ch.2 Input Data Byte 0" DescValue=""/>
  <Text TextId="T_Byte_InData_01_Ch2" Value="Ch.2 Input Data Byte 1" DescValue=""/>
  <Text TextId="T_Byte_InData_02_Ch2" Value="Ch.2 Input Data Byte 2" DescValue=""/>
  <Text TextId="T_Byte_InData_03_Ch2" Value="Ch.2 Input Data Byte 3" DescValue=""/>
  <Text TextId="T_Byte_InData_04_Ch2" Value="Ch.2 Input Data Byte 4" DescValue=""/>
 
  <Text TextId="T_Status_Data_03" Value="Status Data Channel 1" DescValue=""/>
  <Text TextId="T_Byte_InData_00_Ch3" Value="Ch.3 Input Data Byte 0" DescValue=""/>
  <Text TextId="T_Byte_InData_01_Ch3" Value="Ch.3 Input Data Byte 1" DescValue=""/>
  <Text TextId="T_Byte_InData_02_Ch3" Value="Ch.3 Input Data Byte 2" DescValue=""/>
  <Text TextId="T_Byte_InData_03_Ch3" Value="Ch.3 Input Data Byte 3" DescValue=""/>
  <Text TextId="T_Byte_InData_04_Ch3" Value="Ch.3 Input Data Byte 4" DescValue=""/>

  <Text TextId="T_Status_Data_04" Value="Status Data Channel 0" DescValue=""/>
  <Text TextId="T_Byte_InData_00_Ch4" Value="Ch.4 Input Data Byte 0" DescValue=""/>
  <Text TextId="T_Byte_InData_01_Ch4" Value="Ch.4 Input Data Byte 1" DescValue=""/>
  <Text TextId="T_Byte_InData_02_Ch4" Value="Ch.4 Input Data Byte 2" DescValue=""/>
  <Text TextId="T_Byte_InData_03_Ch4" Value="Ch.4 Input Data Byte 3" DescValue=""/>
  <Text TextId="T_Byte_InData_04_Ch4" Value="Ch.4 Input Data Byte 4" DescValue=""/>
 
  <Text TextId="T_Status_Data_05" Value="Status Data Channel 1" DescValue=""/>
  <Text TextId="T_Byte_InData_00_Ch5" Value="Ch.5 Input Data Byte 0" DescValue=""/>
  <Text TextId="T_Byte_InData_01_Ch5" Value="Ch.5 Input Data Byte 1" DescValue=""/>
  <Text TextId="T_Byte_InData_02_Ch5" Value="Ch.5 Input Data Byte 2" DescValue=""/>
  <Text TextId="T_Byte_InData_03_Ch5" Value="Ch.5 Input Data Byte 3" DescValue=""/>
  <Text TextId="T_Byte_InData_04_Ch5" Value="Ch.5 Input Data Byte 4" DescValue=""/>

  <Text TextId="T_Status_Data_06" Value="Status Data Channel 0" DescValue=""/>
  <Text TextId="T_Byte_InData_00_Ch6" Value="Ch.6 Input Data Byte 0" DescValue=""/>
  <Text TextId="T_Byte_InData_01_Ch6" Value="Ch.6 Input Data Byte 1" DescValue=""/>
  <Text TextId="T_Byte_InData_02_Ch6" Value="Ch.6 Input Data Byte 2" DescValue=""/>
  <Text TextId="T_Byte_InData_03_Ch6" Value="Ch.6 Input Data Byte 3" DescValue=""/>
  <Text TextId="T_Byte_InData_04_Ch6" Value="Ch.6 Input Data Byte 4" DescValue=""/>

  <Text TextId="T_Status_Data_07" Value="Status Data Channel 1" DescValue=""/>
  <Text TextId="T_Byte_InData_00_Ch7" Value="Ch.7 Input Data Byte 0" DescValue=""/>
  <Text TextId="T_Byte_InData_01_Ch7" Value="Ch.7 Input Data Byte 1" DescValue=""/>
  <Text TextId="T_Byte_InData_02_Ch7" Value="Ch.7 Input Data Byte 2" DescValue=""/>
  <Text TextId="T_Byte_InData_03_Ch7" Value="Ch.7 Input Data Byte 3" DescValue=""/>
  <Text TextId="T_Byte_InData_04_Ch7" Value="Ch.7 Input Data Byte 4" DescValue=""/>
  
	<Text TextId="T_Ctrl_Data_00" Value="Control Data Channel 0" DescValue=""/>
	<Text TextId="T_Byte_OutData_00_Ch0" Value="Ch.0 Output Data Byte 0" DescValue=""/>
	<Text TextId="T_Byte_OutData_01_Ch0" Value="Ch.0 Output Data Byte 1" DescValue=""/>
	<Text TextId="T_Byte_OutData_02_Ch0" Value="Ch.0 Output Data Byte 2" DescValue=""/>
	<Text TextId="T_Byte_OutData_03_Ch0" Value="Ch.0 Output Data Byte 3" DescValue=""/>
	<Text TextId="T_Byte_OutData_04_Ch0" Value="Ch.0 Output Data Byte 4" DescValue=""/>
	<Text TextId="T_Ctrl_Data_01" Value="Control Data Channel 1" DescValue=""/>
	<Text TextId="T_Ctrl_Data_02" Value="Control Data Channel 2" DescValue=""/>
	<Text TextId="T_Ctrl_Data_03" Value="Control Data Channel 3" DescValue=""/>
	<Text TextId="T_Ctrl_Data_00_Ch0" Value="Ch.0 Control Data Byte 0" DescValue=""/>
	<Text TextId="T_Ctrl_Data_01_Ch0" Value="Ch.0 Control Data Byte 1" DescValue=""/>
	<Text TextId="T_Ctrl_Data_02_Ch0" Value="Ch.0 Control Data Byte 2" DescValue=""/>
	<Text TextId="T_Ctrl_Data_03_Ch0" Value="Ch.0 Control Data Byte 3" DescValue=""/>
	<Text TextId="T_Ctrl_Data_00_Ch1" Value="Ch.1 Control Data Byte 0" DescValue=""/>
	<Text TextId="T_Ctrl_Data_01_Ch1" Value="Ch.1 Control Data Byte 1" DescValue=""/>
	<Text TextId="T_Ctrl_Data_02_Ch1" Value="Ch.1 Control Data Byte 2" DescValue=""/>
	<Text TextId="T_Ctrl_Data_03_Ch1" Value="Ch.1 Control Data Byte 3" DescValue=""/>
	<Text TextId="T_Byte_OutData_00_Ch1" Value="Ch.1 Output Data Byte 0" DescValue=""/>
	<Text TextId="T_Byte_OutData_01_Ch1" Value="Ch.1 Output Data Byte 1" DescValue=""/>
	<Text TextId="T_Byte_OutData_02_Ch1" Value="Ch.1 Output Data Byte 2" DescValue=""/>
	<Text TextId="T_Byte_OutData_03_Ch1" Value="Ch.1 Output Data Byte 3" DescValue=""/>
	<Text TextId="T_Byte_OutData_04_Ch1" Value="Ch.1 Output Data Byte 4" DescValue=""/>
	<Text TextId="T_Byte_OutData_00_Ch2" Value="Ch.2 Output Data Byte 0" DescValue=""/>
	<Text TextId="T_Byte_OutData_01_Ch2" Value="Ch.2 Output Data Byte 1" DescValue=""/>
	<Text TextId="T_Byte_OutData_02_Ch2" Value="Ch.2 Output Data Byte 2" DescValue=""/>
	<Text TextId="T_Byte_OutData_03_Ch2" Value="Ch.2 Output Data Byte 3" DescValue=""/>
	<Text TextId="T_Byte_OutData_04_Ch2" Value="Ch.2 Output Data Byte 4" DescValue=""/>
	<Text TextId="T_Byte_OutData_00_Ch3" Value="Ch.3 Output Data Byte 0" DescValue=""/>
	<Text TextId="T_Byte_OutData_01_Ch3" Value="Ch.3 Output Data Byte 1" DescValue=""/>
	<Text TextId="T_Byte_OutData_02_Ch3" Value="Ch.3 Output Data Byte 2" DescValue=""/>
	<Text TextId="T_Byte_OutData_03_Ch3" Value="Ch.3 Output Data Byte 3" DescValue=""/>
	<Text TextId="T_Byte_OutData_04_Ch3" Value="Ch.3 Output Data Byte 4" DescValue=""/>
	<Text TextId="T_REF_Reserved_Byte" Value="Reserved Byte" DescValue=""/>
	<Text TextId="T_REF_Baud_Rate_ch0" Value="Ch.0 Baudrate" DescValue=""/>
	<Text TextId="T_REF_Data_Bit_ch0" Value="Ch.0 Data Bit" DescValue=""/>
	<Text TextId="T_REF_Parity_Bit_ch0" Value="Ch.0 Parity Bit" DescValue=""/>
	<Text TextId="T_REF_Stop_Bit_ch0" Value="Ch.0 Stop Bit" DescValue=""/>
	<Text TextId="T_REF_TxD_ch0" Value="Ch.0 TxD" DescValue=""/>
	<Text TextId="T_REF_Flow_Control_ch0" Value="Ch.0 Flow Control" DescValue=""/>
	<Text TextId="T_REF_Baud_Rate_ch1" Value="Ch.1 Baudrate" DescValue=""/>
	<Text TextId="T_REF_Data_Bit_ch1" Value="Ch.1 Data Bit" DescValue=""/>
	<Text TextId="T_REF_Parity_Bit_ch1" Value="Ch.1 Parity Bit" DescValue=""/>
	<Text TextId="T_REF_Stop_Bit_ch1" Value="Ch.1 Stop Bit" DescValue=""/>
	<Text TextId="T_REF_TxD_ch1" Value="Ch.1 TxD" DescValue=""/>
	<Text TextId="T_REF_Flow_Control_ch1" Value="Ch.1 Flow Control" DescValue=""/>
	<Text TextId="T_REF_Baud_Rate" Value="Baudrate" DescValue=""/>
	<Text TextId="T_REF_Data_Bit" Value="Data Bit" DescValue=""/>
	<Text TextId="T_REF_Parity_Bit" Value="Parity Bit" DescValue=""/>
	<Text TextId="T_REF_Stop_Bit" Value="Stop Bit" DescValue=""/>
	<Text TextId="T_REF_TxD" Value="TxD" DescValue=""/>
	<Text TextId="T_REF_Flow_Control" Value="Flow Control" DescValue=""/>
	<Text TextId="T_Byte_InData_00" Value="Input Data Byte 0" DescValue=""/>
	<Text TextId="T_Byte_InData_01" Value="Input Data Byte 1" DescValue=""/>
	<Text TextId="T_Byte_InData_02" Value="Input Data Byte 2" DescValue=""/>
	<Text TextId="T_Byte_InData_03" Value="Input Data Byte 3" DescValue=""/>
	<Text TextId="T_Byte_InData_04" Value="Input Data Byte 4" DescValue=""/>
	<Text TextId="T_Byte_InData_05" Value="Input Data Byte 5" DescValue=""/>
	<Text TextId="T_Byte_InData_06" Value="Input Data Byte 6" DescValue=""/>
	<Text TextId="T_Byte_InData_07" Value="Input Data Byte 7" DescValue=""/>
	<Text TextId="T_Byte_InData_08" Value="Input Data Byte 8" DescValue=""/>
	<Text TextId="T_Byte_InData_09" Value="Input Data Byte 9" DescValue=""/>
	<Text TextId="T_Byte_InData_10" Value="Input Data Byte 10" DescValue=""/>
	<Text TextId="T_Byte_InData_11" Value="Input Data Byte 11" DescValue=""/>
	<Text TextId="T_Byte_InData_12" Value="Input Data Byte 12" DescValue=""/>
	<Text TextId="T_Byte_InData_13" Value="Input Data Byte 13" DescValue=""/>
	<Text TextId="T_Byte_InData_14" Value="Input Data Byte 14" DescValue=""/>
	<Text TextId="T_Byte_InData_15" Value="Input Data Byte 15" DescValue=""/>
	<Text TextId="T_Byte_OutData_00" Value="Output Data Byte 0" DescValue=""/>
	<Text TextId="T_Byte_OutData_01" Value="Output Data Byte 1" DescValue=""/>
	<Text TextId="T_Byte_OutData_02" Value="Output Data Byte 2" DescValue=""/>
	<Text TextId="T_Byte_OutData_03" Value="Output Data Byte 3" DescValue=""/>
	<Text TextId="T_Byte_OutData_04" Value="Output Data Byte 4" DescValue=""/>
  <Text TextId="T_Byte_OutData_05" Value="Output Data Byte 5" DescValue=""/>
  <Text TextId="T_Byte_OutData_06" Value="Output Data Byte 6" DescValue=""/>
  <Text TextId="T_Byte_OutData_07" Value="Output Data Byte 7" DescValue=""/>
  <Text TextId="T_Byte_OutData_08" Value="Output Data Byte 8" DescValue=""/>
  <Text TextId="T_Byte_OutData_09" Value="Output Data Byte 9" DescValue=""/>
  <Text TextId="T_Byte_OutData_10" Value="Output Data Byte 10" DescValue=""/>
  <Text TextId="T_Byte_OutData_11" Value="Output Data Byte 11" DescValue=""/>
  <Text TextId="T_Byte_OutData_12" Value="Output Data Byte 12" DescValue=""/>
  <Text TextId="T_Byte_OutData_13" Value="Output Data Byte 13" DescValue=""/>
  <Text TextId="T_Byte_OutData_14" Value="Output Data Byte 14" DescValue=""/>
  <Text TextId="T_Byte_OutData_15" Value="Output Data Byte 15" DescValue=""/>
	<Text TextId="T_REF_Counter_Mode" Value="Counter Mode" DescValue=""/>
	<Text TextId="T_REF_Gate_Function" Value="Gate Function" DescValue=""/>
	<Text TextId="T_REF_Input_Filter" Value="Input Filter" DescValue=""/>
	<Text TextId="T_REF_Gate_Sampling_Time" Value="Gate Sampling Time" DescValue=""/>
	<Text TextId="T_NA parameters" Value="Network adapter parameters" DescValue=""/>
	<Text TextId="T_REF_Fault_Action_ch0" Value="IO Fault Action Channel 0" DescValue=""/>
  <Text TextId="T_IO_PARAM_Byte_00" Value="Parameter Byte 0" DescValue=""/>
  <Text TextId="T_IO_PARAM_Byte_01" Value="Parameter Byte 1" DescValue=""/>
  <Text TextId="T_IO_PARAM_Byte_02" Value="Parameter Byte 2" DescValue=""/>
  <Text TextId="T_IO_PARAM_Byte_03" Value="Parameter Byte 3" DescValue=""/>
  <Text TextId="T_IO_PARAM_Byte_04" Value="Parameter Byte 4" DescValue=""/>
  <Text TextId="T_IO_PARAM_Byte_05" Value="Parameter Byte 5" DescValue=""/>
  <Text TextId="T_IO_PARAM_Byte_06" Value="Parameter Byte 6" DescValue=""/>
  <Text TextId="T_IO_PARAM_Byte_07" Value="Parameter Byte 7" DescValue=""/>
  <Text TextId="T_IO_PARAM_Byte_08" Value="Parameter Byte 8" DescValue=""/>
  <Text TextId="T_IO_PARAM_Byte_09" Value="Parameter Byte 9" DescValue=""/>
  <Text TextId="T_IO_PARAM_Byte_10" Value="Parameter Byte 10" DescValue=""/>
  <Text TextId="T_IO_PARAM_Byte_11" Value="Parameter Byte 11" DescValue=""/>
  <Text TextId="T_IO_PARAM_Byte_12" Value="Parameter Byte 12" DescValue=""/>
  <Text TextId="T_IO_PARAM_Byte_13" Value="Parameter Byte 13" DescValue=""/>
  <Text TextId="T_IO_PARAM_Byte_14" Value="Parameter Byte 14" DescValue=""/>
  <Text TextId="T_IO_PARAM_Byte_15" Value="Parameter Byte 15" DescValue=""/>


	<!-- NA Properties -->
	<Text TextId="T_Firmware" Value="Firmware" DescValue=""/>
	<Text TextId="T_InputImageMode" Value="Input Image Mode" DescValue=""/>	
	<Text TextId="T_OutputImageMode" Value="Output Image Mode" DescValue=""/>	
	<Text TextId="T_FirmwareDate" Value="Firmware Date" DescValue=""/>	
	<Text TextId="T_WatchdogTime" Value="Watchdog Time (X 100 msec)" DescValue=""/>	
	<Text TextId="T_GatewayAddress" Value="Gateway Address" DescValue=""/>	
	<Text TextId="T_SubnetMask" Value="Subnet Mask" DescValue=""/>	
	<Text TextId="T_MacAddress" Value="Mac Address" DescValue=""/>	
	<Text TextId="T_MON_Status" Value="Monitoring Status" DescValue=""/>	
	<Text TextId="T_MON_LED" Value="Monitoring LED" DescValue=""/>		 
	<Text TextId="T_DipSwitch" Value="DipSwitch Status" DescValue=""/>		 
	
	<Text TextId="T_IOUpdateTime" Value="IO Update Time (X 100 usec)" DescValue=""/>	
	<Text TextId="T_WatchdogErr" Value="Watchdog Error" DescValue=""/>	
	<Text TextId="T_FieldPwrStatus" Value="Field Power Status" DescValue=""/>	
	<Text TextId="T_BusStatus" Value="FnBus Status" DescValue=""/>	
	<Text TextId="T_InactiveSlots" Value="Inactive Slot list" DescValue=""/>	
	<Text TextId="T_LiveSlots" Value="Live Slot list" DescValue=""/>	
	<Text TextId="T_AlarmSlots" Value="Alarm Slot list" DescValue=""/>	
	<Text TextId="T_ExpansionSlotNo" Value="Expansion Slot No." DescValue=""/>	
	<Text TextId="T_ActiveSlotNo" Value="Active Slot No." DescValue=""/>	
	<Text TextId="T_InactiveSlotNo" Value="Inactive Slot No." DescValue=""/>	
<!--LDH0000 추가 ==============================================================-->
  <Text TextId="T_IPaddress" Value="IPaddress" DescValue=""/>
 
  <!--LDH0000 NA9289 Parameter ADD-->
  <Text TextId="T_TCPConnectionTimeOut" Value="TCPConnectionTimeOut" DescValue=""/>
  <Text TextId="T_IPSettingMethod" Value="IPSettingMethod" DescValue=""/>
  <Text TextId="T_BOOTP" Value="BOOTP" DescValue=""/>
  <Text TextId="T_DHCP" Value="DHCP" DescValue=""/>
  <!--LDH0000 NA9379 Parameter ADD-->
  <Text TextId="T_RS232Baudrate" Value="RS232C Baudrate" DescValue=""/>
  <Text TextId="T_RS232Setting" Value="RS232 Setting" DescValue=""/>
  <Text TextId="T_RS485Baudrate" Value="RS485 Baudrate" DescValue=""/>
  <Text TextId="T_RS485Setting" Value="RS485 Setting" DescValue=""/>
  <Text TextId="T_ModbusStation" Value="ModbusStation" DescValue=""/>
  <Text TextId="T_SerialconnectionMethod" Value="SerialconnectionMethod" DescValue=""/>
  <Text TextId="T_IPsettingMethod" Value="IPsettingMethod" DescValue=""/>
  <Text TextId="T_RTC" Value="RTC" DescValue=""/>
<!--=================================================================================-->


 
	
	
</TextList>		
