<?xml version="1.0" encoding="UTF-8"?>

<!--**********************************************************************
** $File: listTextID.xml 
** $Descrip: Define Text ID
** $Version: 1.0.2.0 
** $Maker: CREVIS
** $History   
**   ! 2009.05.10 - v1000. First Release
**   ! 2010.08.10 - v1001. ST-3274, ST-3474, ST-4274, ST-4474 added 
**   ! 2012.06.05 - v1010.  NA-9186 added  
**   ! 2012.06.18 - v1020.  NA-9493 added  
** ******************************************************************* --> 


<TextList> 
	<!-- Bus Type -->	
	<Text TextId="IDB_ModbusTCP" Value="MODBUS TCP/IP" DescValue=""/>
	<Text TextId="IDB_Modbus232" Value="MODBUS Serial(RS-232)" DescValue=""/>	
	<Text TextId="IDB_Modbus485" Value="MODBUS Serial(RS-485)" DescValue=""/>	
	<Text TextId="IDB_ProfibusDP" Value="PROFIBUS-DP" DescValue=""/>	
	<Text TextId="IDB_CClink" Value="CC-Link" DescValue=""/>	
	<Text TextId="IDB_CANopen" Value="CANopen" DescValue=""/>	
	<Text TextId="IDB_DeviceNet" Value="DeviceNet" DescValue=""/>	
	<Text TextId="IDB_EthernetIP" Value="EtherNet/IP" DescValue=""/>		
		  
	<!-- NA -->
	<Text TextId="T_NA9189" Value="NA-9189" DescValue="NA-9189 MODBUS TCP/IP"/>
	<Text TextId="T_INFO_NA9189" Value="NA-9189 MODBUS TCP/IP Network Adapter" DescValue=""/> 
	<Text TextId="T_NA9171" Value="NA-9171" DescValue="NA-9171 MODBUS Serial(RS-232)"/>
	<Text TextId="T_INFO_NA9171" Value="NA-9171 MODBUS Serial(RS-232) Network Adapter" DescValue=""/> 
	<Text TextId="T_NA9173" Value="NA-9173" DescValue="NA-9173 MODBUS Serial(RS-485)"/>
	<Text TextId="T_INFO_NA9173" Value="NA-9173 MODBUS Serial(RS-485) Network Adapter" DescValue=""/>
  <Text TextId="T_NA9186" Value="NA-9186" DescValue="NA-9186 ETherCAT ..."/>
  <Text TextId="T_INFO_NA9186" Value="NA-9186ETherCAT Network Adapter" DescValue=""/>
	<Text TextId="T_NA9122" Value="NA-9122" DescValue="NA-9122 PROFIBUS DP/V1"/>
	<Text TextId="T_INFO_NA9122" Value="NA-9122 PROFIBUS DP/V1 Network Adapter" DescValue=""/> 
	<Text TextId="T_NA9131" Value="NA-9131" DescValue="NA-9131 CC-Link"/>
	<Text TextId="T_INFO_NA9131" Value="NA-9131 CC-Link Network Adapter" DescValue=""/> 
	<Text TextId="T_NA9161" Value="NA-9161" DescValue="NA-9161 CANopen"/>
	<Text TextId="T_INFO_NA9161" Value="NA-9161 CANopen Network Adapter" DescValue=""/> 
	<Text TextId="T_ATR791" Value="AT-R791" DescValue="AT-R791 MODBUS Serial(RS-485) All-In-One"/>
	<Text TextId="T_INFO_ATR791" Value="AT-R791 MODBUS Serial(RS-485) All-In-One type Network Adapter" DescValue=""/> 
	<Text TextId="T_AT2R791" Value="AT2-R791" DescValue="AT2-R791 MODBUS Serial(RS-485) All-In-One"/>
	<Text TextId="T_INFO_AT2R791" Value="AT2-R791 MODBUS Serial(RS-485) All-In-One type Network Adapter" DescValue=""/> 
	<Text TextId="T_NA9111" Value="NA-9111" DescValue="NA-9111 Device Net"/>
	<Text TextId="T_INFO_NA9111" Value="NA-9111 Device Net Network Adapter" DescValue=""/> 
	<Text TextId="T_NA9112" Value="NA-9112" DescValue="NA-9112 Device Net"/> 
	<Text TextId="T_INFO_NA9112" Value="NA-9112 Device Net Network Adapter" DescValue=""/>  
	<Text TextId="T_NA9188" Value="NA-9188" DescValue="NA-9188 EtherNet/IP"/> 
	<Text TextId="T_INFO_NA9188" Value="NA-9188 EtherNet/IP Network Adapter" DescValue=""/>
  <Text TextId="T_NA9473" Value="NA-9473" DescValue="NA-9473 MODBUS Serial(RS-485)"/>
  <Text TextId="T_INFO_NA9473" Value="NA-9473 MODBUS Serial(RS-485) Network Adapter" DescValue=""/>

	<!-- DI -->
	<Text TextId="T_ST1114" Value="ST-1114" DescValue="1114,5VDC,Sink,4DI"/>
	<Text TextId="T_INFO_ST1114" Value="ST-1114, 5VDC, Sink, 4DI" DescValue=""/>
	<Text TextId="T_ST1124" Value="ST-1124" DescValue="1124,5VDC,Source,4DI"/>
	<Text TextId="T_INFO_ST1124" Value="ST-1124, 5VDC, Source, 4DI" DescValue=""/>
	<Text TextId="T_ST1214" Value="ST-1214" DescValue="1214,24VDC,Sink,4DI"/>
	<Text TextId="T_INFO_ST1214" Value="ST-1214, 5VDC, Source, 4DI" DescValue=""/>
	<Text TextId="T_ST1224" Value="ST-1224" DescValue="1224,24VDC,Source,4DI"/>
	<Text TextId="T_INFO_ST1224" Value="ST-1224, 24VDC, Source, 4DI" DescValue=""/>
	<Text TextId="T_ST1314" Value="ST-1314" DescValue="1314,48VDC,Sink,4DI"/>
	<Text TextId="T_INFO_ST1314" Value="ST-1314, 48VDC, Sink, 4DI" DescValue=""/>
    <Text TextId="T_ST1324" Value="ST-1324" DescValue="1324,48VDC,Source,4DI"/>
	<Text TextId="T_INFO_ST1324" Value="ST-1324, 48VDC, Source, 4DI" DescValue=""/>
	<Text TextId="T_ST1804" Value="ST-1804" DescValue="1804,110VAC,4DI"/>
	<Text TextId="T_INFO_ST1804" Value="ST-1804, 110VAC, AC Input Terminal, 4DI" DescValue=""/>
	<Text TextId="T_ST1904" Value="ST-1904" DescValue="1904,220VAC,4DI"/>
	<Text TextId="T_INFO_ST1904" Value="ST-1904, 220VAC, AC Input Terminal, 4DI" DescValue=""/>
	<Text TextId="T_ST1218" Value="ST-1218" DescValue="1218,24VDC,Sink,8DI"/>
	<Text TextId="T_INFO_ST1218" Value="ST-1218, 24VDC, Sink, 8DI" DescValue=""/>
	<Text TextId="T_ST1228" Value="ST-1228" DescValue="1228,24VDC,Source,8DI"/>
	<Text TextId="T_INFO_ST1228" Value="ST-1228, 24VDC, Source, 8DI" DescValue=""/>
    <Text TextId="T_ST121F" Value="ST-121F" DescValue="121F,24VDC,Sink,16DI"/>
	<Text TextId="T_INFO_ST121F" Value="ST-121F, 24VDC, Sink, 16DI" DescValue=""/>
	<Text TextId="T_ST122F" Value="ST-122F" DescValue="122F,24VDC,Source,16DI"/>
	<Text TextId="T_INFO_ST122F" Value="ST-122F, 24VDC, Source, 16DI" DescValue=""/>



	<!-- DO -->
	<Text TextId="T_ST2114" Value="ST-2114" DescValue="2114,5VDC,TTL Inverting,4DO"/>
	<Text TextId="T_INFO_ST2114" Value="ST-2114, 5VDC/20mA, TTL Inverting, 4DO" DescValue=""/>
	<Text TextId="T_ST2124" Value="ST-2124" DescValue="2124,5VDC,TTL Non-Inverting,4DO"/>
	<Text TextId="T_INFO_ST2124" Value="ST-2124, 5VDC/20mA, TTL Non-Inverting, 4DO" DescValue=""/>
	<Text TextId="T_ST2314" Value="ST-2314" DescValue="2314,24VDC,Sink,4DO"/>
	<Text TextId="T_INFO_ST2314" Value="ST-2314, 24VDC/0.5A, Sink, 4DO" DescValue=""/>
	<Text TextId="T_ST2324" Value="ST-2324" DescValue="2324,24VDC,Source,4DO"/>
	<Text TextId="T_INFO_ST2324" Value="ST-2324, 24VDC/0.5A, Source, 4DO" DescValue=""/>
	<Text TextId="T_ST2414" Value="ST-2414" DescValue="2414,24VDC,Sink,4DO,Diagn"/>
	<Text TextId="T_INFO_ST2414" Value="ST-2414, 24VDC/0.5A, Sink, 4DO, Diagnostics" DescValue=""/>
	<Text TextId="T_ST2424" Value="ST-2424" DescValue="2424,24VDC,Source,4DO,Diagn"/>
	<Text TextId="T_INFO_ST2424" Value="ST-2424, 24VDC/0.5A, Source, 4DO, Diagnostics" DescValue=""/>
	<Text TextId="T_ST2514" Value="ST-2514" DescValue="2514,24VDC,Sink,4DO,Diagn"/>
	<Text TextId="T_INFO_ST2514" Value="ST-2514, 24VDC/2A, Sink, 4DO, Diagnostics" DescValue=""/>
	<Text TextId="T_ST2524" Value="ST-2524" DescValue="2524,24VDC,Source,4DO,Diagn"/>
	<Text TextId="T_INFO_ST2524" Value="ST-2524, 24VDC/2A, Source, 4DO, Diagnostics" DescValue=""/>
	<Text TextId="T_ST2614" Value="ST-2614" DescValue="2614,24VDC,Sink,4DO"/>
	<Text TextId="T_INFO_ST2614" Value="ST-2614, 24VDC/2A, Sink, 4DO" DescValue=""/>
	<Text TextId="T_ST2624" Value="ST-2624" DescValue="2624,24VDC,Source,4DO"/>
	<Text TextId="T_INFO_ST2624" Value="ST-2624, 24VDC/2A, Source, 4DO" DescValue=""/>
	<Text TextId="T_ST2318" Value="ST-2318" DescValue="2318,24VDC,Sink,8DO"/>
	<Text TextId="T_INFO_ST2318" Value="ST-2318, 24VDC/0.5A, Sink, 8DO" DescValue=""/>
	<Text TextId="T_ST2328" Value="ST-2328" DescValue="2328,24VDC,Source,8DO"/>
	<Text TextId="T_INFO_ST2328" Value="ST-2328, 24VDC/0.5A, Source, 8DO" DescValue=""/>
	<Text TextId="T_ST221F" Value="ST-221F" DescValue="221F,24VDC,Sink,16DO"/>
	<Text TextId="T_INFO_ST221F" Value="ST-221F, 24VDC/0.3A, Sink, 16DO" DescValue=""/>
	<Text TextId="T_ST222F" Value="ST-222F" DescValue="222F,24VDC,Source,16DO"/>
	<Text TextId="T_INFO_ST222F" Value="ST-222F, 24VDC/0.3A, Source, 16DO" DescValue=""/>
	<Text TextId="T_ST2852" Value="ST-2852" DescValue="2852,12~125VAC,Triac,2DO"/>
	<Text TextId="T_INFO_ST2852" Value="ST-2852, 12~125VAC/0.5A, Triac, 2DO" DescValue=""/>
	<Text TextId="T_ST2742" Value="ST-2742" DescValue="2742,230VAC,24VDC,Relay,2DO"/>
	<Text TextId="T_INFO_ST2742" Value="ST-2742, 230VAC/2A, 24VDC/2A, Relay Output, 2DO" DescValue=""/>
	<Text TextId="T_ST2744" Value="ST-2744" DescValue="2744,230VAC,24VDC,Relay,4DO"/>
	<Text TextId="T_INFO_ST2744" Value="ST-2744, 230VAC/2A, 24VDC/2A, Relay Output, 4DO" DescValue=""/>
	<Text TextId="T_ST2748" Value="ST-2748" DescValue="2748,230VAC,24VDC,Relay,8DO"/>
	<Text TextId="T_INFO_ST2748" Value="ST-2748, 230VAC/2A, 24VDC/2A, Relay Output, 8DO" DescValue=""/>
	<Text TextId="T_ST2792" Value="ST-2792" DescValue="2792,250VAC,24VDC,Relay,2DO"/>
	<Text TextId="T_INFO_ST2792" Value="ST-2792, 250VAC/2A, 24VDC/2A, Relay Output, 2DO" DescValue=""/>

	<!-- AI -->	
	<Text TextId="T_ST3702" Value="ST-3702" DescValue="3702,RTD,2AI"/>
	<Text TextId="T_INFO_ST3702" Value="ST-3702, RTD/Resistance, 2AI" DescValue=""/>
	<Text TextId="T_ST3802" Value="ST-3802" DescValue="3802,TC/mV,2AI"/>
	<Text TextId="T_INFO_ST3802" Value="ST-3802, Thermocouple/mV, 2AI" DescValue=""/>
	<Text TextId="T_ST3704" Value="ST-3704" DescValue="3704,RTD,4AI"/>
	<Text TextId="T_INFO_ST3704" Value="ST-3704, RTD/Resistance, 4AI" DescValue=""/>
	<Text TextId="T_ST3804" Value="ST-3804" DescValue="3804,TC/mV,4AI"/>
	<Text TextId="T_INFO_ST3804" Value="ST-3804, Thermocouple/mV, 4AI" DescValue=""/>
	<Text TextId="T_ST3708" Value="ST-3708" DescValue="3708,RTD,8AI"/>
	<Text TextId="T_INFO_ST3708" Value="ST-3708, RTD/Resistance, 8AI" DescValue=""/>
	<Text TextId="T_ST3808" Value="ST-3808" DescValue="3808,TC/mV,8AI"/>
	<Text TextId="T_INFO_ST3808" Value="ST-3808, Thermocouple/mV, 8AI" DescValue=""/>
	<Text TextId="T_ST3114" Value="ST-3114" DescValue="3114,0~20mA,12bit,4AI"/>
	<Text TextId="T_INFO_ST3114" Value="ST-3114, 0~20mA, 12bit, 4AI" DescValue=""/>
	<Text TextId="T_ST3134" Value="ST-3134" DescValue="3134,0~20mA,14bit,4AI"/>
	<Text TextId="T_INFO_ST3134" Value="ST-3134, 0~20mA, 14bit, 4AI" DescValue=""/>
	<Text TextId="T_ST3214" Value="ST-3214" DescValue="3214,4~20mA,12bit,4AI"/>
	<Text TextId="T_INFO_ST3214" Value="ST-3214, 4~20mA, 12bit, 4AI" DescValue=""/>
	<Text TextId="T_ST3234" Value="ST-3234" DescValue="3234,4~20mA,14bit,4AI"/>
	<Text TextId="T_INFO_ST3234" Value="ST-3234, 4~20mA, 14bit, 4AI" DescValue=""/>
	<Text TextId="T_ST3424" Value="ST-3424" DescValue="3424,0~10V,12bit,4AI"/>
	<Text TextId="T_INFO_ST3424" Value="ST-3424, 0~10V, 12bit, 4AI" DescValue=""/>
	<Text TextId="T_ST3444" Value="ST-3444" DescValue="3444,0~10V,14bit,4AI"/>
	<Text TextId="T_INFO_ST3444" Value="ST-3444, 0~10V, 14bit, 4AI" DescValue=""/>
	<Text TextId="T_ST3524" Value="ST-3524" DescValue="3524,-10~10V,12bit,4AI"/>
	<Text TextId="T_INFO_ST3524" Value="ST-3524, -10~10V, 12bit, 4AI" DescValue=""/>
	<Text TextId="T_ST3544" Value="ST-3544" DescValue="3544,-10~10V,14bit,4AI"/>
	<Text TextId="T_INFO_ST3544" Value="ST-3544, -10~10V, 14bit, 4AI" DescValue=""/>
	<Text TextId="T_ST3624" Value="ST-3624" DescValue="3624,0~5V,12bit,4AI"/>
	<Text TextId="T_INFO_ST3624" Value="ST-3624, 0~5V, 12bit, 4AI" DescValue=""/>
	<Text TextId="T_ST3644" Value="ST-3644" DescValue="3644,0~5V,14bit,4AI"/>
	<Text TextId="T_INFO_ST3644" Value="ST-3644, 0~5V, 14bit, 4AI" DescValue=""/>
	<Text TextId="T_ST3118" Value="ST-3118" DescValue="3118,0~20mA,12bit,8AI"/>
	<Text TextId="T_INFO_ST3118" Value="ST-3118, 0~20mA, 12bit, 8AI" DescValue=""/>
	<Text TextId="T_ST3218" Value="ST-3218" DescValue="3218,4~20mA,12bit,8AI"/>
	<Text TextId="T_INFO_ST3218" Value="ST-3218, 4~20mA, 12bit, 8AI" DescValue=""/>
	<Text TextId="T_ST3428" Value="ST-3428" DescValue="3428,0~10V,12bit,8AI"/>
	<Text TextId="T_INFO_ST3428" Value="ST-3428, 0~10V, 12bit, 8AI" DescValue=""/>
  <Text TextId="T_ST3274" Value="ST-3274" DescValue="3274,4~20mA,12bit,4AI"/> 
  <Text TextId="T_INFO_ST3274" Value="ST-3274, 4~20mA, 12bit, 4AI" DescValue=""/>
  <Text TextId="T_ST3474" Value="ST-3474" DescValue="3474,0~10V,12bit,4AI"/> 
  <Text TextId="T_INFO_ST3474" Value="ST-3474, 0~10V, 12bit, 4AI" DescValue=""/>


	<!-- AO -->	
	<Text TextId="T_ST4911" Value="ST-4911" DescValue="4911,0~1A,12bit,1AO"/>
	<Text TextId="T_INFO_ST4911" Value="ST-4911, 0~1A, 12bit, 1AO" DescValue=""/>
	<Text TextId="T_ST4112" Value="ST-4112" DescValue="4112,0~20mA,12bit,2AO"/>
	<Text TextId="T_INFO_ST4112" Value="ST-4112, 0~20mA, 12bit, 2AO" DescValue=""/>
	<Text TextId="T_ST4212" Value="ST-4212" DescValue="4212,4~20mA,12bit,2AO"/>
	<Text TextId="T_INFO_ST4212" Value="ST-4212, 4~20mA, 12bit, 2AO" DescValue=""/>
	<Text TextId="T_ST4422" Value="ST-4422" DescValue="4422,0~10V,12bit,2AO"/>
	<Text TextId="T_INFO_ST4422" Value="ST-4422, 0~10V, 12bit, 2AO" DescValue=""/>
	<Text TextId="T_ST4522" Value="ST-4522" DescValue="4522,-10~10V,12bit,2AO"/>
	<Text TextId="T_INFO_ST4522" Value="ST-4522, -10~10V, 12bit, 2AO" DescValue=""/>
	<Text TextId="T_ST4622" Value="ST-4622" DescValue="4622,0~5V,12bit,2AO"/>
	<Text TextId="T_INFO_ST4622" Value="ST-4622, 0~5V, 12bit, 2AO" DescValue=""/>
	<Text TextId="T_ST4114" Value="ST-4114" DescValue="4114,0~20mA,12bit,4AO"/>
	<Text TextId="T_INFO_ST4114" Value="ST-4114, 0~20mA, 12bit, 4AO" DescValue=""/>
	<Text TextId="T_ST4214" Value="ST-4214" DescValue="4214,4~20mA,12bit,4AO"/>
	<Text TextId="T_INFO_ST4214" Value="ST-4214, 4~20mA, 12bit, 4AO" DescValue=""/>
	<Text TextId="T_ST4424" Value="ST-4424" DescValue="4424,0~10V,12bit,4AO"/>
	<Text TextId="T_INFO_ST4424" Value="ST-4424, 0~10V, 12bit, 4AO" DescValue=""/>
  <Text TextId="T_ST4491" Value="ST-4491" DescValue="4491,0~10V,12bit,4AO"/>
	<Text TextId="T_INFO_ST4491" Value="ST-4491, 0~10V, 12bit, 4AO" DescValue=""/>
	<Text TextId="T_ST4274" Value="ST-4274" DescValue="4274,4~20mA,12bit,4AO"/>
	<Text TextId="T_INFO_ST4274" Value="ST-4274, 4~20mA, 12bit, 4AO" DescValue=""/>
	<Text TextId="T_ST4474" Value="ST-4474" DescValue="4474,0~10V,12bit,4AO"/>
	<Text TextId="T_INFO_ST4474" Value="ST-4474, 0~10V, 12bit, 4AO" DescValue=""/>

	
	<!-- Special -->	
	<Text TextId="T_ST5101" Value="ST-5101" DescValue="5101,5VDC,HSC,1ch"/>
	<Text TextId="T_INFO_ST5101" Value="ST-5101, 5VDC, High Speed Counter, 1Ch" DescValue=""/>
	<Text TextId="T_ST5111" Value="ST-5111" DescValue="5111,24VDC,HSC,1ch"/>
	<Text TextId="T_INFO_ST5111" Value="ST-5111, 24VDC, High Speed Counter, 1Ch" DescValue=""/>
	<Text TextId="T_ST5211" Value="ST-5211" DescValue="5211,RS232,Serial,1ch"/>
	<Text TextId="T_INFO_ST5211" Value="ST-5211, RS232, Serial Interface, 1Ch" DescValue=""/>
	<Text TextId="T_ST5221" Value="ST-5221" DescValue="5221,RS422,Serial,1ch"/>
	<Text TextId="T_INFO_ST5221" Value="ST-5221, RS422, Serial Interface, 1Ch" DescValue=""/>
	<Text TextId="T_ST5231" Value="ST-5231" DescValue="5231,RS485,Serial,1ch"/>
	<Text TextId="T_INFO_ST5231" Value="ST-5231, RS485, Serial Interface, 1Ch" DescValue=""/>
	<Text TextId="T_ST5212" Value="ST-5212" DescValue="5212,RS232,Serial,2ch"/>
	<Text TextId="T_INFO_ST5212" Value="ST-5212, RS232, Serial Interface, 2Ch" DescValue=""/>
	<Text TextId="T_ST5232" Value="ST-5232" DescValue="5232,RS485,Serial,2ch"/>
	<Text TextId="T_INFO_ST5232" Value="ST-5232, RS485, Serial Interface, 2Ch" DescValue=""/>
	<Text TextId="T_ST5112" Value="ST-5112" DescValue="5112,24VDC,HSC,Input,2Ch"/>
	<Text TextId="T_INFO_ST5112" Value="ST-5112, 24VDC, High Speed Counter Input, 2Ch" DescValue=""/>
	<Text TextId="T_ST5114" Value="ST-5114" DescValue="5114,24VDC,HSC,Input,4Ch"/>
	<Text TextId="T_INFO_ST5114" Value="ST-5114, 24VDC, High Speed Counter Input, 4Ch" DescValue=""/>
	<Text TextId="T_ST5351" Value="ST-5351" DescValue="5351,SSI Interface,1Ch"/>
	<Text TextId="T_INFO_ST5351" Value="ST-5351, SSI Interface, 1Ch" DescValue=""/>
	<Text TextId="T_ST5422" Value="ST-5422" DescValue="5422,2A/24VDC,PWM Output,2Ch"/>
	<Text TextId="T_INFO_ST5422" Value="ST-5422, 2A/24VDC, PWM Output, Source, 2Ch" DescValue=""/>
	<Text TextId="T_ST5442" Value="ST-5442" DescValue="5442,0.5A/24VDC,PWM Output,2Ch"/>
	<Text TextId="T_INFO_ST5442" Value="ST-5442, 0.5A/24VDC, PWM Output, Source, 2Ch" DescValue=""/>
	<Text TextId="T_ST5444" Value="ST-5444" DescValue="5444,0.5A/24VDC,PWM Output,4Ch"/>
	<Text TextId="T_INFO_ST5444" Value="ST-5444, 0.5A/24VDC, PWM Output, Source, 4Ch" DescValue=""/>
	<Text TextId="T_ST5641" Value="ST-5641" DescValue="5641,24VDC,Pulse Output,1Ch"/>
	<Text TextId="T_INFO_ST5641" Value="ST-5641, 0.5A/24VDC, Pulse Output, Source, 1Ch" DescValue=""/>
	<Text TextId="T_ST5642" Value="ST-5642" DescValue="5642,24VDC,Pulse Output,2Ch"/>
	<Text TextId="T_INFO_ST5642" Value="ST-5642, 0.5A/24VDC, Pulse Output, Source, 2Ch" DescValue=""/>
	<Text TextId="T_ST5651" Value="ST-5651" DescValue="5651,RS422,Pulse Output,1Ch"/>
	<Text TextId="T_INFO_ST5651" Value="ST-5651, RS422, Pulse Output, 1Ch" DescValue=""/>

	<!-- Power -->	
	<Text TextId="T_ST7111" Value="ST-7111" DescValue="7111,Expansion Power"/>
	<Text TextId="T_INFO_ST7111" Value="ST-7111, Expansion Power Supply" DescValue=""/>
	<Text TextId="T_ST7241" Value="ST-7241" DescValue="7241, Power Distributor"/>
	<Text TextId="T_INFO_ST7241" Value="ST-7241, Field Power Distributor" DescValue=""/>
	<Text TextId="T_ST7511" Value="ST-7511" DescValue="7511,Expansion Power"/>
	<Text TextId="T_INFO_ST7511" Value="ST-7511, Expansion Power Supply" DescValue=""/>
	<Text TextId="T_ST7641" Value="ST-7641" DescValue="7641, Power Distributor"/>
	<Text TextId="T_INFO_ST7641" Value="ST-7641, Field Power Distributor" DescValue=""/>

	<!-- System -->	
	<Text TextId="T_ST7008" Value="ST-7008" DescValue="7008,Shield Distributor"/>
	<Text TextId="T_INFO_ST7008" Value="ST-7008, Potential Distributor, for shield" DescValue=""/>
	<Text TextId="T_ST7108" Value="ST-7108" DescValue="7108,0Vdc Distributor"/>
	<Text TextId="T_INFO_ST7108" Value="ST-7108, Potential Distributor, for 0V" DescValue=""/>
	<Text TextId="T_ST7118" Value="ST-7118" DescValue="7118,24Vdc Distributor"/>
	<Text TextId="T_INFO_ST7118" Value="ST-7118, Potential Distributor, for 24VDC" DescValue=""/>
	<Text TextId="T_ST7188" Value="ST-7188" DescValue="7188,24Vdc/0Vdc Distributor"/>
	<Text TextId="T_INFO_ST7188" Value="ST-7188, Potential Distributor, for 24VDC and 0V" DescValue=""/>
	<Text TextId="T_ST7408" Value="ST-7408" DescValue="7408,Shield Distributor"/>
	<Text TextId="T_INFO_ST7408" Value="ST-7408, Potential Distributor, for shield" DescValue=""/>
	<Text TextId="T_ST7508" Value="ST-7508" DescValue="7508,0Vdc Distributor"/>
	<Text TextId="T_INFO_ST7508" Value="ST-7508, Potential Distributor, for 0V" DescValue=""/>
	<Text TextId="T_ST7518" Value="ST-7518" DescValue="7518,24Vdc Distributor"/>
	<Text TextId="T_INFO_ST7518" Value="ST-7518, Potential Distributor, for 24VDC" DescValue=""/>
	<Text TextId="T_ST7588" Value="ST-7588" DescValue="7588,24Vdc/0Vdc Distributor"/>
	<Text TextId="T_INFO_ST7588" Value="ST-7588, Potential Distributor, for 24VDC and 0V" DescValue=""/>

	<!-- Product Group Type -->
	<Text TextId="NA" Value="Network Adapter" DescValue=""/>	
	<Text TextId="DI" Value="Digital Input" DescValue=""/>		
	<Text TextId="DO" Value="Digital Output" DescValue=""/>		
	<Text TextId="AI" Value="Analog Input" DescValue=""/>	
	<Text TextId="AO" Value="Analog Output" DescValue=""/>	 
	<Text TextId="Power" Value="Power Module" DescValue=""/>		
	<Text TextId="Special" Value="Special Module" DescValue=""/>
	<Text TextId="System" Value="System Module" DescValue=""/>
	
	<!-- IO Guide Constant -->
	<Text TextId="T_Folder_DefaultName" Value="Untitled Folder" DescValue=""/>	
  <Text TextId="T_HardwareVer" Value="Hardware Version" DescValue=""/>
	<Text TextId="T_MaxNodes" Value="Number of Maximum nodes" DescValue=""/>
	<Text TextId="T_InputMaxSize" Value="Input Max Size" DescValue=""/>
	<Text TextId="T_OutputMaxSize" Value="Output Max Size" DescValue=""/>
	<Text TextId="T_Dimension" Value="Dimension" DescValue=""/>
	<Text TextId="T_PowerDissipation" Value="Power Dissipation" DescValue=""/>
	<Text TextId="T_MaxPowerForIOs" Value="Max Power For IOs" DescValue=""/>
	<Text TextId="T_MaxExpansion" Value="Max Expansion" DescValue=""/>
	<Text TextId="T_SettableNodeAddrRange" Value="Settable Node Address" DescValue=""/>
	
	<Text TextId="T_CurrentForIOModule" Value="Current For IO Module" DescValue=""/>
	<Text TextId="T_FieldPowerRange" Value="Field Power Range" DescValue=""/>
	<Text TextId="T_INTEL" Value="Intel Type" DescValue=""/>
	<Text TextId="T_MOTOROLA" Value="Motorola Type" DescValue=""/>
	<Text TextId="T_Clear_FnBus_Run" Value="Clear FnBus Run" DescValue=""/>
	<Text TextId="T_Hold_FnBus_Run" Value="Hold FnBus Run" DescValue=""/>
	<Text TextId="T_Fault_Acttion" Value="Fault Action" DescValue=""/> 
	<Text TextId="T_DI" Value="Digital Input" DescValue=""/>
	<Text TextId="T_DO" Value="Digital Output" DescValue=""/>
	<Text TextId="T_AutoManual" Value="Auto/Manual" DescValue=""/>
	<Text TextId="T_AutoManual00" Value="Auto/Manual Ch 0" DescValue=""/>
	<Text TextId="T_AutoManual01" Value="Auto/Manual Ch 1" DescValue=""/>
	<Text TextId="T_ManualValue00" Value="Manual Ch 0" DescValue=""/>
	<Text TextId="T_ManualValue01" Value="Manual Ch 1" DescValue=""/>
	<Text TextId="T_AllowedInSlots" Value="Allowed In Slots" DescValue=""/>
	<Text TextId="T_FieldPower" Value="Field Power" DescValue=""/>
	<Text TextId="T_ONStateVoltage" Value="On-State Voltage" DescValue=""/>
	<Text TextId="T_MinOffStateVoltage" Value="Minimum Off State Voltage" DescValue=""/>
	<Text TextId="T_OnStateCurrent" Value="On-State Current" DescValue=""/>
	<Text TextId="T_OutputVoltageRange" Value="Output Voltage Range" DescValue=""/>
	<Text TextId="T_OutputCurrentRating" Value="Output Current Rating" DescValue=""/>
	<Text TextId="T_ONStateVoltageDrop" Value="On-State Voltage Drop" DescValue=""/>
	<Text TextId="T_HighLevelOutputVoltage" Value="High Level Output Voltage" DescValue=""/>
	<Text TextId="T_LowLevelOutputVoltage" Value="Low Level Output Voltage" DescValue=""/>
	<Text TextId="T_OutputCurrentRatingAc" Value="Output Current Rating(AC)" DescValue=""/>
	<Text TextId="T_OutputVoltageRangeAc" Value="Output Voltage Range(AC)" DescValue=""/>
	<Text TextId="T_RelayType" Value="Relay Type" DescValue=""/>
	<Text TextId="T_OutputRatingDc" Value="Output Rating(DC)" DescValue=""/>
	<Text TextId="T_OutputRatingAc" Value="Output Rating(AC)" DescValue=""/>
	<Text TextId="T_RatedLoadVol" Value="Rated Load Voltage" DescValue=""/>
	<Text TextId="T_FrequencyRange" Value="Frequency Range" DescValue=""/>
	<Text TextId="T_ConversionTime" Value="Conversion Time" DescValue=""/>
	<Text TextId="T_DataFormat" Value="Data Format" DescValue=""/>
	<Text TextId="T_DissolutionAbility" Value="Dissolution ability" DescValue=""/>
	<Text TextId="T_ResolutionRanges" Value="Resolution Ranges" DescValue=""/>
	<Text TextId="T_InputCurrentRange" Value="Input Current Range" DescValue=""/>
	<Text TextId="T_InputImpedance" Value="Input Impedance" DescValue=""/>
	<Text TextId="T_OutputCurrentRange" Value="Output Current Range" DescValue=""/>
	<Text TextId="T_LoadImpedance" Value="Load Impedance" DescValue=""/>
	<Text TextId="T_InputVoltage" Value="Input Voltage" DescValue=""/>
	<Text TextId="T_InputCutrrent" Value="Input Current" DescValue=""/>
	<Text TextId="T_InputOnStateCurrent" Value="Input On-State Current" DescValue=""/>
	<Text TextId="T_InputOnStateVoltage" Value="Input On-Sate Voltage" DescValue=""/>
	<Text TextId="T_OutnputOnStateCurrent" Value="Output On-State Current" DescValue=""/>
	<Text TextId="T_OutputOnStateVoltage" Value="Output On-State Voltage" DescValue=""/>
	<Text TextId="T_MaxOnStateVoltage" Value="Maximum On-State Voltage" DescValue=""/>
	<Text TextId="T_MaxInputFrequency" Value="Maximum Input Frequency" DescValue=""/>
	<Text TextId="T_DataBuffer" Value="Data Buffer" DescValue=""/>
	<Text TextId="T_RxdBuffer" Value="RxD Buffer" DescValue=""/>
	<Text TextId="T_TxdBuffer" Value="TxD Buffer" DescValue=""/>
	<Text TextId="T_InputImageSize" Value="Input Image Size" DescValue=""/>
	<Text TextId="T_OutputImageSize" Value="Output Image Size" DescValue=""/>
	<Text TextId="T_FieldPowerVoltage" Value="Field Power Voltage" DescValue=""/>
	<Text TextId="T_ContactCurrent" Value="Contract Current" DescValue=""/>
	<Text TextId="T_Indicators" Value="Indicators" DescValue=""/>
	<Text TextId="T_FnBusPowerContactor" Value="FnBus Power Contractor" DescValue=""/>
	<Text TextId="T_OperatingTemper" Value="Operating Temperature" DescValue=""/>
	<Text TextId="T_StorageTemper" Value="Storage Temperature" DescValue=""/>
	<Text TextId="T_SysInVolRange" Value="System Input Voltage Range" DescValue=""/>
	<Text TextId="T_SysPowInVol" Value="System Power Input Voltage" DescValue=""/>
	<Text TextId="T_FieldPowInVol" Value="Field Power Input Voltage" DescValue=""/>
	<Text TextId="T_FnBusOutVol" Value="FnBus Output Voltage" DescValue=""/>
	<Text TextId="T_Notice" Value="Notice" DescValue=""/>
	<Text TextId="T_InputFrequency" Value="Input Frequency" DescValue=""/>
	<Text TextId="T_OutputCurrent" Value="Output Current" DescValue=""/>
	<Text TextId="T_NumberOfOutput" Value="Number of Output" DescValue=""/>
	<Text TextId="T_SSIDataRate" Value="SSI Data Rate" DescValue=""/>
	<Text TextId="T_SSIDataWidth" Value="SSI Data Width" DescValue=""/>
	<Text TextId="T_SSIDataDelayTime" Value="SSI Data Delay Time" DescValue=""/>
	<Text TextId="T_SSIDataCodeType" Value="SSI Data Code Type" DescValue=""/>
	<Text TextId="T_SSIDataRate" Value="SSI Data Rate" DescValue=""/>
	<Text TextId="T_PulseOutputFrequency" Value="Pulse Output Frequency" DescValue=""/>
	<Text TextId="T_PulseOutputDuty" Value="Pulse Output Duty" DescValue=""/>
	<Text TextId="T_PwmFrequency" Value="PWM Frequency" DescValue=""/>
	<Text TextId="T_PwmDuty" Value="PWM Duty" DescValue=""/>

  <!-- IO Parameters -->
	<Text TextId="T_Safe" Value="Safe" DescValue=""/>
	<Text TextId="T_HoldLastState" Value="Hold Last State" DescValue=""/>
	<Text TextId="T_OFF" Value="OFF" DescValue=""/>
	<Text TextId="T_ON" Value="ON" DescValue=""/>
	<Text TextId="T_PT100" Value="PT100" DescValue=""/>
	<Text TextId="T_PT200" Value="PT200" DescValue=""/>
	<Text TextId="T_PT500" Value="PT500" DescValue=""/>
	<Text TextId="T_PT1000" Value="PT1000" DescValue=""/>
	<Text TextId="T_PT50" Value="PT50" DescValue=""/>
	<Text TextId="T_JPT100" Value="JPT100" DescValue=""/>
	<Text TextId="T_JPT200" Value="JPT200" DescValue=""/>
	<Text TextId="T_JPT500" Value="JPT500" DescValue=""/>
	<Text TextId="T_JPT1000" Value="JPT1000" DescValue=""/>
	<Text TextId="T_NI100" Value="NI100" DescValue=""/>
	<Text TextId="T_NI200" Value="NI200" DescValue=""/>
	<Text TextId="T_NI500" Value="NI500" DescValue=""/>
	<Text TextId="T_NI1000" Value="NI1000" DescValue=""/>
	<Text TextId="T_NI120" Value="NI120" DescValue=""/>
	<Text TextId="T_CU10" Value="CU10" DescValue=""/>
	<Text TextId="T_NI1000LG" Value="NI1000LG" DescValue=""/>
	<Text TextId="T_JPT50" Value="JPT50" DescValue=""/>
	<Text TextId="T_1to2000ohm" Value="Resistance 0.1ohm 1~2000ohm" DescValue=""/>
	<Text TextId="T_1to327ohm" Value="Resistance 0.01ohm 1~327ohm" DescValue=""/>
	<Text TextId="T_1to620ohm" Value="Resistance 0.02ohm 1~620ohm" DescValue=""/>
	<Text TextId="T_1to1200ohm" Value="Resistance 0.05ohm 1~1200ohm" DescValue=""/>
	<Text TextId="T_Celsius" Value="Celsius" DescValue=""/>
	<Text TextId="T_Fahrenheit" Value="Fahrenheit" DescValue=""/>
	<Text TextId="T_VeryHighResolution" Value="Scale (x10)" DescValue=""/>
	<Text TextId="T_HighResolution" Value="Scale (x1)" DescValue=""/>
	<Text TextId="T_LowResolution" Value="Scale (x0.1)" DescValue=""/>
	<Text TextId="T_NormalFilter" Value="Normal Filter" DescValue=""/>
	<Text TextId="T_EnhancedFilter" Value="Enhanced Filter" DescValue=""/>
	<Text TextId="T_TypeK" Value="Type K" DescValue=""/>
	<Text TextId="T_TypeJ" Value="Type J" DescValue=""/>
	<Text TextId="T_TypeT" Value="Type T" DescValue=""/>
	<Text TextId="T_TypeB" Value="Type B" DescValue=""/>
	<Text TextId="T_TypeR" Value="Type R" DescValue=""/>
	<Text TextId="T_TypeS" Value="Type S" DescValue=""/>
	<Text TextId="T_TypeE" Value="Type E" DescValue=""/>
	<Text TextId="T_TypeN" Value="Type N" DescValue=""/>
	<Text TextId="T_TypeL" Value="Type L" DescValue=""/>
	<Text TextId="T_TypeU" Value="Type U" DescValue=""/>
	<Text TextId="T_TypeC" Value="Type C" DescValue=""/>
	<Text TextId="T_TypeD" Value="Type D" DescValue=""/>
	<Text TextId="T_10uVCnt" Value="-78.0~78.0mV 10uV/count" DescValue=""/>
	<Text TextId="T_1uVCnt" Value="-32.7~32.7mV 1uV/count" DescValue=""/>
	<Text TextId="T_2uVCnt" Value="-65.5~65.5mV 2uV/count" DescValue=""/>
	<Text TextId="T_CJCompensation" Value="Cold Junction Compensation" DescValue=""/>
	<Text TextId="T_DisCompensation" Value="Disable Compensation" DescValue=""/>
	<Text TextId="T_FaultValue" Value="Fault Value" DescValue=""/>
	<Text TextId="T_Lowlimit" Value="Low limit" DescValue=""/>
	<Text TextId="T_Highlimit" Value="High limit" DescValue=""/>
	<Text TextId="T_300bps" Value="300bps" DescValue=""/>
	<Text TextId="T_1200bps" Value="1200bps" DescValue=""/>
	<Text TextId="T_2400bps" Value="2400bps" DescValue=""/>
	<Text TextId="T_4800bps" Value="4800bps" DescValue=""/>
	<Text TextId="T_9600bps" Value="9600bps" DescValue=""/>
	<Text TextId="T_19200bps" Value="19200bps" DescValue=""/>
	<Text TextId="T_38400bps" Value="38400bps" DescValue=""/>
	<Text TextId="T_57600bps" Value="57600bps" DescValue=""/>
	<Text TextId="T_115200bps" Value="115200bps" DescValue=""/>
	<Text TextId="T_7DataBit" Value="7 Data bit" DescValue=""/>
	<Text TextId="T_8DataBit" Value="8 Data bit" DescValue=""/>
	<Text TextId="T_9DataBit" Value="9 Data bit" DescValue=""/>
	<Text TextId="T_NoParity" Value="No Parity" DescValue=""/>
	<Text TextId="T_OddParity" Value="Odd Parity" DescValue=""/>
	<Text TextId="T_EvenParity" Value="Even Parity" DescValue=""/>
	<Text TextId="T_1StopBit" Value="1 bit" DescValue=""/>
	<Text TextId="T_2StopBit" Value="2 bit" DescValue=""/>
	<Text TextId="T_Disable" Value="Disable" DescValue=""/>
	<Text TextId="T_Enable" Value="Enable" DescValue=""/>
	<Text TextId="T_FlowCtrlDisable" Value="RTS,CTS Disable" DescValue=""/>
	<Text TextId="T_FlowCtrlRTS" Value="RTS Enable" DescValue=""/>
	<Text TextId="T_FlowCtrlCTS" Value="CTS Enable" DescValue=""/>
	<Text TextId="T_FlowCtrlRTSCTS" Value="RTS,CTS Enable" DescValue=""/>
	<Text TextId="T_CntDisable" Value="Counter Disable" DescValue=""/>
	<Text TextId="T_1PulseMode" Value="1 Pulse Mode" DescValue=""/>
	<Text TextId="T_2PulseMode" Value="2 Pulse Mode" DescValue=""/>
	<Text TextId="T_1Encoder" Value="Encoder x1" DescValue=""/>
	<Text TextId="T_2Encoder" Value="Encoder x2" DescValue=""/>
	<Text TextId="T_4Encoder" Value="Encoder x4" DescValue=""/>
	<Text TextId="T_PeriodRateMode" Value="Period/Rate Mode" DescValue=""/>
	<Text TextId="T_PwmMode" Value="PWM Output Mode" DescValue=""/>
	<Text TextId="T_GateDisable" Value="Gate Function Disable" DescValue=""/>
	<Text TextId="T_StoreContinue" Value="Store/Continue" DescValue=""/>
	<Text TextId="T_StoreResume" Value="Store/Wait/Resume" DescValue=""/>
	<Text TextId="T_StoreStart" Value="Store-Reset/Wait/Start" DescValue=""/>
	<Text TextId="T_StoreReset" Value="Store-Reset/Start" DescValue=""/>
	<Text TextId="T_FilterBypass" Value="Bypass" DescValue="Bypass"/>
	<Text TextId="T_Filter1us" Value="1usec" DescValue="1usec"/>
	<Text TextId="T_Filter5us" Value="5usec" DescValue=""/>
	<Text TextId="T_Filter10us" Value="10usec" DescValue=""/>
	<Text TextId="T_Filter50us" Value="50usec" DescValue=""/>
	<Text TextId="T_Filter100us" Value="100usec" DescValue=""/>
	<Text TextId="T_Filter500us" Value="500usec" DescValue=""/>
	<Text TextId="T_Filter1ms" Value="1msec" DescValue=""/>
	<Text TextId="T_Filter5ms" Value="5msec" DescValue=""/>
	<Text TextId="T_Filter10ms" Value="10msec" DescValue=""/>
	<Text TextId="T_GateSmple01us" Value="0.1usec" DescValue=""/>
	<Text TextId="T_GateSmple02us" Value="0.2usec" DescValue=""/>
	<Text TextId="T_GateSmple04us" Value="0.4usec" DescValue=""/>
	<Text TextId="T_GateSmple08us" Value="0.8usec" DescValue=""/>
	<Text TextId="T_GateSmple16us" Value="1.6usec" DescValue=""/>
	<Text TextId="T_GateSmple32us" Value="3.2usec" DescValue=""/>
	<Text TextId="T_GateSmple64us" Value="6.4usec" DescValue=""/>
	<Text TextId="T_GateSmple128us" Value="12.8usec" DescValue=""/>
	
	<Text TextId="T_Module parameters" Value="Module parameters" DescValue=""/>
	<Text TextId="T_REF_Fault_Action_ch0" Value="IO Fault Action Channel 0" DescValue=""/>
	<Text TextId="T_REF_Fault_Action_ch1" Value="IO Fault Action Channel 1" DescValue=""/>
	<Text TextId="T_REF_Fault_Action_ch2" Value="IO Fault Action Channel 2" DescValue=""/>
	<Text TextId="T_REF_Fault_Action_ch3" Value="IO Fault Action Channel 3" DescValue=""/>
	<Text TextId="T_REF_Fault_Action_ch4" Value="IO Fault Action Channel 4" DescValue=""/>
	<Text TextId="T_REF_Fault_Action_ch5" Value="IO Fault Action Channel 5" DescValue=""/>
	<Text TextId="T_REF_Fault_Action_ch6" Value="IO Fault Action Channel 6" DescValue=""/>
	<Text TextId="T_REF_Fault_Action_ch7" Value="IO Fault Action Channel 7" DescValue=""/>
	<Text TextId="T_REF_Fault_Action_ch8" Value="IO Fault Action Channel 8" DescValue=""/>
	<Text TextId="T_REF_Fault_Action_ch9" Value="IO Fault Action Channel 9" DescValue=""/>
	<Text TextId="T_REF_Fault_Action_ch10" Value="IO Fault Action Channel 10" DescValue=""/>
	<Text TextId="T_REF_Fault_Action_ch11" Value="IO Fault Action Channel 11" DescValue=""/>
	<Text TextId="T_REF_Fault_Action_ch12" Value="IO Fault Action Channel 12" DescValue=""/>
	<Text TextId="T_REF_Fault_Action_ch13" Value="IO Fault Action Channel 13" DescValue=""/>
	<Text TextId="T_REF_Fault_Action_ch14" Value="IO Fault Action Channel 14" DescValue=""/>
	<Text TextId="T_REF_Fault_Action_ch15" Value="IO Fault Action Channel 15" DescValue=""/>
	<Text TextId="T_REF_SubstituteValue_ch0" Value="IO Fault Value Channel 0" DescValue=""/>
	<Text TextId="T_REF_SubstituteValue_ch1" Value="IO Fault Value Channel 1" DescValue=""/>
	<Text TextId="T_REF_SubstituteValue_ch2" Value="IO Fault Value Channel 2" DescValue=""/>
	<Text TextId="T_REF_SubstituteValue_ch3" Value="IO Fault Value Channel 3" DescValue=""/>
	<Text TextId="T_REF_SubstituteValue_ch4" Value="IO Fault Value Channel 4" DescValue=""/>
	<Text TextId="T_REF_SubstituteValue_ch5" Value="IO Fault Value Channel 5" DescValue=""/>
	<Text TextId="T_REF_SubstituteValue_ch6" Value="IO Fault Value Channel 6" DescValue=""/>
	<Text TextId="T_REF_SubstituteValue_ch7" Value="IO Fault Value Channel 7" DescValue=""/>
	<Text TextId="T_REF_SubstituteValue_ch8" Value="IO Fault Value Channel 8" DescValue=""/>
	<Text TextId="T_REF_SubstituteValue_ch9" Value="IO Fault Value Channel 9" DescValue=""/>
	<Text TextId="T_REF_SubstituteValue_ch10" Value="IO Fault Value Channel 10" DescValue=""/>
	<Text TextId="T_REF_SubstituteValue_ch11" Value="IO Fault Value Channel 11" DescValue=""/>
	<Text TextId="T_REF_SubstituteValue_ch12" Value="IO Fault Value Channel 12" DescValue=""/>
	<Text TextId="T_REF_SubstituteValue_ch13" Value="IO Fault Value Channel 13" DescValue=""/>
	<Text TextId="T_REF_SubstituteValue_ch14" Value="IO Fault Value Channel 14" DescValue=""/>
	<Text TextId="T_REF_SubstituteValue_ch15" Value="IO Fault Value Channel 15" DescValue=""/>
	<Text TextId="T_AI_Data_00" Value="Analog Input Channel 0" DescValue=""/>
	<Text TextId="T_AI_Data_01" Value="Analog Input Channel 1" DescValue=""/>
	<Text TextId="T_AI_Data_02" Value="Analog Input Channel 2" DescValue=""/>
	<Text TextId="T_AI_Data_03" Value="Analog Input Channel 3" DescValue=""/>
	<Text TextId="T_AI_Data_04" Value="Analog Input Channel 4" DescValue=""/>
	<Text TextId="T_AI_Data_05" Value="Analog Input Channel 5" DescValue=""/>
	<Text TextId="T_AI_Data_06" Value="Analog Input Channel 6" DescValue=""/>
	<Text TextId="T_AI_Data_07" Value="Analog Input Channel 7" DescValue=""/>
	<Text TextId="T_REF_Sensor_Type" Value="Sensor Type" DescValue=""/>
	<Text TextId="T_REF_Temperature_Type" Value="Temperature Type" DescValue=""/>
	<Text TextId="T_REF_Resolution_Type" Value="Data Scale" DescValue=""/>
	<Text TextId="T_REF_Filter_Type" Value="Filter Type" DescValue=""/>
	<Text TextId="T_REF_Compensation_Type" Value="Compensation Type" DescValue=""/>
	<Text TextId="T_REF_Cold_Junction_Offset" Value="Cold Junction Temperature Offset Data" DescValue=""/>
	<Text TextId="T_AO_Data_00" Value="Analog Output Channel 0" DescValue=""/>
	<Text TextId="T_AO_Data_01" Value="Analog Output Channel 1" DescValue=""/>
	<Text TextId="T_AO_Data_02" Value="Analog Output Channel 2" DescValue=""/>
	<Text TextId="T_AO_Data_03" Value="Analog Output Channel 3" DescValue=""/>
	<Text TextId="T_AO_Data_04" Value="Analog Output Channel 4" DescValue=""/>
	<Text TextId="T_AO_Data_05" Value="Analog Output Channel 5" DescValue=""/>
	
	<Text TextId="T_REF_Sensor_Type_ch0" Value="[0 Channel] Sensor Type" DescValue=""/>
	<Text TextId="T_REF_Sensor_Type_ch1" Value="[1 Channel] Sensor Type" DescValue=""/>
	<Text TextId="T_REF_Sensor_Type_ch2" Value="[2 Channel] Sensor Type" DescValue=""/>
	<Text TextId="T_REF_Sensor_Type_ch3" Value="[3 Channel] Sensor Type" DescValue=""/>
	<Text TextId="T_REF_Sensor_Type_ch4" Value="[4 Channel] Sensor Type" DescValue=""/>
	<Text TextId="T_REF_Sensor_Type_ch5" Value="[5 Channel] Sensor Type" DescValue=""/>
	<Text TextId="T_REF_Filter_Type_ch0" Value="[0 Channel] Filter Type" DescValue=""/>
	<Text TextId="T_REF_Filter_Type_ch1" Value="[1 Channel] Filter Type" DescValue=""/>
	<Text TextId="T_REF_Filter_Type_ch2" Value="[2 Channel] Filter Type" DescValue=""/>
	<Text TextId="T_REF_Filter_Type_ch3" Value="[3 Channel] Filter Type" DescValue=""/>
	<Text TextId="T_REF_Filter_Type_ch4" Value="[4 Channel] Filter Type" DescValue=""/>
	<Text TextId="T_REF_Filter_Type_ch5" Value="[5 Channel] Filter Type" DescValue=""/>
	<Text TextId="T_REF_Temperature_Type_ch0" Value="[0 Channel] Temperature Type" DescValue=""/>
	<Text TextId="T_REF_Temperature_Type_ch1" Value="[1 Channel] Temperature Type" DescValue=""/>
	<Text TextId="T_REF_Temperature_Type_ch2" Value="[2 Channel] Temperature Type" DescValue=""/>
	<Text TextId="T_REF_Temperature_Type_ch3" Value="[3 Channel] Temperature Type" DescValue=""/>
	<Text TextId="T_REF_Temperature_Type_ch4" Value="[4 Channel] Temperature Type" DescValue=""/>
	<Text TextId="T_REF_Temperature_Type_ch5" Value="[5 Channel] Temperature Type" DescValue=""/>
	<Text TextId="T_REF_Reserved_Word" Value="Reserved Word" DescValue=""/>
	<Text TextId="T_REF_Reserved_Byte" Value="Reserved Byte" DescValue=""/>
	<Text TextId="T_REF_Reserved_2Bit" Value="Reserved 4Bit" DescValue=""/>
	<Text TextId="T_REF_Reserved_Bit" Value="Reserved Bit" DescValue=""/>
	<Text TextId="T_REF_SubstituteValue_NAIO" Value="NA IO Fault Value" DescValue=""/>
	
	<Text TextId="T_REF_SubstituteValue_4pt" Value="IO Fault Value" DescValue=""/>
	<Text TextId="T_Status_Data_00" Value="Status Data Channel 0" DescValue=""/>
	<Text TextId="T_Byte_InData_00_Ch0" Value="Ch.0 Input Data Byte 0" DescValue=""/>
	<Text TextId="T_Byte_InData_01_Ch0" Value="Ch.0 Input Data Byte 1" DescValue=""/>
	<Text TextId="T_Byte_InData_02_Ch0" Value="Ch.0 Input Data Byte 2" DescValue=""/>
	<Text TextId="T_Byte_InData_03_Ch0" Value="Ch.0 Input Data Byte 3" DescValue=""/>
	<Text TextId="T_Byte_InData_04_Ch0" Value="Ch.0 Input Data Byte 4" DescValue=""/>
	<Text TextId="T_Status_Data_01" Value="Status Data Channel 1" DescValue=""/>
	<Text TextId="T_Byte_InData_00_Ch1" Value="Ch.1 Input Data Byte 0" DescValue=""/>
	<Text TextId="T_Byte_InData_01_Ch1" Value="Ch.1 Input Data Byte 1" DescValue=""/>
	<Text TextId="T_Byte_InData_02_Ch1" Value="Ch.1 Input Data Byte 2" DescValue=""/>
	<Text TextId="T_Byte_InData_03_Ch1" Value="Ch.1 Input Data Byte 3" DescValue=""/>
	<Text TextId="T_Byte_InData_04_Ch1" Value="Ch.1 Input Data Byte 4" DescValue=""/>
	<Text TextId="T_Ctrl_Data_00" Value="Control Data Channel 0" DescValue=""/>
	<Text TextId="T_Byte_OutData_00_Ch0" Value="Ch.0 Output Data Byte 0" DescValue=""/>
	<Text TextId="T_Byte_OutData_01_Ch0" Value="Ch.0 Output Data Byte 1" DescValue=""/>
	<Text TextId="T_Byte_OutData_02_Ch0" Value="Ch.0 Output Data Byte 2" DescValue=""/>
	<Text TextId="T_Byte_OutData_03_Ch0" Value="Ch.0 Output Data Byte 3" DescValue=""/>
	<Text TextId="T_Byte_OutData_04_Ch0" Value="Ch.0 Output Data Byte 4" DescValue=""/>
	<Text TextId="T_Ctrl_Data_01" Value="Control Data Channel 1" DescValue=""/>
	<Text TextId="T_Ctrl_Data_02" Value="Control Data Channel 2" DescValue=""/>
	<Text TextId="T_Ctrl_Data_03" Value="Control Data Channel 3" DescValue=""/>
	<Text TextId="T_Ctrl_Data_00_Ch0" Value="Ch.0 Control Data Byte 0" DescValue=""/>
	<Text TextId="T_Ctrl_Data_01_Ch0" Value="Ch.0 Control Data Byte 1" DescValue=""/>
	<Text TextId="T_Ctrl_Data_02_Ch0" Value="Ch.0 Control Data Byte 2" DescValue=""/>
	<Text TextId="T_Ctrl_Data_03_Ch0" Value="Ch.0 Control Data Byte 3" DescValue=""/>
	<Text TextId="T_Ctrl_Data_00_Ch1" Value="Ch.1 Control Data Byte 0" DescValue=""/>
	<Text TextId="T_Ctrl_Data_01_Ch1" Value="Ch.1 Control Data Byte 1" DescValue=""/>
	<Text TextId="T_Ctrl_Data_02_Ch1" Value="Ch.1 Control Data Byte 2" DescValue=""/>
	<Text TextId="T_Ctrl_Data_03_Ch1" Value="Ch.1 Control Data Byte 3" DescValue=""/>
	<Text TextId="T_Byte_OutData_00_Ch1" Value="Ch.1 Output Data Byte 0" DescValue=""/>
	<Text TextId="T_Byte_OutData_01_Ch1" Value="Ch.1 Output Data Byte 1" DescValue=""/>
	<Text TextId="T_Byte_OutData_02_Ch1" Value="Ch.1 Output Data Byte 2" DescValue=""/>
	<Text TextId="T_Byte_OutData_03_Ch1" Value="Ch.1 Output Data Byte 3" DescValue=""/>
	<Text TextId="T_Byte_OutData_04_Ch1" Value="Ch.1 Output Data Byte 4" DescValue=""/>
	<Text TextId="T_Byte_OutData_00_Ch2" Value="Ch.1 Output Data Byte 0" DescValue=""/>
	<Text TextId="T_Byte_OutData_01_Ch2" Value="Ch.1 Output Data Byte 1" DescValue=""/>
	<Text TextId="T_Byte_OutData_02_Ch2" Value="Ch.1 Output Data Byte 2" DescValue=""/>
	<Text TextId="T_Byte_OutData_03_Ch2" Value="Ch.1 Output Data Byte 3" DescValue=""/>
	<Text TextId="T_Byte_OutData_04_Ch2" Value="Ch.1 Output Data Byte 4" DescValue=""/>
	<Text TextId="T_Byte_OutData_00_Ch3" Value="Ch.1 Output Data Byte 0" DescValue=""/>
	<Text TextId="T_Byte_OutData_01_Ch3" Value="Ch.1 Output Data Byte 1" DescValue=""/>
	<Text TextId="T_Byte_OutData_02_Ch3" Value="Ch.1 Output Data Byte 2" DescValue=""/>
	<Text TextId="T_Byte_OutData_03_Ch3" Value="Ch.1 Output Data Byte 3" DescValue=""/>
	<Text TextId="T_Byte_OutData_04_Ch3" Value="Ch.1 Output Data Byte 4" DescValue=""/>
	<Text TextId="T_REF_Reserved_Byte" Value="Reserved Byte" DescValue=""/>
	<Text TextId="T_REF_Baud_Rate_ch0" Value="Ch.0 Baudrate" DescValue=""/>
	<Text TextId="T_REF_Data_Bit_ch0" Value="Ch.0 Data Bit" DescValue=""/>
	<Text TextId="T_REF_Parity_Bit_ch0" Value="Ch.0 Parity Bit" DescValue=""/>
	<Text TextId="T_REF_Stop_Bit_ch0" Value="Ch.0 Stop Bit" DescValue=""/>
	<Text TextId="T_REF_TxD_ch0" Value="Ch.0 TxD" DescValue=""/>
	<Text TextId="T_REF_Flow_Control_ch0" Value="Ch.0 Flow Control" DescValue=""/>
	<Text TextId="T_REF_Baud_Rate_ch1" Value="Ch.1 Baudrate" DescValue=""/>
	<Text TextId="T_REF_Data_Bit_ch1" Value="Ch.1 Data Bit" DescValue=""/>
	<Text TextId="T_REF_Parity_Bit_ch1" Value="Ch.1 Parity Bit" DescValue=""/>
	<Text TextId="T_REF_Stop_Bit_ch1" Value="Ch.1 Stop Bit" DescValue=""/>
	<Text TextId="T_REF_TxD_ch1" Value="Ch.1 TxD" DescValue=""/>
	<Text TextId="T_REF_Flow_Control_ch1" Value="Ch.1 Flow Control" DescValue=""/>
	<Text TextId="T_REF_Baud_Rate" Value="Baudrate" DescValue=""/>
	<Text TextId="T_REF_Data_Bit" Value="Data Bit" DescValue=""/>
	<Text TextId="T_REF_Parity_Bit" Value="Parity Bit" DescValue=""/>
	<Text TextId="T_REF_Stop_Bit" Value="Stop Bit" DescValue=""/>
	<Text TextId="T_REF_TxD" Value="TxD" DescValue=""/>
	<Text TextId="T_REF_Flow_Control" Value="Flow Control" DescValue=""/>
	<Text TextId="T_Byte_InData_00" Value="Input Data Byte 0" DescValue=""/>
	<Text TextId="T_Byte_InData_01" Value="Input Data Byte 1" DescValue=""/>
	<Text TextId="T_Byte_InData_02" Value="Input Data Byte 2" DescValue=""/>
	<Text TextId="T_Byte_InData_03" Value="Input Data Byte 3" DescValue=""/>
	<Text TextId="T_Byte_InData_04" Value="Input Data Byte 4" DescValue=""/>
	<Text TextId="T_Byte_InData_05" Value="Input Data Byte 5" DescValue=""/>
	<Text TextId="T_Byte_InData_06" Value="Input Data Byte 6" DescValue=""/>
	<Text TextId="T_Byte_InData_07" Value="Input Data Byte 7" DescValue=""/>
	<Text TextId="T_Byte_InData_08" Value="Input Data Byte 8" DescValue=""/>
	<Text TextId="T_Byte_InData_09" Value="Input Data Byte 9" DescValue=""/>
	<Text TextId="T_Byte_InData_10" Value="Input Data Byte 10" DescValue=""/>
	<Text TextId="T_Byte_InData_11" Value="Input Data Byte 11" DescValue=""/>
	<Text TextId="T_Byte_InData_12" Value="Input Data Byte 12" DescValue=""/>
	<Text TextId="T_Byte_InData_13" Value="Input Data Byte 13" DescValue=""/>
	<Text TextId="T_Byte_InData_14" Value="Input Data Byte 14" DescValue=""/>
	<Text TextId="T_Byte_InData_15" Value="Input Data Byte 15" DescValue=""/>
	<Text TextId="T_Byte_OutData_00" Value="Output Data Byte 0" DescValue=""/>
	<Text TextId="T_Byte_OutData_01" Value="Output Data Byte 1" DescValue=""/>
	<Text TextId="T_Byte_OutData_02" Value="Output Data Byte 2" DescValue=""/>
	<Text TextId="T_Byte_OutData_03" Value="Output Data Byte 3" DescValue=""/>
	<Text TextId="T_Byte_OutData_04" Value="Output Data Byte 4" DescValue=""/>
	<Text TextId="T_REF_Counter_Mode" Value="Counter Mode" DescValue=""/>
	<Text TextId="T_REF_Gate_Function" Value="Gate Function" DescValue=""/>
	<Text TextId="T_REF_Input_Filter" Value="Input Filter" DescValue=""/>
	<Text TextId="T_REF_Gate_Sampling_Time" Value="Gate Sampling Time" DescValue=""/>
	
	<Text TextId="T_NA parameters" Value="Network adapter parameters" DescValue=""/>
	<Text TextId="T_REF_Fault_Action_ch0" Value="IO Fault Action Channel 0" DescValue=""/>	


	<!-- NA Properties -->
	<Text TextId="T_Firmware" Value="Firmware" DescValue=""/>
	<Text TextId="T_InputImageMode" Value="Input Image Mode" DescValue=""/>	
	<Text TextId="T_OutputImageMode" Value="Output Image Mode" DescValue=""/>	
	<Text TextId="T_FirmwareDate" Value="Firmware Date" DescValue=""/>	
	<Text TextId="T_WatchdogTime" Value="Watchdog Time (X 100 msec)" DescValue=""/>	
	<Text TextId="T_GatewayAddress" Value="Gateway Address" DescValue=""/>	
	<Text TextId="T_SubnetMask" Value="Subnet Mask" DescValue=""/>	
	<Text TextId="T_MacAddress" Value="Mac Address" DescValue=""/>	
	<Text TextId="T_MON_Status" Value="Monitoring Status" DescValue=""/>	
	<Text TextId="T_MON_LED" Value="Monitoring LED" DescValue=""/>		 
	<Text TextId="T_DipSwitch" Value="DipSwitch Status" DescValue=""/>		 
	
	<Text TextId="T_IOUpdateTime" Value="IO Update Time (X 100 usec)" DescValue=""/>	
	<Text TextId="T_WatchdogErr" Value="Watchdog Error" DescValue=""/>	
	<Text TextId="T_FieldPwrStatus" Value="Field Power Status" DescValue=""/>	
	<Text TextId="T_BusStatus" Value="FnBus Status" DescValue=""/>	
	<Text TextId="T_InactiveSlots" Value="Inactive Slot list" DescValue=""/>	
	<Text TextId="T_LiveSlots" Value="Live Slot list" DescValue=""/>	
	<Text TextId="T_AlarmSlots" Value="Alarm Slot list" DescValue=""/>	
	<Text TextId="T_ExpansionSlotNo" Value="Expansion Slot No." DescValue=""/>	
	<Text TextId="T_ActiveSlotNo" Value="Active Slot No." DescValue=""/>	
	<Text TextId="T_InactiveSlotNo" Value="Inactive Slot No." DescValue=""/>	



 
	
	
</TextList>		
