<?xml version="1.0" encoding="UTF-8"?>

<!--**********************************************************************
** $File: listNA.xml 
** $Descrip: Network Adapter List
** $Version: 1.0.2.0 
** $Maker: 
** $History   
** ******************************************************************* --> 
 	
<CouplerList>
	<Group Category="NA" IconIdx="1">
    <ItemRef Target="IDM_RIO2xxxx" TextId="T_RIO2xxxx" BusType="IDB_Modbus232" DefineFileName="RIO2xxxx.xml" AllowedInSlots="0..0" Available="true"/>
    <ItemRef Target="IDM_RIO2-DNA" TextId="T_RIO2-DNA" BusType="IDB_DeviceNet" DefineFileName="RIO2-DNA.xml" AllowedInSlots="0..0" Available="true"/>	 		
	  <ItemRef Target="IDM_RIO2-PBA" TextId="T_RIO2-PBA" BusType="IDB_ProfibusDP" DefineFileName="RIO2-PBA.xml" AllowedInSlots="0..0" Available="true"/>
	  <ItemRef Target="IDM_RIO2-MBR" TextId="T_RIO2-MBR" BusType="IDB_Modbus485" DefineFileName="RIO2-MBR.xml" AllowedInSlots="0..0" Available="true"/>
    <ItemRef Target="IDM_RIO2-MBT" TextId="T_RIO2-MBT" BusType="IDB_ModbusTCP" DefineFileName="RIO2-MBT.xml" AllowedInSlots="0..0" Available="true"/>
    <ItemRef Target="IDM_RIO2-ECA" TextId="T_RIO2-ECA" BusType="IDB_EtherCAT" DefineFileName="RIO2-ECA.xml" AllowedInSlots="0..0" Available="true"/>
    <ItemRef Target="IDM_RIO2-PNA" TextId="T_RIO2-PNA" BusType="IDB_PROFINET" DefineFileName="RIO2-PNA.xml" AllowedInSlots="0..0" Available="true"/>
    <ItemRef Target="IDM_RIO2-CAN" TextId="T_RIO2-CAN" BusType="IDB_CANopen" DefineFileName="RIO2-CAN.xml" AllowedInSlots="0..0" Available="true"/>
    <ItemRef Target="IDM_RIO2-PBA2" TextId="T_RIO2-PBA2" BusType="IDB_ProfibusDP" DefineFileName="RIO2-PBA2.xml" AllowedInSlots="0..0" Available="true"/>
    <!--==================================-->
    <!-- Add Below -->
	</Group>
</CouplerList>