<?xml version="1.0" encoding="UTF-8"?>

<!--**********************************************************************
** $File: listIO.xml 
** $Descrip: I/O module List
** $Version: 1.0.0.0 
** $Maker: 
** $History   
** ******************************************************************* --> 

<IOList>
  <!-- FnBus -->
  
	<Group Category="DI" IconIdx="2">
		<ItemRef Target="IDM_RIO2-XDP4" TextId="T_RIO2-XDP4" DefineFileName="RIO2-XDP4.xml" AllowedInSlots="1..32" Available="true"/>
		<ItemRef Target="IDM_RIO2-XDP8" TextId="T_RIO2-XDP8" DefineFileName="RIO2-XDP8.xml" AllowedInSlots="1..32" Available="true"/>
		<ItemRef Target="IDM_RIO2-XDP16" TextId="T_RIO2-XDP16" DefineFileName="RIO2-XDP16.xml" AllowedInSlots="1..32" Available="true"/>
		<ItemRef Target="IDM_RIO2-XAH4" TextId="T_RIO2-XAH4" DefineFileName="RIO2-XAH4.xml" AllowedInSlots="1..32" Available="true"/>
	</Group>
  
	<Group Category="DO" IconIdx="3">
    <ItemRef Target="IDM_RIO2-YTP4" TextId="T_RIO2-YTP4" DefineFileName="RIO2-YTP4.xml" AllowedInSlots="1..32" Available="true"/>
		<ItemRef Target="IDM_RIO2-YTP8" TextId="T_RIO2-YTP8" DefineFileName="RIO2-YTP8.xml" AllowedInSlots="1..32" Available="true"/>
    <ItemRef Target="IDM_RIO2-YTP16" TextId="T_RIO2-YTP16" DefineFileName="RIO2-YTP16.xml" AllowedInSlots="1..32" Available="true"/>
		<ItemRef Target="IDM_RIO2-YTP4C" TextId="T_RIO2-YTP4C" DefineFileName="RIO2-YTP4C.xml" AllowedInSlots="1..32" Available="true"/>
		<ItemRef Target="IDM_RIO2-YR4" TextId="T_RIO2-YR4" DefineFileName="RIO2-YR4.xml" AllowedInSlots="1..32" Available="true"/>
		<ItemRef Target="IDM_RIO2-YR8" TextId="T_RIO2-YR8" DefineFileName="RIO2-YR8.xml" AllowedInSlots="1..32" Available="true"/>
	</Group>
  
	<Group Category="AI" IconIdx="4">
    <ItemRef Target="IDM_RIO2-AX4I" TextId="T_RIO2-AX4I" DefineFileName="RIO2-AX4I.xml" AllowedInSlots="1..32" Available="true"/>
		<ItemRef Target="IDM_RIO2-AX8I" TextId="T_RIO2-AX8I" DefineFileName="RIO2-AX8I.xml" AllowedInSlots="1..32" Available="true"/>
		<ItemRef Target="IDM_RIO2-AX4V" TextId="T_RIO2-AX4V" DefineFileName="RIO2-AX4V.xml" AllowedInSlots="1..32" Available="true"/>
		<ItemRef Target="IDM_RIO2-AX8V" TextId="T_RIO2-AX8V" DefineFileName="RIO2-AX8V.xml" AllowedInSlots="1..32" Available="true"/>
		<ItemRef Target="IDM_RIO2-AX4H" TextId="T_RIO2-AX4H" DefineFileName="RIO2-AX4H.xml" AllowedInSlots="1..32" Available="true"/>
		<ItemRef Target="IDM_RIO2-RTD2" TextId="T_RIO2-RTD2" DefineFileName="RIO2-RTD2.xml" AllowedInSlots="1..32" Available="true"/>
    <ItemRef Target="IDM_RIO2-RTD4" TextId="T_RIO2-RTD4" DefineFileName="RIO2-RTD4.xml" AllowedInSlots="1..32" Available="true"/>
    <ItemRef Target="IDM_RIO2-RTD8" TextId="T_RIO2-RTD8" DefineFileName="RIO2-RTD8.xml" AllowedInSlots="1..32" Available="true"/>
    <ItemRef Target="IDM_RIO2-TC2" TextId="T_RIO2-TC2" DefineFileName="RIO2-TC2.xml" AllowedInSlots="1..32" Available="true"/>
    <ItemRef Target="IDM_RIO2-TC4" TextId="T_RIO2-TC4" DefineFileName="RIO2-TC4.xml" AllowedInSlots="1..32" Available="true"/>
   	</Group>
  
	<Group Category="AO" IconIdx="5">
    <ItemRef Target="IDM_RIO2-AY2I" TextId="T_RIO2-AY2I" DefineFileName="RIO2-AY2I.xml" AllowedInSlots="1..32" Available="true"/>
		<ItemRef Target="IDM_RIO2-AY4I" TextId="T_RIO2-AY4I" DefineFileName="RIO2-AY4I.xml" AllowedInSlots="1..32" Available="true"/>
    <ItemRef Target="IDM_RIO2-AY2V" TextId="T_RIO2-AY2V" DefineFileName="RIO2-AY2V.xml" AllowedInSlots="1..32" Available="true"/>
    <ItemRef Target="IDM_RIO2-AY4V" TextId="T_RIO2-AY4V" DefineFileName="RIO2-AY4V.xml" AllowedInSlots="1..32" Available="true"/>
    <ItemRef Target="IDM_RIO2-AY2H" TextId="T_RIO2-AY2H" DefineFileName="RIO2-AY2H.xml" AllowedInSlots="1..32" Available="true"/>
	</Group>	   
  
	<Group Category="Power" IconIdx="6">
		<ItemRef Target="IDM_RIO2-PSD" TextId="T_RIO2-PSD" DefineFileName="RIO2-PSD.xml" AllowedInSlots="1..32" Available="true"/>
		<ItemRef Target="IDM_RIO2-PS" TextId="T_RIO2-PS" DefineFileName="RIO2-PS.xml" AllowedInSlots="1..32" Available="true"/>
	</Group>	  

	<Group Category="Special" IconIdx="7">
		<ItemRef Target="IDM_RIO2-CU24" TextId="T_RIO2-CU24" DefineFileName="RIO2-CU24.xml" AllowedInSlots="1..32" Available="true"/>
    <ItemRef Target="IDM_RIO2-CU24L" TextId="T_RIO2-CU24L" DefineFileName="RIO2-CU24L.xml" AllowedInSlots="1..32" Available="true"/>
    <ItemRef Target="IDM_RIO2-RS232" TextId="T_RIO2-RS232" DefineFileName="RIO2-RS232.xml" AllowedInSlots="1..32" Available="true"/>
		<ItemRef Target="IDM_RIO2-RS485" TextId="T_RIO2-RS485" DefineFileName="RIO2-RS485.xml" AllowedInSlots="1..32" Available="true"/>
		<ItemRef Target="IDM_RIO2-PWM2" TextId="T_RIO2-PWM2" DefineFileName="RIO2-PWM2.xml" AllowedInSlots="1..32" Available="true"/>
		<ItemRef Target="IDM_RIO2-PO2" TextId="T_RIO2-PO2" DefineFileName="RIO2-PO2.xml" AllowedInSlots="1..32" Available="true"/>
	</Group>	  
 
	<Group Category="System" IconIdx="8"> 
		<ItemRef Target="IDM_RIO2-SHD" TextId="T_RIO2-SHD" DefineFileName="RIO2-SHD.xml" AllowedInSlots="1..32" Available="true"/>
		<ItemRef Target="IDM_RIO2-0VDC" TextId="T_RIO2-0VDC" DefineFileName="RIO2-0VDC.xml" AllowedInSlots="1..32" Available="true"/>
		<ItemRef Target="IDM_RIO2-24VDC" TextId="T_RIO2-24VDC" DefineFileName="RIO2-24VDC.xml" AllowedInSlots="1..32" Available="true"/>
		<ItemRef Target="IDM_RIO2-VDC" TextId="T_RIO2-VDC" DefineFileName="RIO2-VDC.xml" AllowedInSlots="1..32" Available="true"/>	
	</Group>

</IOList>
