<?xml version="1.0" encoding="UTF-8"?>

<!--**********************************************************************
** $File: GT1428.xml 
** $Descrip: Define I/O module (GT-1428)
** $Version: 1.0.0.0 
** $Maker: CREVIS
** ******************************************************************* --> 

<IOProfile>
	<DeviceInfo ID="IDM_GT1428" DeviceID="0x1428" Category="GDI">	
		<General> 
			<Name TextId="T_GT1428"/>
			<InfoText TextId="T_INFO_GT1428"/>
			<OrderNumber Value="GT-1428"/>
			<GraphicFile Value="GT-1428"/> 
			<HelpLink Value="GT-1428.htm"/> 
			<KeySpec Value="8 Points Sink Input/8 Points Source Output with Diagnostics, 24Vdc"/> 
			<Features AddrMapPriority="8" CanCommunication="true" FieldPwrCutoffBefore="false" FieldPwrFreeNext = "false" SystemPwrExpansion="0"/>
		</General>

		<Specification>
			<HardwareVer TextId="T_HardwareVer" Value="1.00" Unit="" Visible="false"/>
			<PowerDissipation TextId="T_PowerDissipation" Value="35" Unit="mA" Visible="true"/>	 		<!--단위는 mA-->
			<FieldPower TextId="T_FieldPower" Value="24Vdc nominal. 15-32Vdc"  Unit="Vdc" Visible="true"/>
			<Dimension TextId="T_Dimension" Height="99" Width="70" Value="12" Unit="mm" Visible="true"/>
			<AllowedInSlots TextId="T_AllowedInSlots" Value="1..64" Unit="" Visible="false"/>

			<Items>
				<Ref TextId="T_FieldPowerRange" Value="24Vdc nominal. 15~32Vdc" Unit="" Visible="true" />	
				<Ref TextId="T_ONStateVoltage" Value="24Vdc nominal. Min. 15Vdc to Max. 32Vdc" Unit="" Visible="true" />
				<Ref TextId="T_MinOffStateVoltage" Value="" Unit="" Visible="false" />
				<Ref TextId="T_OnStateCurrent" Value="3.03mA maximum/point @32Vdc" Unit="" Visible="true" /> 
				<Ref TextId="T_OutputCurrentRating" Value="Max. 0.5A Per Channel / Max. 4A Per unit" Unit="" Visible="true" />
			</Items>
		</Specification>
			
		<Monitoring>
			<CommBlock InitOnly="true" Freq=""/>
		</Monitoring>

		<IOData InputLength="2" OutputLength="1">
			<Input OneChSize="1">
				<Ref TextId="T_DI" ChannelType="DI" DataType="BitArea" Length="8" Unit="" Visible="true"/>
				<Ref TextId="T_DIG" ChannelType="DI" DataType="BitArea" Length="8" Unit="" Visible="true"/>
				</Input>
			<Output OneChSize="1">
				<Ref TextId="T_DO" ChannelType="DO" DataType="BitArea" Length="8" Unit="" Visible="true"/>
			</Output>			
		</IOData>

		<Parameters Index="1" Length="4">
		<Name TextId="T_Module parameters"/>
			<Const Data="0x00,0x00,0x00,0x00"/>
				<Ref TextId="T_REF_Fault_Action_ch0" ValueItemTarget="IDV_Fault_Action_8" DataType="Bit" ByteOffset="0" BitOffset="0" Length="1" DefaultValue="0" AllowedValues="1,0,1" Changeable="true" Visible="true" />
				<Ref TextId="T_REF_Fault_Action_ch1" ValueItemTarget="IDV_Fault_Action_8" DataType="Bit" ByteOffset="0" BitOffset="1" Length="1" DefaultValue="0" AllowedValues="1,0,1" Changeable="true" Visible="true" />
				<Ref TextId="T_REF_Fault_Action_ch2" ValueItemTarget="IDV_Fault_Action_8" DataType="Bit" ByteOffset="0" BitOffset="2" Length="1" DefaultValue="0" AllowedValues="1,0,1" Changeable="true" Visible="true" />
				<Ref TextId="T_REF_Fault_Action_ch3" ValueItemTarget="IDV_Fault_Action_8" DataType="Bit" ByteOffset="0" BitOffset="3" Length="1" DefaultValue="0" AllowedValues="1,0,1" Changeable="true" Visible="true" />
				<Ref TextId="T_REF_Fault_Action_ch4" ValueItemTarget="IDV_Fault_Action_8" DataType="Bit" ByteOffset="0" BitOffset="4" Length="1" DefaultValue="0" AllowedValues="1,0,1" Changeable="true" Visible="true" />
				<Ref TextId="T_REF_Fault_Action_ch5" ValueItemTarget="IDV_Fault_Action_8" DataType="Bit" ByteOffset="0" BitOffset="5" Length="1" DefaultValue="0" AllowedValues="1,0,1" Changeable="true" Visible="true" />
				<Ref TextId="T_REF_Fault_Action_ch6" ValueItemTarget="IDV_Fault_Action_8" DataType="Bit" ByteOffset="0" BitOffset="6" Length="1" DefaultValue="0" AllowedValues="1,0,1" Changeable="true" Visible="true" />
				<Ref TextId="T_REF_Fault_Action_ch7" ValueItemTarget="IDV_Fault_Action_8" DataType="Bit" ByteOffset="0" BitOffset="7" Length="1" DefaultValue="0" AllowedValues="1,0,1" Changeable="true" Visible="true" />
				<Ref TextId="T_REF_SubstituteValue_ch0" ValueItemTarget="IDV_SubstituteValue_8" DataType="Bit" ByteOffset="1" BitOffset="0" Length="1" DefaultValue="0" AllowedValues="1,0,1" Changeable="true" Visible="true" />
				<Ref TextId="T_REF_SubstituteValue_ch1" ValueItemTarget="IDV_SubstituteValue_8" DataType="Bit" ByteOffset="1" BitOffset="1" Length="1" DefaultValue="0" AllowedValues="1,0,1" Changeable="true" Visible="true" />
				<Ref TextId="T_REF_SubstituteValue_ch2" ValueItemTarget="IDV_SubstituteValue_8" DataType="Bit" ByteOffset="1" BitOffset="2" Length="1" DefaultValue="0" AllowedValues="1,0,1" Changeable="true" Visible="true" />
				<Ref TextId="T_REF_SubstituteValue_ch3" ValueItemTarget="IDV_SubstituteValue_8" DataType="Bit" ByteOffset="1" BitOffset="3" Length="1" DefaultValue="0" AllowedValues="1,0,1" Changeable="true" Visible="true" />
				<Ref TextId="T_REF_SubstituteValue_ch4" ValueItemTarget="IDV_SubstituteValue_8" DataType="Bit" ByteOffset="1" BitOffset="4" Length="1" DefaultValue="0" AllowedValues="1,0,1" Changeable="true" Visible="true" />
				<Ref TextId="T_REF_SubstituteValue_ch5" ValueItemTarget="IDV_SubstituteValue_8" DataType="Bit" ByteOffset="1" BitOffset="5" Length="1" DefaultValue="0" AllowedValues="1,0,1" Changeable="true" Visible="true" />
				<Ref TextId="T_REF_SubstituteValue_ch6" ValueItemTarget="IDV_SubstituteValue_8" DataType="Bit" ByteOffset="1" BitOffset="6" Length="1" DefaultValue="0" AllowedValues="1,0,1" Changeable="true" Visible="true" />
				<Ref TextId="T_REF_SubstituteValue_ch7" ValueItemTarget="IDV_SubstituteValue_8" DataType="Bit" ByteOffset="1" BitOffset="7" Length="1" DefaultValue="0" AllowedValues="1,0,1" Changeable="true" Visible="true" />
				<Ref TextId="T_InpFilter_Value" ValueItemTarget="" DataType="Unsigned8" ByteOffset="2" BitOffset="0" Length="1" DefaultValue="0" AllowedValues="1,0,10" Changeable="true" Visible="true" />
				<Ref TextId="T_Reserved" ValueItemTarget="" DataType="ByteArea" ByteOffset="3" BitOffset="0" Length="1" DefaultValue="0" AllowedValues="" Changeable="true" Visible="true" />
		</Parameters>
		
		<!-- ============================================================================================ -->
		<!--      Value list                                                                              -->
		<!-- ============================================================================================ -->
		<ValueList> 
			<ValueItem ID="IDV_Fault_Action_8">
				<Assign Content="0" TextId="T_Safe"/>
				<Assign Content="1" TextId="T_HoldLastState"/>
			</ValueItem>
			<ValueItem ID="IDV_SubstituteValue_8">
			  <Assign Content="0" TextId="T_OFF"/>
			  <Assign Content="1" TextId="T_ON"/>
			</ValueItem>
		</ValueList>	
		
		<!-- Diag 정의 --> 
		
	</DeviceInfo>
		

	<!-- Please, add IO modules below --> 
	
	 
		
		
 
</IOProfile>
