<?xml version="1.0" encoding="UTF-8"?>

<!--**********************************************************************
** $File: GT1804.xml 
** $Descrip: Define I/O module (GT-1804)
** $Version: 1.0.0.0 
** $Maker: CREVIS
** $History   
**   ! 2016.09.21 - v1000. First Release
 
** ******************************************************************* --> 

<IOProfile>
	<DeviceInfo ID="IDM_GT1804" DeviceID="0x1804" Category="GDI">	
		<General> 
			<Name TextId="T_GT1804"/>
			<InfoText TextId="T_INFO_GT1804"/>
			<OrderNumber Value="GT-1804"/>
			<GraphicFile Value="GT-1804"/>
			<HelpLink Value="GT-1804.htm"/>  
			<KeySpec Value="ON-state Voltage: 120Vac nominal. Min. 85Vac to Max. 132Vac"/> 
			<Features AddrMapPriority="4" CanCommunication="true" FieldPwrCutoffBefore="true" FieldPwrFreeNext = "true" SystemPwrExpansion="0"/>
		</General>

		<Specification>
			<HardwareVer TextId="T_HardwareVer" Value="1.00" Unit="" Visible="true"/>
			<PowerDissipation TextId="T_PowerDissipation" Value="30" Unit="mA" Visible="true"/>	 		<!--단위는 mA-->
			<FieldPower TextId="T_FieldPower" Value="24"  Unit="Vdc" Visible="true"/>
			<Dimension TextId="T_Dimension" Height="99" Width="70" Value="12" Unit="mm" Visible="true"/>
			<AllowedInSlots TextId="T_AllowedInSlots" Value="1..64" Unit="" Visible="true"/>	

			<Items>
				<Ref TextId="T_FieldPowerRange" Value="24Vdc nominal. 15~32Vdc" Unit="" Visible="true" />	
				<Ref TextId="T_ONStateVoltage" Value="120Vac nominal. Min. 85Vac to Max. 132Vac" Unit="" Visible="true" />
				<Ref TextId="T_MaxOffStateVoltage" Value="Max. 45Vac" Unit="" Visible="true" />										
				<Ref TextId="T_OnStateCurrent" Value="Max. 7.5mA / point @120Vac" Unit="" Visible="true" /> 
				<Ref TextId="T_Notice" Value="You have to use absolutely the Power Distributor when you want to use 110VAC." Unit="" Visible="true" />
			</Items>
		</Specification>
			
		<Monitoring>
			<CommBlock InitOnly="true" Freq=""/>
		</Monitoring>

		<IOData InputLength="1" OutputLength="0">
			<Input OneChSize="1">
				<Ref TextId="T_DI" ChannelType="DI" DataType="BitArea" Length="4" Unit="" Visible="true"/>
			</Input>
		</IOData>

		<Parameters/>
		
		<!-- Diag 정의 --> 
		
	</DeviceInfo>
		

	<!-- Please, add IO modules below --> 
	
	 
		
		
 
</IOProfile>
