<?xml version="1.0" encoding="UTF-8"?>

<!--**********************************************************************
** $File: GT1E2A.xml 
** $Descrip: Define I/O module (GT-1E2A)
** $Version: 1.0.0.0 
** $Maker: CREVIS
** ******************************************************************* --> 

<IOProfile>
	<DeviceInfo ID="IDM_GT1E2A" DeviceID="0x1E2A" Category="GDI">	
		<General> 
			<Name TextId="T_GT1E2A"/>
			<InfoText TextId="T_INFO_GT1E2A"/>
			<OrderNumber Value="GT-1E2A"/>
			<GraphicFile Value="GT-1E2A"/> 
			<HelpLink Value="GT-1E2A.htm"/> 
			<KeySpec Value="ON-state Voltage: 24Vdc nominal. Min. 15Vdc to Max. 26.4Vdc"/> 
			<Features AddrMapPriority="8" CanCommunication="true" FieldPwrCutoffBefore="false" FieldPwrFreeNext = "false" SystemPwrExpansion="0"/>
		</General>

		<Specification>
			<HardwareVer TextId="T_HardwareVer" Value="1.00" Unit="" Visible="false"/>
			<PowerDissipation TextId="T_PowerDissipation" Value="50" Unit="mA" Visible="true"/>	 		<!--단위는 mA-->
			<FieldPower TextId="T_FieldPower" Value="24Vdc nominal. 15-26.4Vdc"  Unit="Vdc" Visible="true"/>
			<Dimension TextId="T_Dimension" Height="109" Width="70" Value="12" Unit="mm" Visible="true"/>
			<AllowedInSlots TextId="T_AllowedInSlots" Value="1..64" Unit="" Visible="false"/>	

			<Items>
				<Ref TextId="T_FieldPowerRange" Value="24Vdc nominal. 15~30Vdc" Unit="" Visible="true" />	
				<Ref TextId="T_ONStateVoltage" Value="24Vdc nominal. Min. 15Vdc to Max. 26.4Vdc" Unit="" Visible="true" />
				<Ref TextId="T_MinOffStateVoltage" Value="" Unit="" Visible="false" />										
				<Ref TextId="T_OnStateCurrent" Value="Max. 2.3mA / point @24Vdc" Unit="" Visible="true" /> 
			</Items>
		</Specification>
			
		<Monitoring>
			<CommBlock InitOnly="true" Freq=""/>
		</Monitoring>

		<IOData InputLength="4" OutputLength="0">
			<Input OneChSize="1">
				<Ref TextId="T_DI" ChannelType="DI" DataType="BitArea" Length="32" Unit="" Visible="true"/>
			</Input>
		</IOData>

		<Parameters Index="1" Length="2">
		<Name TextId="T_Module parameters"/>
			<Const Data="0x00,0x00"/>
				<Ref TextId="T_InpFilter_Value" ValueItemTarget="" DataType="Unsigned8" ByteOffset="0" BitOffset="0" Length="1" DefaultValue="0" AllowedValues="1,0,10" Changeable="true" Visible="true" />
				<Ref TextId="T_Reserved" ValueItemTarget="" DataType="ByteArea" ByteOffset="1" BitOffset="0" Length="1" DefaultValue="0" AllowedValues="" Changeable="true" Visible="true" />
		</Parameters>
		
		<!-- Diag 정의 --> 
		
	</DeviceInfo>
		

	<!-- Please, add IO modules below --> 
	
	 
		
		
 
</IOProfile>
