<?xml version="1.0" encoding="UTF-8"?>

<!--**********************************************************************
** $File: GT221F.xml 
** $Descrip: Define I/O module (GT-221F)
** $Version: 1.0.0.0 
** $Maker: CREVIS
** ******************************************************************* --> 

<IOProfile>
	<DeviceInfo ID="IDM_GT225F" DeviceID="0x225F" Category="GDO">	
		<General> 
			<Name TextId="T_GT225F"/>
			<InfoText TextId="T_INFO_GT225F"/>
			<OrderNumber Value="GT-225F"/>
			<GraphicFile Value="GT-225F"/> 
			<HelpLink Value="GT-225F.htm"/> 
			<KeySpec Value="Output Voltage Range: 24Vdc nominal. Min. 15Vdc to Max. 32Vdc"/>
			<Features AddrMapPriority="16" CanCommunication="true" FieldPwrCutoffBefore="false" FieldPwrFreeNext = "false" SystemPwrExpansion="0"/>
		</General>

		<Specification>
			<HardwareVer TextId="T_HardwareVer" Value="1.00" Unit="" Visible="false"/>
			<PowerDissipation TextId="T_PowerDissipation" Value="50" Unit="mA" Visible="true"/>	 		<!--단위는 mA-->
			<FieldPower TextId="T_FieldPower" Value="24Vdc nominal. 15-32Vdc"  Unit="Vdc" Visible="true"/>
			<Dimension TextId="T_Dimension" Height="109" Width="70" Value="12" Unit="mm" Visible="true"/>
			<AllowedInSlots TextId="T_AllowedInSlots" Value="1..64" Unit="" Visible="false"/>	

			<Items>
				<Ref TextId="T_FieldPowerRange" Value="24Vdc nominal. 15~32Vdc" Unit="" Visible="true" />	
				<Ref TextId="T_OutputVoltageRange" Value="24Vdc nominal, Min. 15Vdc to Max. 32Vdc" Unit="" Visible="true" />
				<Ref TextId="T_ONStateVoltageDrop" Value="Max. 0.3dc" Unit="" Visible="true" />
				<Ref TextId="T_OnStateCurrent" Value="Min. 1mA Per Channel" Unit="" Visible="true" />
				<Ref TextId="T_OutputCurrentRating" Value="Max. 0.3A Per Channel. Max. 4.8A Per unit" Unit="" Visible="true" />
			</Items>
		</Specification>
			
		<Monitoring>
			<CommBlock InitOnly="true" Freq=""/>
		</Monitoring>

		<IOData InputLength="0" OutputLength="2">
			<Output OneChSize="1">
				<Ref TextId="T_DO" ChannelType="DO" DataType="BitArea" Length="16" Unit="" Visible="true"/>
			</Output>
		</IOData>

		<Parameters Index="1" Length="4">
			<Name TextId="T_Module parameters"/>
			<Const Data="0x00,0x00,0x00,0x00"/>
			<Ref TextId="T_REF_Fault_Action_ch0" ValueItemTarget="IDV_Fault_Action_16" DataType="Bit" ByteOffset="0" BitOffset="0" Length="1" DefaultValue="0" AllowedValues="1,0,1" Changeable="true" Visible="true" />
			<Ref TextId="T_REF_Fault_Action_ch1" ValueItemTarget="IDV_Fault_Action_16" DataType="Bit" ByteOffset="0" BitOffset="1" Length="1" DefaultValue="0" AllowedValues="1,0,1" Changeable="true" Visible="true" />
			<Ref TextId="T_REF_Fault_Action_ch2" ValueItemTarget="IDV_Fault_Action_16" DataType="Bit" ByteOffset="0" BitOffset="2" Length="1" DefaultValue="0" AllowedValues="1,0,1" Changeable="true" Visible="true" />
			<Ref TextId="T_REF_Fault_Action_ch3" ValueItemTarget="IDV_Fault_Action_16" DataType="Bit" ByteOffset="0" BitOffset="3" Length="1" DefaultValue="0" AllowedValues="1,0,1" Changeable="true" Visible="true" />
			<Ref TextId="T_REF_Fault_Action_ch4" ValueItemTarget="IDV_Fault_Action_16" DataType="Bit" ByteOffset="0" BitOffset="4" Length="1" DefaultValue="0" AllowedValues="1,0,1" Changeable="true" Visible="true" />
			<Ref TextId="T_REF_Fault_Action_ch5" ValueItemTarget="IDV_Fault_Action_16" DataType="Bit" ByteOffset="0" BitOffset="5" Length="1" DefaultValue="0" AllowedValues="1,0,1" Changeable="true" Visible="true" />
			<Ref TextId="T_REF_Fault_Action_ch6" ValueItemTarget="IDV_Fault_Action_16" DataType="Bit" ByteOffset="0" BitOffset="6" Length="1" DefaultValue="0" AllowedValues="1,0,1" Changeable="true" Visible="true" />
			<Ref TextId="T_REF_Fault_Action_ch7" ValueItemTarget="IDV_Fault_Action_16" DataType="Bit" ByteOffset="0" BitOffset="7" Length="1" DefaultValue="0" AllowedValues="1,0,1" Changeable="true" Visible="true" />
			<Ref TextId="T_REF_Fault_Action_ch8" ValueItemTarget="IDV_Fault_Action_16" DataType="Bit" ByteOffset="1" BitOffset="0" Length="1" DefaultValue="0" AllowedValues="1,0,1" Changeable="true" Visible="true" />
			<Ref TextId="T_REF_Fault_Action_ch9" ValueItemTarget="IDV_Fault_Action_16" DataType="Bit" ByteOffset="1" BitOffset="1" Length="1" DefaultValue="0" AllowedValues="1,0,1" Changeable="true" Visible="true" />
			<Ref TextId="T_REF_Fault_Action_ch10" ValueItemTarget="IDV_Fault_Action_16" DataType="Bit" ByteOffset="1" BitOffset="2" Length="1" DefaultValue="0" AllowedValues="1,0,1" Changeable="true" Visible="true" />
			<Ref TextId="T_REF_Fault_Action_ch11" ValueItemTarget="IDV_Fault_Action_16" DataType="Bit" ByteOffset="1" BitOffset="3" Length="1" DefaultValue="0" AllowedValues="1,0,1" Changeable="true" Visible="true" />
			<Ref TextId="T_REF_Fault_Action_ch12" ValueItemTarget="IDV_Fault_Action_16" DataType="Bit" ByteOffset="1" BitOffset="4" Length="1" DefaultValue="0" AllowedValues="1,0,1" Changeable="true" Visible="true" />
			<Ref TextId="T_REF_Fault_Action_ch13" ValueItemTarget="IDV_Fault_Action_16" DataType="Bit" ByteOffset="1" BitOffset="5" Length="1" DefaultValue="0" AllowedValues="1,0,1" Changeable="true" Visible="true" />
			<Ref TextId="T_REF_Fault_Action_ch14" ValueItemTarget="IDV_Fault_Action_16" DataType="Bit" ByteOffset="1" BitOffset="6" Length="1" DefaultValue="0" AllowedValues="1,0,1" Changeable="true" Visible="true" />
			<Ref TextId="T_REF_Fault_Action_ch15" ValueItemTarget="IDV_Fault_Action_16" DataType="Bit" ByteOffset="1" BitOffset="7" Length="1" DefaultValue="0" AllowedValues="1,0,1" Changeable="true" Visible="true" />
			<Ref TextId="T_REF_SubstituteValue_ch0" ValueItemTarget="IDV_SubstituteValue_16" DataType="Bit" ByteOffset="2" BitOffset="0" Length="1" DefaultValue="0" AllowedValues="1,0,1" Changeable="true" Visible="true" />
			<Ref TextId="T_REF_SubstituteValue_ch1" ValueItemTarget="IDV_SubstituteValue_16" DataType="Bit" ByteOffset="2" BitOffset="1" Length="1" DefaultValue="0" AllowedValues="1,0,1" Changeable="true" Visible="true" />
			<Ref TextId="T_REF_SubstituteValue_ch2" ValueItemTarget="IDV_SubstituteValue_16" DataType="Bit" ByteOffset="2" BitOffset="2" Length="1" DefaultValue="0" AllowedValues="1,0,1" Changeable="true" Visible="true" />
			<Ref TextId="T_REF_SubstituteValue_ch3" ValueItemTarget="IDV_SubstituteValue_16" DataType="Bit" ByteOffset="2" BitOffset="3" Length="1" DefaultValue="0" AllowedValues="1,0,1" Changeable="true" Visible="true" />
			<Ref TextId="T_REF_SubstituteValue_ch4" ValueItemTarget="IDV_SubstituteValue_16" DataType="Bit" ByteOffset="2" BitOffset="4" Length="1" DefaultValue="0" AllowedValues="1,0,1" Changeable="true" Visible="true" />
			<Ref TextId="T_REF_SubstituteValue_ch5" ValueItemTarget="IDV_SubstituteValue_16" DataType="Bit" ByteOffset="2" BitOffset="5" Length="1" DefaultValue="0" AllowedValues="1,0,1" Changeable="true" Visible="true" />
			<Ref TextId="T_REF_SubstituteValue_ch6" ValueItemTarget="IDV_SubstituteValue_16" DataType="Bit" ByteOffset="2" BitOffset="6" Length="1" DefaultValue="0" AllowedValues="1,0,1" Changeable="true" Visible="true" />
			<Ref TextId="T_REF_SubstituteValue_ch7" ValueItemTarget="IDV_SubstituteValue_16" DataType="Bit" ByteOffset="2" BitOffset="7" Length="1" DefaultValue="0" AllowedValues="1,0,1" Changeable="true" Visible="true" />
			<Ref TextId="T_REF_SubstituteValue_ch8" ValueItemTarget="IDV_SubstituteValue_16" DataType="Bit" ByteOffset="3" BitOffset="0" Length="1" DefaultValue="0" AllowedValues="1,0,1" Changeable="true" Visible="true" />
			<Ref TextId="T_REF_SubstituteValue_ch9" ValueItemTarget="IDV_SubstituteValue_16" DataType="Bit" ByteOffset="3" BitOffset="1" Length="1" DefaultValue="0" AllowedValues="1,0,1" Changeable="true" Visible="true" />
			<Ref TextId="T_REF_SubstituteValue_ch10" ValueItemTarget="IDV_SubstituteValue_16" DataType="Bit" ByteOffset="3" BitOffset="2" Length="1" DefaultValue="0" AllowedValues="1,0,1" Changeable="true" Visible="true" />
			<Ref TextId="T_REF_SubstituteValue_ch11" ValueItemTarget="IDV_SubstituteValue_16" DataType="Bit" ByteOffset="3" BitOffset="3" Length="1" DefaultValue="0" AllowedValues="1,0,1" Changeable="true" Visible="true" />
			<Ref TextId="T_REF_SubstituteValue_ch12" ValueItemTarget="IDV_SubstituteValue_16" DataType="Bit" ByteOffset="3" BitOffset="4" Length="1" DefaultValue="0" AllowedValues="1,0,1" Changeable="true" Visible="true" />
			<Ref TextId="T_REF_SubstituteValue_ch13" ValueItemTarget="IDV_SubstituteValue_16" DataType="Bit" ByteOffset="3" BitOffset="5" Length="1" DefaultValue="0" AllowedValues="1,0,1" Changeable="true" Visible="true" />
			<Ref TextId="T_REF_SubstituteValue_ch14" ValueItemTarget="IDV_SubstituteValue_16" DataType="Bit" ByteOffset="3" BitOffset="6" Length="1" DefaultValue="0" AllowedValues="1,0,1" Changeable="true" Visible="true" />
			<Ref TextId="T_REF_SubstituteValue_ch15" ValueItemTarget="IDV_SubstituteValue_16" DataType="Bit" ByteOffset="3" BitOffset="7" Length="1" DefaultValue="0" AllowedValues="1,0,1" Changeable="true" Visible="true" />
			<!-- Please, add parameter below --> 
		</Parameters>
		
		<!-- ============================================================================================ -->
		<!--      Value list                                                                              -->
		<!-- ============================================================================================ -->
		<ValueList> 
			<ValueItem ID="IDV_Fault_Action_16"> 
				<Assign Content="0" TextId="T_Safe"/>
				<Assign Content="1" TextId="T_HoldLastState"/>
			</ValueItem>
			<ValueItem ID="IDV_SubstituteValue_16">
			  <Assign Content="0" TextId="T_OFF"/>
			  <Assign Content="1" TextId="T_ON"/>
			</ValueItem>
		</ValueList>	
		
		<!-- Diag 정의 --> 
		
	</DeviceInfo>
		

	<!-- Please, add IO modules below --> 
	
	 
		
		
 
</IOProfile>
