<?xml version="1.0" encoding="UTF-8"?>

<!--**********************************************************************
** $File: GT3002.xml 
** $Descrip: Define I/O module (GT-3002)
** $Version: 1.0.0.0 
** $Maker: CREVIS
** $History   
**   ! 2019.11.15 - v1000. First Release
 
** ******************************************************************* --> 

<IOProfile>
	<DeviceInfo ID="IDM_GT3002" DeviceID="0x3002" Category="GAI">	
		<General> 
			<Name TextId="T_GT3002"/>
			<InfoText TextId="T_INFO_GT3002"/>
			<OrderNumber Value="GT-3002"/>
			<GraphicFile Value="GT-3002"/> 
			<HelpLink Value="GT-3002.htm"/> 
			<KeySpec Value="2 Channels, Load cell input unit -150mV~150mV, 24bit"/>
			<Features AddrMapPriority="A" CanCommunication="true" FieldPwrCutoffBefore="false" FieldPwrFreeNext = "false" SystemPwrExpansion="0"/>
		</General>
			
		<Specification>
			<HardwareVer TextId="T_HardwareVer" Value="1.00" Unit="" Visible="false"/>	 
			<PowerDissipation TextId="T_PowerDissipation" Value="25" Unit="mA" Visible="true"/>	 		<!--단위는 mA-->
			<FieldPower TextId="T_FieldPower" Value="24"  Unit="Vdc" Visible="true"/>									
			<Dimension TextId="T_Dimension" Height="109" Width="70" Value="12" Unit="mm" Visible="true"/>
			<AllowedInSlots TextId="T_AllowedInSlots" Value="1..64" Unit="" Visible="true"/>	
														
			<Items>
				<Ref TextId="T_ResolutionRanges" Value="24Bits : 17.88139pV/bit(-150mV~150mV), 1.430512uV/bit(0~12V)" Unit="" Visible="true" /> 			
				<Ref TextId="T_InputVoltageRange" Value="VSIG : -150mV~150mV, VREF : 0~12V" Unit="" Visible="true" /> 	
				<Ref TextId="T_InputImpedance" Value="> 1Mohm(VSIG, VREF)" Unit="" Visible="true" /> 	 
			</Items>
		</Specification> 
			
		<Monitoring>
			<CommBlock InitOnly="true" Freq=""/>
		</Monitoring>
 
		<IOData InputLength="16" OutputLength="2">
			<Input OneChSize="8">
				<Ref TextId="T_Bridge_InData_00" ChannelType="BI" DataType="ByteArea" Length="1" Unit="" Visible="true"/>
				<Ref TextId="T_Bridge_InData_01" ChannelType="BI" DataType="ByteArea" Length="1" Unit="" Visible="true"/>
				<Ref TextId="T_Bridge_InData_02" ChannelType="BI" DataType="ByteArea" Length="1" Unit="" Visible="true"/>
				<Ref TextId="T_Bridge_InData_03" ChannelType="BI" DataType="ByteArea" Length="1" Unit="" Visible="true"/>
				<Ref TextId="T_REF_InData_00" ChannelType="BI" DataType="ByteArea" Length="1" Unit="" Visible="true"/>
				<Ref TextId="T_REF_InData_01" ChannelType="BI" DataType="ByteArea" Length="1" Unit="" Visible="true"/>
				<Ref TextId="T_REF_InData_02" ChannelType="BI" DataType="ByteArea" Length="1" Unit="" Visible="true"/>
				<Ref TextId="T_REF_InData_03" ChannelType="BI" DataType="ByteArea" Length="1" Unit="" Visible="true"/>
				<Ref TextId="T_Bridge_InData_04" ChannelType="BI" DataType="ByteArea" Length="1" Unit="" Visible="true"/>
				<Ref TextId="T_Bridge_InData_05" ChannelType="BI" DataType="ByteArea" Length="1" Unit="" Visible="true"/>
				<Ref TextId="T_Bridge_InData_06" ChannelType="BI" DataType="ByteArea" Length="1" Unit="" Visible="true"/>
				<Ref TextId="T_Bridge_InData_07" ChannelType="BI" DataType="ByteArea" Length="1" Unit="" Visible="true"/>
				<Ref TextId="T_REF_InData_04" ChannelType="BI" DataType="ByteArea" Length="1" Unit="" Visible="true"/>
				<Ref TextId="T_REF_InData_05" ChannelType="BI" DataType="ByteArea" Length="1" Unit="" Visible="true"/>
				<Ref TextId="T_REF_InData_06" ChannelType="BI" DataType="ByteArea" Length="1" Unit="" Visible="true"/>
				<Ref TextId="T_REF_InData_07" ChannelType="BI" DataType="ByteArea" Length="1" Unit="" Visible="true"/>
			</Input>
			<Output OneChSize="8">
				<Ref TextId="T_SW_TARE_Data_00" ChannelType="BO" DataType="ByteArea" Length="1" Unit="" Visible="true"/>
				<Ref TextId="T_Reserved" ChannelType="BO" DataType="ByteArea" Length="1" Unit="" Visible="true"/>
			</Output>
		</IOData>

		<Parameters Index="1" Length="2">
			<Name TextId="T_Module parameters"/>
			<Const Data="0x00,0x00,0x00,0x00,0x00,0x00"/>
			<Ref TextId="T_SampligFilter" ValueItemTarget="IDV_SamplingFilter" DataType="ByteArea" ByteOffset="0" BitOffset="0" Length="1" DefaultValue="0" AllowedValues="" Changeable="true" Visible="true" />
			<Ref TextId="T_Reserved" ValueItemTarget="" DataType="ByteArea" ByteOffset="1" BitOffset="0" Length="1" DefaultValue="0" AllowedValues="" Changeable="true" Visible="false" />
			<!-- Please, add parameter below --> 
			
		</Parameters> 
		<!-- ============================================================================================ -->
		<!--      Value list                                                                              -->
		<!-- ============================================================================================ -->
		<ValueList>
			<ValueItem ID="IDV_SamplingFilter">
				<Assign Content="0" TextId="T_32Samplig" Unit=""/>
				<Assign Content="1" TextId="T_2Samplig" Unit=""/>
				<Assign Content="2" TextId="T_4Samplig" Unit=""/>
				<Assign Content="3" TextId="T_8Samplig"  Unit=""/>
				<Assign Content="4" TextId="T_16Samplig" Unit=""/>
				<Assign Content="5" TextId="T_32Samplig" Unit=""/>
				<Assign Content="6" TextId="T_64Samplig" Unit=""/>
			</ValueItem>
		</ValueList> 
		
		<!-- Diag 정의 --> 
		
	</DeviceInfo>
		

	<!-- Please, add IO modules below --> 
	
	 
		
		
 
</IOProfile>
