<?xml version="1.0" encoding="UTF-8"?>

<!--**********************************************************************
** $File: GT3102.xml 
** $Descrip: Define I/O module (GT-3102)
** $Version: 1.0.0.0 
** $Maker: CREVIS
** $History   
**   ! 2020.08.27 - v1000. First Release
 
** ******************************************************************* --> 

<IOProfile>
	<DeviceInfo ID="IDM_GT3102" DeviceID="0x3102" Category="GAI">	
		<General> 
			<Name TextId="T_GT3102"/>
			<InfoText TextId="T_INFO_GT3102"/>
			<OrderNumber Value="GT-3102"/>
			<GraphicFile Value="GT-3102"/> 
			<HelpLink Value="GT-3102.htm"/> 
			<KeySpec Value="2 Channels, Load cell input unit -150mV~150mV, 24bit"/>
			<Features AddrMapPriority="A" CanCommunication="true" FieldPwrCutoffBefore="false" FieldPwrFreeNext = "false" SystemPwrExpansion="0"/>
		</General>
			
		<Specification>
			<HardwareVer TextId="T_HardwareVer" Value="1.00" Unit="" Visible="false"/>	 
			<PowerDissipation TextId="T_PowerDissipation" Value="25" Unit="mA" Visible="true"/>	 		<!--단위는 mA-->
			<FieldPower TextId="T_FieldPower" Value="24"  Unit="Vdc" Visible="true"/>									
			<Dimension TextId="T_Dimension" Height="109" Width="70" Value="12" Unit="mm" Visible="true"/>
			<AllowedInSlots TextId="T_AllowedInSlots" Value="1..64" Unit="" Visible="true"/>	
														
			<Items>
				<Ref TextId="T_ResolutionRanges" Value="24Bits : 17.88139pV/bit(-150mV~150mV), 1.430512uV/bit(0~12V)" Unit="" Visible="true" /> 			
				<Ref TextId="T_InputVoltageRange" Value="VSIG : -150mV~150mV, VREF : 0~10V" Unit="" Visible="true" /> 	
				<Ref TextId="T_InputImpedance" Value="> 1Mohm(VSIG, VREF)" Unit="" Visible="true" /> 	 
			</Items>
		</Specification> 
			
		<Monitoring>
			<CommBlock InitOnly="true" Freq=""/>
		</Monitoring>
 
		<IOData InputLength="10" OutputLength="2">
			<Input OneChSize="8">
				<Ref TextId="T_Weigth_Value_00" ChannelType="BI" DataType="ByteArea" Length="1" Unit="hex" Visible="true"/>
				<Ref TextId="T_Weigth_Value_01" ChannelType="BI" DataType="ByteArea" Length="1" Unit="hex" Visible="true"/>
				<Ref TextId="T_Weigth_Value_02" ChannelType="BI" DataType="ByteArea" Length="1" Unit="hex" Visible="true"/>
				<Ref TextId="T_Weigth_Value_03" ChannelType="BI" DataType="ByteArea" Length="1" Unit="hex" Visible="true"/>
				<Ref TextId="T_Weigth_Value_04" ChannelType="BI" DataType="ByteArea" Length="1" Unit="hex" Visible="true"/>
				<Ref TextId="T_Weigth_Value_05" ChannelType="BI" DataType="ByteArea" Length="1" Unit="hex" Visible="true"/>
				<Ref TextId="T_Weigth_Value_06" ChannelType="BI" DataType="ByteArea" Length="1" Unit="hex" Visible="true"/>
				<Ref TextId="T_Weigth_Value_07" ChannelType="BI" DataType="ByteArea" Length="1" Unit="hex" Visible="true"/>
				<Ref TextId="T_Loadcell_Status_Data_00" ChannelType="BI" DataType="ByteArea" Length="1" Unit="hex" Visible="true"/>
				<Ref TextId="T_Loadcell_Status_Data_01" ChannelType="BI" DataType="ByteArea" Length="1" Unit="hex" Visible="true"/>
			</Input>
			<Output OneChSize="8">
				<Ref TextId="T_Loadcell_Control_Data_00" ChannelType="BO" DataType="ByteArea" Length="1" Unit="hex" Visible="true"/>
				<Ref TextId="T_Loadcell_Control_Data_01" ChannelType="BO" DataType="ByteArea" Length="1" Unit="hex" Visible="true"/>
			</Output>
		</IOData>

		<Parameters Index="1" Length="8">
			<Name TextId="T_Module parameters"/>
			<Const Data="0x00,0x00,0x00,0x00,0x00,0x00,0x00,0x00"/>
			<Ref TextId="T_Rated_Capacity_00" ValueItemTarget="" DataType="Unsigned16" ByteOffset="0" BitOffset="0" Length="1" DefaultValue="0" AllowedValues="1,0,32767" Changeable="true" Visible="true" />
			<Ref TextId="T_Rated_Capacity_01" ValueItemTarget="" DataType="Unsigned16" ByteOffset="2" BitOffset="0" Length="1" DefaultValue="0" AllowedValues="1,0,32767" Changeable="true" Visible="true" />
			<Ref TextId="T_Rated_Output_Reference_Value_00" ValueItemTarget="" DataType="Unsigned8" ByteOffset="4" BitOffset="0" Length="1" DefaultValue="0" AllowedValues="1,0,255" Changeable="true" Visible="true" />
			<Ref TextId="T_Rated_Output_Reference_Value_01" ValueItemTarget="" DataType="Unsigned8" ByteOffset="5" BitOffset="0" Length="1" DefaultValue="0" AllowedValues="1,0,255" Changeable="true" Visible="true" />
			<Ref TextId="T_Rated_Capacity_Unit_00" ValueItemTarget="IDV_Capacity_Unit" DataType="BitArea" ByteOffset="6" BitOffset="0" Length="2" DefaultValue="0" AllowedValues="1,0,3" Changeable="true" Visible="false" />
			<Ref TextId="T_Rated_Capacity_Unit_01" ValueItemTarget="IDV_Capacity_Unit" DataType="BitArea" ByteOffset="6" BitOffset="2" Length="2" DefaultValue="0" AllowedValues="1,0,3" Changeable="true" Visible="false" />
			<!--<Ref TextId="T_Reserved" ValueItemTarget="" DataType="BitArea" ByteOffset="6" BitOffset="4" Length="4" DefaultValue="0" AllowedValues="" Changeable="true" Visible="false" />-->
			<Ref TextId="T_SampligFilter" ValueItemTarget="IDV_SamplingFilter" DataType="BitArea" ByteOffset="7" BitOffset="0" Length="3" DefaultValue="0" AllowedValues="1,0,7" Changeable="true" Visible="true" />
			<Ref TextId="T_Reserved" ValueItemTarget="" DataType="BitArea" ByteOffset="7" BitOffset="3" Length="4" DefaultValue="0" AllowedValues="" Changeable="true" Visible="false" />
			<Ref TextId="T_LoadCell_Mode" ValueItemTarget="IDV_Mode" DataType="Bit" ByteOffset="7" BitOffset="7" Length="1" DefaultValue="0" AllowedValues="1,0,1" Changeable="true" Visible="true" />
			<Ref TextId="T_Please_enter_all_data_in_decimal" ValueItemTarget="" DataType="BitArea" ByteOffset="6" BitOffset="4" Length="4" DefaultValue="0" AllowedValues="1,0,1" Changeable="true" Visible="true" />
			
			<!-- Please, add parameter below --> 
			
		</Parameters> 
		<!-- ============================================================================================ -->
		<!--      Value list                                                                              -->
		<!-- ============================================================================================ -->
		<ValueList>
			<ValueItem ID="IDV_SamplingFilter">
				<Assign Content="0" TextId="T_32Samplig" Unit=""/>
				<Assign Content="1" TextId="T_2Samplig" Unit=""/>
				<Assign Content="2" TextId="T_4Samplig" Unit=""/>
				<Assign Content="3" TextId="T_8Samplig"  Unit=""/>
				<Assign Content="4" TextId="T_16Samplig" Unit=""/>
				<Assign Content="5" TextId="T_32Samplig" Unit=""/>
				<Assign Content="6" TextId="T_64Samplig" Unit=""/>
			</ValueItem>
			<ValueItem ID="IDV_Capacity_Unit">
				<Assign Content="0" TextId="T_Kilogram" Unit=""/>
				<Assign Content="1" TextId="T_Gram" Unit=""/>
				<Assign Content="2" TextId="T_Kilogram" Unit=""/>
				<Assign Content="3" TextId="T_Ton"  Unit=""/>
			</ValueItem>
			<ValueItem ID="IDV_Mode">
				<Assign Content="0" TextId="T_LoadCell_Basic_Mode" Unit=""/>
				<Assign Content="1" TextId="T_LoadCell_Sensor_Cali_Mode" Unit=""/>
			</ValueItem>
		</ValueList> 
		
		<!-- Diag 정의 --> 
		
	</DeviceInfo>
		

	<!-- Please, add IO modules below --> 
	
	 
		
		
 
</IOProfile>
