<?xml version="1.0" encoding="UTF-8"?>

<!--**********************************************************************
** $File: GT3468.xml 
** $Descrip: Define I/O module (GT-3468)
** $Version: 1.0.0.0 
** $Maker: CREVIS
** $History   
**   ! 2009.05.10 - v1000. First Release
 
** ******************************************************************* --> 

<IOProfile>
	<DeviceInfo ID="IDM_GT3468" DeviceID="0x3468" Category="GAI">	
		<General> 
			<Name TextId="T_GT3468"/>
			<InfoText TextId="T_INFO_GT3468"/>
			<OrderNumber Value="GT-3468"/>
			<GraphicFile Value="GT-3468"/> 
			<HelpLink Value="GT-3468.htm"/> 
			<KeySpec Value="8 Channels, Voltage Input, 0~10Vdc/ 0~5Vdc/ 1~5Vdc, 16bit"/>
			<Features AddrMapPriority="A" CanCommunication="true" FieldPwrCutoffBefore="false" FieldPwrFreeNext = "false" SystemPwrExpansion="0"/>
		</General>
			
		<Specification>
			<HardwareVer TextId="T_HardwareVer" Value="1.00" Unit="" Visible="false"/>	 
			<PowerDissipation TextId="T_PowerDissipation" Value="30" Unit="mA" Visible="true"/>	 		<!--단위는 mA-->
			<FieldPower TextId="T_FieldPower" Value="24"  Unit="Vdc" Visible="true"/>									
			<Dimension TextId="T_Dimension" Height="99" Width="70" Value="12" Unit="mm" Visible="true"/>
			<AllowedInSlots TextId="T_AllowedInSlots" Value="1..64" Unit="" Visible="true"/>	
														
			<Items>
				<Ref TextId="T_ResolutionRanges" Value="16Bits : 0.31mV/Bit(0~10V),0.15mV/bit(0~5V),0.12mV/bit(1~5Vdc)" Unit="" Visible="true" /> 			
				<Ref TextId="T_InputCurrentRange" Value="0~10Vdc/0~5Vdc/1~5Vdc" Unit="" Visible="true" /> 	
				<Ref TextId="T_InputImpedance" Value="500Kohm" Unit="" Visible="true" /> 	 
			</Items>
		</Specification> 
			
		<Monitoring>
			<CommBlock InitOnly="true" Freq=""/>
		</Monitoring>
 
		<IOData InputLength="16" OutputLength="0">
			<Input OneChSize="16">
				<Ref TextId="T_AI_Data_00" ChannelType="AI" Conversion="ByParaVal:1,1" DataType="Float16" Length="1" Unit="V" Visible="true"/>
				<Ref TextId="T_AI_Data_01" ChannelType="AI" Conversion="ByParaVal:2,2" DataType="Float16" Length="1" Unit="V" Visible="true"/>
				<Ref TextId="T_AI_Data_02" ChannelType="AI" Conversion="ByParaVal:3,3" DataType="Float16" Length="1" Unit="V" Visible="true"/>
				<Ref TextId="T_AI_Data_03" ChannelType="AI" Conversion="ByParaVal:4,4" DataType="Float16" Length="1" Unit="V" Visible="true"/>
				<Ref TextId="T_AI_Data_04" ChannelType="AI" Conversion="ByParaVal:5,5" DataType="Float16" Length="1" Unit="V" Visible="true"/>
				<Ref TextId="T_AI_Data_05" ChannelType="AI" Conversion="ByParaVal:6,6" DataType="Float16" Length="1" Unit="V" Visible="true"/>
				<Ref TextId="T_AI_Data_06" ChannelType="AI" Conversion="ByParaVal:7,7" DataType="Float16" Length="1" Unit="V" Visible="true"/>
				<Ref TextId="T_AI_Data_07" ChannelType="AI" Conversion="ByParaVal:8,8" DataType="Float16" Length="1" Unit="V" Visible="true"/>
			</Input>
		</IOData>

		<Parameters Index="1" Length="10">
			<Name TextId="T_Module parameters"/>
			<Const Data="0x00,0x00,0x00,0x00,0x00,0x00,0x00,0x00,0x00,0x00"/>
			<Ref TextId="T_AnalogRange_Ch0" ValueItemTarget="IDV_VoltageRange" DataType="Unsigned8" ByteOffset="0" BitOffset="0" Length="1" DefaultValue="0" AllowedValues="" Changeable="true" Visible="true" />
			<Ref TextId="T_AnalogRange_Ch1" ValueItemTarget="IDV_VoltageRange" DataType="Unsigned8" ByteOffset="1" BitOffset="0" Length="1" DefaultValue="0" AllowedValues="" Changeable="true" Visible="true" />
			<Ref TextId="T_AnalogRange_Ch2" ValueItemTarget="IDV_VoltageRange" DataType="Unsigned8" ByteOffset="2" BitOffset="0" Length="1" DefaultValue="0" AllowedValues="" Changeable="true" Visible="true" />
			<Ref TextId="T_AnalogRange_Ch3" ValueItemTarget="IDV_VoltageRange" DataType="Unsigned8" ByteOffset="3" BitOffset="0" Length="1" DefaultValue="0" AllowedValues="" Changeable="true" Visible="true" />
			<Ref TextId="T_AnalogRange_Ch4" ValueItemTarget="IDV_VoltageRange" DataType="Unsigned8" ByteOffset="4" BitOffset="0" Length="1" DefaultValue="0" AllowedValues="" Changeable="true" Visible="true" />
			<Ref TextId="T_AnalogRange_Ch5" ValueItemTarget="IDV_VoltageRange" DataType="Unsigned8" ByteOffset="5" BitOffset="0" Length="1" DefaultValue="0" AllowedValues="" Changeable="true" Visible="true" />
			<Ref TextId="T_AnalogRange_Ch6" ValueItemTarget="IDV_VoltageRange" DataType="Unsigned8" ByteOffset="6" BitOffset="0" Length="1" DefaultValue="0" AllowedValues="" Changeable="true" Visible="true" />
			<Ref TextId="T_AnalogRange_Ch7" ValueItemTarget="IDV_VoltageRange" DataType="Unsigned8" ByteOffset="7" BitOffset="0" Length="1" DefaultValue="0" AllowedValues="" Changeable="true" Visible="true" />
			<Ref TextId="T_Firmwarefilter" ValueItemTarget="" DataType="Unsigned8" ByteOffset="8" BitOffset="0" Length="1" DefaultValue="0" AllowedValues="1,0,62" Changeable="true" Visible="true" />
			<Ref TextId="T_Reserved" ValueItemTarget="" DataType="ByteArea" ByteOffset="9" BitOffset="0" Length="1" DefaultValue="0" AllowedValues="" Changeable="true" Visible="false" />
			<!-- Please, add parameter below --> 
			
		</Parameters> 
		<!-- ============================================================================================ -->
		<!--      Value list                                                                              -->
		<!-- ============================================================================================ -->
		<ValueList>
			<ValueItem ID="IDV_VoltageRange">
				<Assign Content="0" TextId="T_0~10V" Conversion="Resolution:0.1,0,32767,0,10" Unit="V"/>
				<Assign Content="1" TextId="T_0~5V"  Conversion="Resolution:0.1,0,32767,0,5"  Unit="V"/>
				<Assign Content="2" TextId="T_1~5V"  Conversion="Resolution:0.1,0,32767,1,5"  Unit="V"/>
			</ValueItem>
     
		</ValueList> 
		
		<!-- Diag 정의 --> 
		
	</DeviceInfo>
		

	<!-- Please, add IO modules below --> 
	
	 
		
		
 
</IOProfile>
