<?xml version="1.0" encoding="UTF-8"?>

<!--**********************************************************************
** $File: GT12DF.xml 
** $Descrip: Define I/O module (GT-12DF)
** $Version: 1.0.0.0 
** $Maker: CREVIS
** ******************************************************************* --> 

<IOProfile>
	<DeviceInfo ID="IDM_GT3901" DeviceID="0x3901" Category="GAI">	
		<General> 
			<Name TextId="T_GT3901"/>
			<InfoText TextId="T_INFO_GT3901"/>
			<OrderNumber Value="GT-3901"/>
			<GraphicFile Value="GT-3901"/> 
			<HelpLink Value="GT-3901.htm"/> 
			<KeySpec Value="3Phase AC Measurement,Lx-Ly 500Vac,1A"/> 
			<Features AddrMapPriority="8" CanCommunication="true" FieldPwrCutoffBefore="false" FieldPwrFreeNext = "true" SystemPwrExpansion="0"/>
		</General>

		<Specification>
			<HardwareVer TextId="T_HardwareVer" Value="1.00" Unit="" Visible="false"/>
			<PowerDissipation TextId="T_PowerDissipation" Value="125" Unit="mA" Visible="true"/>	 		<!--단위는 mA-->
			<FieldPower TextId="T_FieldPower" Value=""  Unit="Vdc" Visible="true"/>
			<Dimension TextId="T_Dimension" Height="109" Width="70" Value="12" Unit="mm" Visible="true"/>
			<AllowedInSlots TextId="T_AllowedInSlots" Value="1..64" Unit="" Visible="false"/>	

			<Items>
				<Ref TextId="T_ResolutionRanges" Value="24Bits" Unit="" Visible="true" />	
				<Ref TextId="T_InputCurrentRange" Value="0 ~ 1A" Unit="" Visible="true" />
				<Ref TextId="T_InputVoltageRange" Value="0 ~ 288V" Unit="" Visible="true" />										
				<Ref TextId="T_InputVoltageImpedance" Value="1200Kohm" Unit="" Visible="true" /> 
				<Ref TextId="T_InputCurrentImpedance" Value="30mohm" Unit="" Visible="true" />
			</Items>
		</Specification>
			
		<Monitoring>
			<CommBlock InitOnly="true" Freq=""/>
		</Monitoring>

		<IOData InputLength="24" OutputLength="4">
			<Input OneChSize="8">
				<Ref TextId="T_Status_Byte_00" ChannelType="BI" DataType="ByteArea" Length="1" Unit="" Visible="true"/>
				<Ref TextId="T_Status_Byte_01" ChannelType="BI" DataType="ByteArea" Length="1" Unit="" Visible="true"/>
				<Ref TextId="T_Status_Byte_02" ChannelType="BI" DataType="ByteArea" Length="1" Unit="" Visible="true"/>
				<Ref TextId="T_Status_Byte_03" ChannelType="BI" DataType="ByteArea" Length="1" Unit="" Visible="true"/>
				<Ref TextId="T_Error_Byte_00" ChannelType="BI"  DataType="ByteArea" Length="1" Unit="" Visible="true"/>
				<Ref TextId="T_Error_Byte_01" ChannelType="BI"  DataType="ByteArea" Length="1" Unit="" Visible="true"/>
				<Ref TextId="T_Error_Byte_02" ChannelType="BI"  DataType="ByteArea" Length="1" Unit="" Visible="true"/>
				<Ref TextId="T_Reserved" ChannelType="BI"  DataType="ByteArea" Length="1" Unit="" Visible="true"/>
				<Ref TextId="T_Process_Data_00" ChannelType="BI" DataType="ByteArea" Length="1" Unit="" Visible="true"/>
				<Ref TextId="T_Process_Data_01" ChannelType="BI" DataType="ByteArea" Length="1" Unit="" Visible="true"/>
				<Ref TextId="T_Process_Data_02" ChannelType="BI" DataType="ByteArea" Length="1" Unit="" Visible="true"/>
				<Ref TextId="T_Process_Data_03" ChannelType="BI" DataType="ByteArea" Length="1" Unit="" Visible="true"/>
				<Ref TextId="T_Process_Data_04" ChannelType="BI" DataType="ByteArea" Length="1" Unit="" Visible="true"/>
				<Ref TextId="T_Process_Data_05" ChannelType="BI" DataType="ByteArea" Length="1" Unit="" Visible="true"/>
				<Ref TextId="T_Process_Data_06" ChannelType="BI" DataType="ByteArea" Length="1" Unit="" Visible="true"/>
				<Ref TextId="T_Process_Data_07" ChannelType="BI" DataType="ByteArea" Length="1" Unit="" Visible="true"/>
				<Ref TextId="T_Process_Data_08" ChannelType="BI" DataType="ByteArea" Length="1" Unit="" Visible="true"/>
				<Ref TextId="T_Process_Data_09" ChannelType="BI" DataType="ByteArea" Length="1" Unit="" Visible="true"/>
				<Ref TextId="T_Process_Data_10" ChannelType="BI" DataType="ByteArea" Length="1" Unit="" Visible="true"/>
				<Ref TextId="T_Process_Data_11" ChannelType="BI" DataType="ByteArea" Length="1" Unit="" Visible="true"/>
				<Ref TextId="T_Process_Data_12" ChannelType="BI" DataType="ByteArea" Length="1" Unit="" Visible="true"/>
				<Ref TextId="T_Process_Data_13" ChannelType="BI" DataType="ByteArea" Length="1" Unit="" Visible="true"/>
				<Ref TextId="T_Process_Data_14" ChannelType="BI" DataType="ByteArea" Length="1" Unit="" Visible="true"/>
				<Ref TextId="T_Process_Data_15" ChannelType="BI" DataType="ByteArea" Length="1" Unit="" Visible="true"/>
			</Input>
			<Output OneChSize="4">
				<Ref TextId="T_Control_Byte_00" ChannelType="BO" DataType="ByteArea" Length="1" Unit="" Visible="true"/>
				<Ref TextId="T_Control_Byte_01" ChannelType="BO" DataType="ByteArea" Length="1" Unit="" Visible="true"/>
				<Ref TextId="T_Control_Byte_02" ChannelType="BO" DataType="ByteArea" Length="1" Unit="" Visible="true"/>
				<Ref TextId="T_Control_Byte_03" ChannelType="BO" DataType="ByteArea" Length="1" Unit="" Visible="true"/>			
			</Output>
		</IOData>
		
		<Parameters Index="1" Length="5">
			<Name TextId="T_Module parameters"/>
			<Const Data="0x00,0x00,0x00,0x00,0x00"/>
				<Ref TextId="T_CT0" ValueItemTarget="" DataType="Unsigned8" ByteOffset="0" BitOffset="0" Length="1" DefaultValue="0" AllowedValues="1,0,255" Changeable="true" Visible="true" />
				<Ref TextId="T_CT1" ValueItemTarget="" DataType="BitArea" ByteOffset="1" BitOffset="0" Length="4" DefaultValue="0" AllowedValues="1,0,15" Changeable="true" Visible="true" />
				<Ref TextId="T_Scaling_Energy" ValueItemTarget="Scaling" DataType="BitArea" ByteOffset="1" BitOffset="4" Length="3" DefaultValue="0" AllowedValues="1,0,6" Changeable="true" Visible="true"/>
				<Ref TextId="T_Frequency" ValueItemTarget="Frequency" DataType="Bit" ByteOffset="1" BitOffset="7" Length="1" DefaultValue="0" AllowedValues="1,0,1" Changeable="true" Visible="true"/>
				<Ref TextId="T_OverVoltageThreshold" ValueItemTarget="" DataType="Unsigned8" ByteOffset="2" BitOffset="0" Length="1" DefaultValue="0" AllowedValues="1,0,250" Changeable="true" Visible="true"/>
				<Ref TextId="T_UnderVoltageThreshold" ValueItemTarget="" DataType="Unsigned8" ByteOffset="3" BitOffset="0" Length="1" DefaultValue="0" AllowedValues="1,0,250" Changeable="true" Visible="true"/>
				<Ref TextId="T_OverCurrentThreshold" ValueItemTarget="" DataType="Unsigned8" ByteOffset="4" BitOffset="0" Length="1" DefaultValue="0" AllowedValues="1,0,250" Changeable="true" Visible="true"/>	
				
		</Parameters>
		<!-- ============================================================================================ -->
		<!--      Value list                                                                              -->
		<!-- ============================================================================================ -->
		<ValueList>
			<ValueItem ID="Scaling">
			<Assign TextId="T_1m_Wh_VARh_VAh" Content="0"/>
			<Assign TextId="T_0.01_Wh_VARh_VAh" Content="1"/>
			<Assign TextId="T_0.1_Wh_VARh_VAh" Content="2"/>
			<Assign TextId="T_1_Wh_VARh_VAh" Content="3"/>
			<Assign TextId="T_0.01k_Wh_VARh_VAh" Content="4"/>
			<Assign TextId="T_0.1k_Wh_VARh_VAh" Content="5"/>
			<Assign TextId="T_1k_Wh_VARh_VAh" Content="6"/>
			</ValueItem>
			<ValueItem ID="Frequency">
			<Assign TextId="T_45Hz_55Hz" Content="0"/>
			<Assign TextId="T_55Hz_65Hz" Content="1"/>
			</ValueItem>
		</ValueList>	
		<!-- Diag 정의 --> 
		
	</DeviceInfo>
		

	<!-- Please, add IO modules below --> 
	
	 
		
		
 
</IOProfile>
