<?xml version="1.0" encoding="UTF-8"?>

<!--**********************************************************************
** $File: GT3914.xml 
** $Descrip: Define I/O module (GT-3914)
** $Version: 1.0.0.0 
** $Maker: CREVIS
** $History   
**   ! 2016.11.18 - v1000. First Release
 
** ******************************************************************* --> 

<IOProfile>
	<DeviceInfo ID="IDM_GT3914" DeviceID="0x3914" Category="GAI">	
		<General> 
			<Name TextId="T_GT3914"/>
			<InfoText TextId="T_INFO_GT3914"/>
			<OrderNumber Value="GT-3914"/>
			<GraphicFile Value="GT-3914"/> 
			<HelpLink Value="GT-3914.htm"/>
			<KeySpec Value="4 Channels, Differential Current Input Range 0-20mA/4~20mA/-20~20mA, 12bit"/>
			<Features AddrMapPriority="A" CanCommunication="true" FieldPwrCutoffBefore="false" FieldPwrFreeNext = "false" SystemPwrExpansion="0"/>
		</General>
			
		<Specification>
			<HardwareVer TextId="T_HardwareVer" Value="1.00" Unit="" Visible="false"/>	 
			<PowerDissipation TextId="T_PowerDissipation" Value="30" Unit="mA" Visible="true"/>	 		<!--단위는 mA-->
			<FieldPower TextId="T_FieldPower" Value="24"  Unit="Vdc" Visible="true"/>									
			<Dimension TextId="T_Dimension" Height="99" Width="70" Value="12" Unit="mm" Visible="true"/>
			<AllowedInSlots TextId="T_AllowedInSlots" Value="1..64" Unit="" Visible="true"/>	
														
			<Items>
				<Ref TextId="T_ResolutionRanges" Value="12Bits : 4.88uA/Bit(0~20mA), 3.91uA/Bit(4~20mA), 9.77uA/Bit(-20~20mA)" Unit="" Visible="true" /> 			
				<Ref TextId="T_InputCurrentRange" Value="0 ~ 20mA / 4 ~ 20mA / -20 ~ 20mA" Unit="" Visible="true" /> 	
				<Ref TextId="T_InputImpedance" Value="121.5ohm" Unit="" Visible="true" /> 	 
			</Items>
		</Specification> 
			
		<Monitoring>
			<CommBlock InitOnly="true" Freq=""/>
		</Monitoring>
 
		<IOData InputLength="8" OutputLength="0">
			<Input OneChSize="16">
				<Ref TextId="T_AI_Data_00" ChannelType="AI" Conversion="ByParaVal:1,1" DataType="Float16" Length="1" Unit="mA" Visible="true"/>
				<Ref TextId="T_AI_Data_01" ChannelType="AI" Conversion="ByParaVal:2,2" DataType="Float16" Length="1" Unit="mA" Visible="true"/>
				<Ref TextId="T_AI_Data_02" ChannelType="AI" Conversion="ByParaVal:3,3" DataType="Float16" Length="1" Unit="mA" Visible="true"/>
				<Ref TextId="T_AI_Data_03" ChannelType="AI" Conversion="ByParaVal:4,4" DataType="Float16" Length="1" Unit="mA" Visible="true"/>
			</Input>
		</IOData>

		<Parameters Index="1" Length="6">
			<Name TextId="T_Module parameters"/>
			<Const Data="0x00,0x00,0x00,0x00,0x00,0x00"/>
			<Ref TextId="T_AnalogRange_Ch0" ValueItemTarget="IDV_CurrentRange" DataType="Unsigned8" ByteOffset="0" BitOffset="0" Length="1" DefaultValue="0" AllowedValues="" Changeable="true" Visible="true" />
			<Ref TextId="T_AnalogRange_Ch1" ValueItemTarget="IDV_CurrentRange" DataType="Unsigned8" ByteOffset="1" BitOffset="0" Length="1" DefaultValue="0" AllowedValues="" Changeable="true" Visible="true" />
			<Ref TextId="T_AnalogRange_Ch2" ValueItemTarget="IDV_CurrentRange" DataType="Unsigned8" ByteOffset="2" BitOffset="0" Length="1" DefaultValue="0" AllowedValues="" Changeable="true" Visible="true" />
			<Ref TextId="T_AnalogRange_Ch3" ValueItemTarget="IDV_CurrentRange" DataType="Unsigned8" ByteOffset="3" BitOffset="0" Length="1" DefaultValue="0" AllowedValues="" Changeable="true" Visible="true" />
			<Ref TextId="T_Firmwarefilter" ValueItemTarget="" DataType="Unsigned8" ByteOffset="4" BitOffset="0" Length="1" DefaultValue="0" AllowedValues="1,0,62" Changeable="true" Visible="true" />
			<Ref TextId="T_Reserved" ValueItemTarget="" DataType="ByteArea" ByteOffset="5" BitOffset="0" Length="1" DefaultValue="0" AllowedValues="" Changeable="true" Visible="false" />
			<!-- Please, add parameter below --> 	
		</Parameters> 
		<!-- ============================================================================================ -->
		<!--      Value list                                                                              -->
		<!-- ============================================================================================ -->
		<ValueList>
			<ValueItem ID="IDV_CurrentRange">
				<Assign Content="0" TextId="T_0~20mA" Conversion="Resolution:0.1,0,4095,0,20" Unit="mA"/>
				<Assign Content="1" TextId="T_4~20mA" Conversion="Resolution:0.1,0,4095,4,20" Unit="mA"/>
				<Assign Content="2" TextId="T_-20~20mA" Conversion="Resolution:-20.1,-2048,2047,-20,20" Unit="mA"/>
			</ValueItem>
     
		</ValueList>
		
		<!-- Diag 정의 --> 
		
	</DeviceInfo>
		

	<!-- Please, add IO modules below --> 
	
	 
		
		
 
</IOProfile>
