<?xml version="1.0" encoding="UTF-8"?>

<!--**********************************************************************
** $File: GT3C78.xml 
** $Descrip: Define I/O module (GT-3C78)
** $Version: 1.0.0.0 
** $Maker: CREVIS
** $History   
**   ! 2021.02.18 - v1000. First Release
 
** ******************************************************************* --> 

<IOProfile>
	<DeviceInfo ID="IDM_GT3C78" DeviceID="0x3C78" Category="GAI">	
		<General> 
			<Name TextId="T_GT3C78"/>
			<InfoText TextId="T_INFO_GT3C78"/>
			<OrderNumber Value="GT-3C78"/>
			<GraphicFile Value="GT-3C78"/> 
			<HelpLink Value="GT-3C78.htm"/>
			<KeySpec Value="8 Channels, Input voltage Range : 0~10Vdc/0~5Vdc/1~5Vdc, 12bit / Voltage Output Range : 0 ~ 10Vdc "/>
			<Features AddrMapPriority="A" CanCommunication="true" FieldPwrCutoffBefore="false" FieldPwrFreeNext = "false" SystemPwrExpansion="0"/>
		</General>
			
		<Specification>
			<HardwareVer TextId="T_HardwareVer" Value="1.00" Unit="" Visible="false"/>	 
			<PowerDissipation TextId="T_PowerDissipation" Value="30" Unit="mA" Visible="true"/>	 		<!--단위는 mA-->
			<FieldPower TextId="T_FieldPower" Value="24"  Unit="Vdc" Visible="true"/>									
			<Dimension TextId="T_Dimension" Height="99" Width="70" Value="12" Unit="mm" Visible="true"/>
			<AllowedInSlots TextId="T_AllowedInSlots" Value="1..64" Unit="" Visible="true"/>	
														
			<Items>
				<Ref TextId="T_ResolutionRanges" Value="12Bits : 2.44mV/Bit(0~10V), 1.22mV(0~5V), 0.977mV(1~5V)" Unit="" Visible="true" /> 			
				<Ref TextId="T_InputCurrentRange" Value="0~10Vdc/0~5Vdc/1~5Vdc" Unit="" Visible="true" /> 	
				<Ref TextId="T_InputImpedance" Value="500Kohm" Unit="" Visible="true" />
				<Ref TextId="T_FieldPowerRange" Value="24Vdc nominal. 18~30Vdc" Unit="" Visible="true" />		
				<Ref TextId="T_OutputCurrentRange" Value="0 ~ 10Vdc" Unit="" Visible="true" /> 	
				<Ref TextId="T_LoadImpedance" Value="Min. 2Kohm" Unit="" Visible="true" /> 					
			</Items>
		</Specification> 
			
		<Monitoring>
			<CommBlock InitOnly="true" Freq=""/>
		</Monitoring>
 
		<IOData InputLength="16" OutputLength="16">
			<Input OneChSize="16">
				<Ref TextId="T_AI_Data_00" ChannelType="AI" Conversion="ByParaVal:1,1" DataType="Float16" Length="1" Unit="V" Visible="true"/>
				<Ref TextId="T_AI_Data_01" ChannelType="AI" Conversion="ByParaVal:2,2" DataType="Float16" Length="1" Unit="V" Visible="true"/>
				<Ref TextId="T_AI_Data_02" ChannelType="AI" Conversion="ByParaVal:3,3" DataType="Float16" Length="1" Unit="V" Visible="true"/>
				<Ref TextId="T_AI_Data_03" ChannelType="AI" Conversion="ByParaVal:4,4" DataType="Float16" Length="1" Unit="V" Visible="true"/>
				<Ref TextId="T_AI_Data_04" ChannelType="AI" Conversion="ByParaVal:5,5" DataType="Float16" Length="1" Unit="V" Visible="true"/>
				<Ref TextId="T_AI_Data_05" ChannelType="AI" Conversion="ByParaVal:6,6" DataType="Float16" Length="1" Unit="V" Visible="true"/>
				<Ref TextId="T_AI_Data_06" ChannelType="AI" Conversion="ByParaVal:7,7" DataType="Float16" Length="1" Unit="V" Visible="true"/>
				<Ref TextId="T_AI_Data_07" ChannelType="AI" Conversion="ByParaVal:8,8" DataType="Float16" Length="1" Unit="V" Visible="true"/>				
			</Input>
			<Output OneChSize="16">
				<Ref TextId="T_AO_Data_00" ChannelType="AO" Conversion="Linear:0,4095,0,10" DataType="Float16" Length="1" Unit="V" Visible="true"/>
				<Ref TextId="T_AO_Data_01" ChannelType="AO" Conversion="Linear:0,4095,0,10" DataType="Float16" Length="1" Unit="V" Visible="true"/>
				<Ref TextId="T_AO_Data_02" ChannelType="AO" Conversion="Linear:0,4095,0,10" DataType="Float16" Length="1" Unit="V" Visible="true"/>
				<Ref TextId="T_AO_Data_03" ChannelType="AO" Conversion="Linear:0,4095,0,10" DataType="Float16" Length="1" Unit="V" Visible="true"/>							
				<Ref TextId="T_AO_Data_04" ChannelType="AO" Conversion="Linear:0,4095,0,10" DataType="Float16" Length="1" Unit="V" Visible="true"/>
				<Ref TextId="T_AO_Data_05" ChannelType="AO" Conversion="Linear:0,4095,0,10" DataType="Float16" Length="1" Unit="V" Visible="true"/>
				<Ref TextId="T_AO_Data_06" ChannelType="AO" Conversion="Linear:0,4095,0,10" DataType="Float16" Length="1" Unit="V" Visible="true"/>
				<Ref TextId="T_AO_Data_07" ChannelType="AO" Conversion="Linear:0,4095,0,10" DataType="Float16" Length="1" Unit="V" Visible="true"/>							
			</Output>			
		</IOData>

		<Parameters Index="1" Length="8">
			<Name TextId="T_Module parameters"/>
			<Const Data="0x00,0x00,0x00,0x00,0x00,0x00"/>
			<Ref TextId="T_AnalogRange_Ch0" ValueItemTarget="IDV_VoltageRange" DataType="BitArea" ByteOffset="0" BitOffset="0" Length="2" DefaultValue="0" AllowedValues="" Changeable="true" Visible="true" />
			<Ref TextId="T_AnalogRange_Ch1" ValueItemTarget="IDV_VoltageRange" DataType="BitArea" ByteOffset="0" BitOffset="2" Length="2" DefaultValue="0" AllowedValues="" Changeable="true" Visible="true" />
			<Ref TextId="T_AnalogRange_Ch2" ValueItemTarget="IDV_VoltageRange" DataType="BitArea" ByteOffset="0" BitOffset="4" Length="2" DefaultValue="0" AllowedValues="" Changeable="true" Visible="true" />
			<Ref TextId="T_AnalogRange_Ch3" ValueItemTarget="IDV_VoltageRange" DataType="BitArea" ByteOffset="0" BitOffset="6" Length="2" DefaultValue="0" AllowedValues="" Changeable="true" Visible="true" />
			<Ref TextId="T_AnalogRange_Ch4" ValueItemTarget="IDV_VoltageRange" DataType="BitArea" ByteOffset="1" BitOffset="0" Length="2" DefaultValue="0" AllowedValues="" Changeable="true" Visible="true" />
			<Ref TextId="T_AnalogRange_Ch5" ValueItemTarget="IDV_VoltageRange" DataType="BitArea" ByteOffset="1" BitOffset="2" Length="2" DefaultValue="0" AllowedValues="" Changeable="true" Visible="true" />
			<Ref TextId="T_AnalogRange_Ch6" ValueItemTarget="IDV_VoltageRange" DataType="BitArea" ByteOffset="1" BitOffset="4" Length="2" DefaultValue="0" AllowedValues="" Changeable="true" Visible="true" />
			<Ref TextId="T_AnalogRange_Ch7" ValueItemTarget="IDV_VoltageRange" DataType="BitArea" ByteOffset="1" BitOffset="6" Length="2" DefaultValue="0" AllowedValues="" Changeable="true" Visible="true" />
			<Ref TextId="T_Firmwarefilter" ValueItemTarget="" DataType="Unsigned8" ByteOffset="2" BitOffset="0" Length="1" DefaultValue="0" AllowedValues="1,0,62" Changeable="true" Visible="true" />
			<Ref TextId="T_Reserved" ValueItemTarget="" DataType="ByteArea" ByteOffset="3" BitOffset="0" Length="1" DefaultValue="0" AllowedValues="" Changeable="true" Visible="false" />
			<Ref TextId="T_REF_Fault_Action_ch0" ValueItemTarget="IDV_Fault_Action_4" DataType="BitArea" ByteOffset="4" BitOffset="0" Length="2" DefaultValue="0" AllowedValues="1,0,3" Changeable="true" Visible="true" />
			<Ref TextId="T_REF_Fault_Action_ch1" ValueItemTarget="IDV_Fault_Action_4" DataType="BitArea" ByteOffset="4" BitOffset="2" Length="2" DefaultValue="0" AllowedValues="1,0,3" Changeable="true" Visible="true" />
			<Ref TextId="T_REF_Fault_Action_ch2" ValueItemTarget="IDV_Fault_Action_4" DataType="BitArea" ByteOffset="4" BitOffset="4" Length="2" DefaultValue="0" AllowedValues="1,0,3" Changeable="true" Visible="true" />
			<Ref TextId="T_REF_Fault_Action_ch3" ValueItemTarget="IDV_Fault_Action_4" DataType="BitArea" ByteOffset="4" BitOffset="6" Length="2" DefaultValue="0" AllowedValues="1,0,3" Changeable="true" Visible="true" />
			<Ref TextId="T_REF_Fault_Action_ch4" ValueItemTarget="IDV_Fault_Action_4" DataType="BitArea" ByteOffset="5" BitOffset="0" Length="2" DefaultValue="0" AllowedValues="1,0,3" Changeable="true" Visible="true" />
			<Ref TextId="T_REF_Fault_Action_ch5" ValueItemTarget="IDV_Fault_Action_4" DataType="BitArea" ByteOffset="5" BitOffset="2" Length="2" DefaultValue="0" AllowedValues="1,0,3" Changeable="true" Visible="true" />
			<Ref TextId="T_REF_Fault_Action_ch6" ValueItemTarget="IDV_Fault_Action_4" DataType="BitArea" ByteOffset="5" BitOffset="4" Length="2" DefaultValue="0" AllowedValues="1,0,3" Changeable="true" Visible="true" />
			<Ref TextId="T_REF_Fault_Action_ch7" ValueItemTarget="IDV_Fault_Action_4" DataType="BitArea" ByteOffset="5" BitOffset="6" Length="2" DefaultValue="0" AllowedValues="1,0,3" Changeable="true" Visible="true" />
			<Ref TextId="T_REF_SubstituteValue_4pt" ValueItemTarget="" DataType="Unsigned16" ByteOffset="6" BitOffset="0" Length="1" DefaultValue="0" AllowedValues="1,0,4095" Changeable="true" Visible="true" />

			<!-- Please, add parameter below --> 	
		</Parameters> 
		<!-- ============================================================================================ -->
		<!--      Value list                                                                              -->
		<!-- ============================================================================================ -->
		<ValueList>
			<ValueItem ID="IDV_VoltageRange">
				<Assign Content="0" TextId="T_0~10V" Conversion="Resolution:0.1,0,4095,0,10" Unit="V"/>
				<Assign Content="1" TextId="T_0~5V"  Conversion="Resolution:0.1,0,4095,0,5"  Unit="V"/>
				<Assign Content="2" TextId="T_1~5V"  Conversion="Resolution:0.1,0,4095,1,5"  Unit="V"/>
			</ValueItem>
     		
			<ValueItem ID="IDV_Fault_Action_4">
				<Assign Content="0" TextId="T_FaultValue"/>
				<Assign Content="1" TextId="T_HoldLastState"/>
				<Assign Content="2" TextId="T_Lowlimit"/>
				<Assign Content="3" TextId="T_Highlimit"/>
			</ValueItem>
		</ValueList>
		
		<!-- Diag 정의 --> 
		
	</DeviceInfo>
		

	<!-- Please, add IO modules below --> 
	
	 
		
		
 
</IOProfile>
