<?xml version="1.0" encoding="UTF-8"?>

<!--**********************************************************************
** $File: GT4564.xml 
** $Descrip: Define I/O module (GT-4564)
** $Version: 1.0.0.0 
** $Maker: CREVIS
** $History   
**   ! 2020.01.14 - v1000. First Release
 
** ******************************************************************* --> 

<IOProfile>
	<DeviceInfo ID="IDM_GT4564" DeviceID="0x4564" Category="GAO">
		<General> 
			<Name TextId="T_GT4564"/>
			<InfoText TextId="T_INFO_GT4564"/>
			<OrderNumber Value="GT-4564"/>
			<GraphicFile Value="GT-4564"/>
			<HelpLink Value="GT-4564.htm"/>
			<KeySpec Value="4 Channels Voltage Output -10~10V,16bit"/>
			<Features AddrMapPriority="A" CanCommunication="true" FieldPwrCutoffBefore="false" FieldPwrFreeNext = "false" SystemPwrExpansion="0"/>
		</General>
			
		<Specification>
			<HardwareVer TextId="T_HardwareVer" Value="1.00" Unit="" Visible="false"/>	 
			<PowerDissipation TextId="T_PowerDissipation" Value="30" Unit="mA" Visible="true"/>	 <!--단위는 mA-->
			<FieldPower TextId="T_FieldPower" Value="24"  Unit="Vdc" Visible="true"/>
			<Dimension TextId="T_Dimension" Height="99" Width="70" Value="12" Unit="mm" Visible="true"/>
			<AllowedInSlots TextId="T_AllowedInSlots" Value="1..64" Unit="" Visible="true"/>	

			<Items>
				<Ref TextId="T_FieldPowerRange" Value="24Vdc nominal. 18~32Vdc" Unit="" Visible="true" />
				<Ref TextId="T_ResolutionRanges" Value="16Bits : 0.31mV/Bit" Unit="" Visible="true" />
				<Ref TextId="T_OutputCurrentRange" Value="-10 ~ 10V" Unit="" Visible="true" />
				<Ref TextId="T_LoadImpedance" Value="Min. 4kohm" Unit="" Visible="true" />
			</Items>
		</Specification>

		<Monitoring>
			<CommBlock InitOnly="true" Freq=""/>
		</Monitoring>

		<IOData InputLength="0" OutputLength="8">
			<Output OneChSize="16">
				<Ref TextId="T_AO_Data_00" ChannelType="AO" Conversion="Linear:-32768,32767,-10,10" DataType="Float16" Length="1" Unit="V" Visible="true"/>
				<Ref TextId="T_AO_Data_01" ChannelType="AO" Conversion="Linear:-32768,32767,-10,10" DataType="Float16" Length="1" Unit="V" Visible="true"/>
				<Ref TextId="T_AO_Data_02" ChannelType="AO" Conversion="Linear:-32768,32767,-10,10" DataType="Float16" Length="1" Unit="V" Visible="true"/>
				<Ref TextId="T_AO_Data_03" ChannelType="AO" Conversion="Linear:-32768,32767,-10,10" DataType="Float16" Length="1" Unit="V" Visible="true"/>										
			</Output>
		</IOData>

		<Parameters Index="1" Length="4">
			<Name TextId="T_Module parameters"/>
			<Const Data="0x00,0x00,0x00,0x00"/>
			<Ref TextId="T_REF_Fault_Action_ch0" ValueItemTarget="IDV_Fault_Action_4" DataType="BitArea" ByteOffset="0" BitOffset="0" Length="2" DefaultValue="0" AllowedValues="1,0,3" Changeable="true" Visible="true" />
			<Ref TextId="T_REF_Fault_Action_ch1" ValueItemTarget="IDV_Fault_Action_4" DataType="BitArea" ByteOffset="0" BitOffset="2" Length="2" DefaultValue="0" AllowedValues="1,0,3" Changeable="true" Visible="true" />
			<Ref TextId="T_REF_Fault_Action_ch2" ValueItemTarget="IDV_Fault_Action_4" DataType="BitArea" ByteOffset="0" BitOffset="4" Length="2" DefaultValue="0" AllowedValues="1,0,3" Changeable="true" Visible="true" />
			<Ref TextId="T_REF_Fault_Action_ch3" ValueItemTarget="IDV_Fault_Action_4" DataType="BitArea" ByteOffset="0" BitOffset="6" Length="2" DefaultValue="0" AllowedValues="1,0,3" Changeable="true" Visible="true" />
      <Ref TextId="T_Reserved" ValueItemTarget="" DataType="ByteArea" ByteOffset="1" BitOffset="0" Length="1" DefaultValue="0" AllowedValues="" Changeable="true" Visible="false" />
      <Ref TextId="T_REF_SubstituteValue_4pt" ValueItemTarget="" DataType="Integer16" ByteOffset="2" BitOffset="0" Length="1" DefaultValue="0" AllowedValues="1,-32768,32767" Changeable="true" Visible="true" />
			<!-- Please, add parameter below --> 
			
		</Parameters>
		
		<!-- ============================================================================================ -->
		<!--      Value list                                                                              -->
		<!-- ============================================================================================ -->
		<ValueList> 
			<ValueItem ID="IDV_Fault_Action_4"> 
				<Assign Content="0" TextId="T_FaultValue"/>
				<Assign Content="1" TextId="T_HoldLastState"/>
				<Assign Content="2" TextId="T_Lowlimit"/>
				<Assign Content="3" TextId="T_Highlimit"/>
			</ValueItem>
		</ValueList>	
		
		<!-- Diag 정의 --> 
		
	</DeviceInfo>
		

	<!-- Please, add IO modules below --> 
	
	 
		
		
 
</IOProfile>
