<?xml version="1.0" encoding="UTF-8"?>

<!--**********************************************************************
** $File: GT5114.xml 
** $Descrip: Define I/O module (GT-5114)
** $Version: 1.0.0.0 
** $Maker: CREVIS
** $History   
**   ! 2019.09.17 - v1000. First Release
 
** ******************************************************************* --> 

<IOProfile>
	<DeviceInfo ID="IDM_GT5114" DeviceID="0x5114" Category="GSPECIAL">	
		<General> 
			<Name TextId="T_GT5114"/>
			<InfoText TextId="T_INFO_GT5114"/>
			<OrderNumber Value="GT-5114"/>
			<GraphicFile Value="GT-5114"/>
			<HelpLink Value="GT-5114.htm"/>
			<KeySpec Value="Input Frequency : 0~100KHz"/>
			<Features AddrMapPriority="B" CanCommunication="true" FieldPwrCutoffBefore="false" FieldPwrFreeNext = "false" SystemPwrExpansion="0"/>			
		</General>
			
		<Specification>
			<HardwareVer TextId="T_HardwareVer" Value="1.00" Unit="" Visible="true"/>
			<PowerDissipation TextId="T_PowerDissipation" Value="70" Unit="mA" Visible="true"/>	 		<!--단위는 mA-->
			<FieldPower TextId="T_FieldPower" Value=""  Unit="Vdc" Visible="true"/>
			<Dimension TextId="T_Dimension" Height="90.5" Width="65" Value="12" Unit="mm" Visible="true"/>
			<AllowedInSlots TextId="T_AllowedInSlots" Value="1..64" Unit="" Visible="true"/>	
      
			<Items>
				<Ref TextId="T_InputVoltage" Value="24Vdc" Unit="" Visible="true" />	
				<Ref TextId="T_InputFrequency" Value="0~100KHz" Unit="" Visible="true" /> 			
				<Ref TextId="T_NumberOfOutput" Value="4 Channel, Source Type" Unit="" Visible="true" /> 
				<Ref TextId="T_FieldPowerVoltage" Value="18~32Vdc" Unit="" Visible="true" />
			</Items>
		</Specification>

		<Monitoring>
			<CommBlock InitOnly="true" Freq=""/>
		</Monitoring>

		<IOData InputLength="16" OutputLength="4">
			<Input OneChSize="8">
				<Ref TextId="T_HSC_InData_00" ChannelType="BI" DataType="ByteArea" Length="1" Unit="" Visible="true"/>
				<Ref TextId="T_HSC_InData_01" ChannelType="BI" DataType="ByteArea" Length="1" Unit="" Visible="true"/>
				<Ref TextId="T_HSC_InData_02" ChannelType="BI" DataType="ByteArea" Length="1" Unit="" Visible="true"/>
				<Ref TextId="T_HSC_InData_03" ChannelType="BI" DataType="ByteArea" Length="1" Unit="" Visible="true"/>
				<Ref TextId="T_HSC_InData_04" ChannelType="BI" DataType="ByteArea" Length="1" Unit="" Visible="true"/>
				<Ref TextId="T_HSC_InData_05" ChannelType="BI" DataType="ByteArea" Length="1" Unit="" Visible="true"/>
				<Ref TextId="T_HSC_InData_06" ChannelType="BI" DataType="ByteArea" Length="1" Unit="" Visible="true"/>
				<Ref TextId="T_HSC_InData_07" ChannelType="BI" DataType="ByteArea" Length="1" Unit="" Visible="true"/>	
				<Ref TextId="T_HSC_InData_18" ChannelType="BI" DataType="ByteArea" Length="1" Unit="" Visible="true"/>
				<Ref TextId="T_HSC_InData_19" ChannelType="BI" DataType="ByteArea" Length="1" Unit="" Visible="true"/>
				<Ref TextId="T_HSC_InData_20" ChannelType="BI" DataType="ByteArea" Length="1" Unit="" Visible="true"/>
				<Ref TextId="T_HSC_InData_21" ChannelType="BI" DataType="ByteArea" Length="1" Unit="" Visible="true"/>
				<Ref TextId="T_HSC_InData_22" ChannelType="BI" DataType="ByteArea" Length="1" Unit="" Visible="true"/>
				<Ref TextId="T_HSC_InData_23" ChannelType="BI" DataType="ByteArea" Length="1" Unit="" Visible="true"/>
				<Ref TextId="T_HSC_InData_24" ChannelType="BI" DataType="ByteArea" Length="1" Unit="" Visible="true"/>
				<Ref TextId="T_HSC_InData_25" ChannelType="BI" DataType="ByteArea" Length="1" Unit="" Visible="true"/>					
			</Input>
			<Output OneChSize="8">
				<Ref TextId="T_HSC_Ctrl_Data_00" ChannelType="BO" DataType="ByteArea" Length="1" Unit="" Visible="true"/>
				<Ref TextId="T_HSC_Ctrl_Data_01" ChannelType="BO" DataType="ByteArea" Length="1" Unit="" Visible="true"/>
				<Ref TextId="T_HSC_Ctrl_Data_02" ChannelType="BO" DataType="ByteArea" Length="1" Unit="" Visible="true"/>
				<Ref TextId="T_HSC_Ctrl_Data_03" ChannelType="BO" DataType="ByteArea" Length="1" Unit="" Visible="true"/>
			</Output>
		</IOData>

    <Parameters Index="1" Length="2">
      <Name TextId="T_Module parameters"/>
      <Const Data="0x00,0x00"/>
      <Ref TextId="T_Reserved" ValueItemTarget="" DataType="ByteArea" ByteOffset="0" BitOffset="0" Length="1" DefaultValue="0" AllowedValues="" Changeable="true" Visible="false" />
      <Ref TextId="T_Reserved" ValueItemTarget="" DataType="ByteArea" ByteOffset="1" BitOffset="0" Length="1" DefaultValue="0" AllowedValues="" Changeable="true" Visible="false" />
      <!-- Please, add parameter below -->

    </Parameters>

		<!-- Diag 정의 --> 
		
	</DeviceInfo>
		

	<!-- Please, add IO modules below --> 
	
	 
		
		
 
</IOProfile>
