<?xml version="1.0" encoding="UTF-8"?>

<!--**********************************************************************
** $File: GT5142.xml 
** $Descrip: Define I/O module (GT-5142)
** $Version: 1.0.0.0 
** $Maker: CREVIS
** $History   
**   ! 2021.07.14 - v1000. First Release
 
** ******************************************************************* --> 

<IOProfile>
	<DeviceInfo ID="IDM_GT5142" DeviceID="0x5142" Category="GSPECIAL">	
		<General> 
			<Name TextId="T_GT5142"/>
			<InfoText TextId="T_INFO_GT5142"/>
			<OrderNumber Value="GT-5142"/>
			<GraphicFile Value="GT-5142"/> 
			<HelpLink Value="GT-5142.htm"/>  
			<KeySpec Value="Input Frequency : encoder 0~750KHz/count 0~500kHz, Preset Value set by OutputData"/> 			
			<Features AddrMapPriority="B" CanCommunication="true" FieldPwrCutoffBefore="false" FieldPwrFreeNext = "false" SystemPwrExpansion="0"/>			
		</General>
			
		<Specification>
			<HardwareVer TextId="T_HardwareVer" Value="1.00" Unit="" Visible="true"/>	 
			<PowerDissipation TextId="T_PowerDissipation" Value="120" Unit="mA" Visible="true"/>	 		<!--단위는 mA-->
			<FieldPower TextId="T_FieldPower" Value="24"  Unit="Vdc" Visible="true"/>							
			<Dimension TextId="T_Dimension" Height="109" Width="70" Value="12" Unit="mm" Visible="true"/>
			<AllowedInSlots TextId="T_AllowedInSlots" Value="1..64" Unit="" Visible="true"/>	
														
			<Items>
				<Ref TextId="T_InputVoltage" Value="5~24Vdc" Unit="" Visible="true" />	
				<Ref TextId="T_InputFrequency" Value="0~750/0~500KHz" Unit="" Visible="true" /> 			
				<Ref TextId="T_FieldPowerVoltage" Value="15~28.8Vdc" Unit="" Visible="true" />
			</Items>
		</Specification>

		<Monitoring>
			<CommBlock InitOnly="true" Freq=""/>
		</Monitoring>

		<IOData InputLength="10" OutputLength="12">
			<Input OneChSize="8">
				<Ref TextId="T_HSC_InData_00" ChannelType="BI" DataType="ByteArea" Length="1" Unit="" Visible="true"/>
				<Ref TextId="T_HSC_InData_01" ChannelType="BI" DataType="ByteArea" Length="1" Unit="" Visible="true"/>
				<Ref TextId="T_HSC_InData_02" ChannelType="BI" DataType="ByteArea" Length="1" Unit="" Visible="true"/>
				<Ref TextId="T_HSC_InData_03" ChannelType="BI" DataType="ByteArea" Length="1" Unit="" Visible="true"/>
				<Ref TextId="T_HSC_InData_04" ChannelType="BI" DataType="ByteArea" Length="1" Unit="" Visible="true"/>
				<Ref TextId="T_HSC_InData_05" ChannelType="BI" DataType="ByteArea" Length="1" Unit="" Visible="true"/>
				<Ref TextId="T_HSC_InData_06" ChannelType="BI" DataType="ByteArea" Length="1" Unit="" Visible="true"/>
				<Ref TextId="T_HSC_InData_07" ChannelType="BI" DataType="ByteArea" Length="1" Unit="" Visible="true"/>	
				<Ref TextId="T_HSC_Status_Data_00" ChannelType="BI" DataType="ByteArea" Length="1" Unit="" Visible="true"/>		
				<Ref TextId="T_HSC_Status_Data_01" ChannelType="BI" DataType="ByteArea" Length="1" Unit="" Visible="true"/>			
			</Input>
			<Output OneChSize="8">
				<Ref TextId="T_HSC_Ctrl_Data_04" ChannelType="BO" DataType="ByteArea" Length="1" Unit="" Visible="true"/>
				<Ref TextId="T_HSC_Ctrl_Data_05" ChannelType="BO" DataType="ByteArea" Length="1" Unit="" Visible="true"/>
				<Ref TextId="T_HSC_Ctrl_Data_00" ChannelType="BO" DataType="ByteArea" Length="1" Unit="" Visible="true"/>
				<Ref TextId="T_HSC_Ctrl_Data_01" ChannelType="BO" DataType="ByteArea" Length="1" Unit="" Visible="true"/>
				<Ref TextId="T_HSC_Ctrl_Data_11" ChannelType="BO" DataType="ByteArea" Length="1" Unit="" Visible="true"/>
				<Ref TextId="T_HSC_Ctrl_Data_12" ChannelType="BO" DataType="ByteArea" Length="1" Unit="" Visible="true"/>
				<Ref TextId="T_HSC_Ctrl_Data_13" ChannelType="BO" DataType="ByteArea" Length="1" Unit="" Visible="true"/>
				<Ref TextId="T_HSC_Ctrl_Data_14" ChannelType="BO" DataType="ByteArea" Length="1" Unit="" Visible="true"/>
				<Ref TextId="T_HSC_Ctrl_Data_15" ChannelType="BO" DataType="ByteArea" Length="1" Unit="" Visible="true"/>
				<Ref TextId="T_HSC_Ctrl_Data_16" ChannelType="BO" DataType="ByteArea" Length="1" Unit="" Visible="true"/>
				<Ref TextId="T_HSC_Ctrl_Data_17" ChannelType="BO" DataType="ByteArea" Length="1" Unit="" Visible="true"/>
				<Ref TextId="T_HSC_Ctrl_Data_18" ChannelType="BO" DataType="ByteArea" Length="1" Unit="" Visible="true"/>			
				
				
			</Output>
		</IOData> 

		
		<Parameters/>

		
		<!-- Diag 정의 --> 
		
	</DeviceInfo>
		

	<!-- Please, add IO modules below --> 
	
	 
		
		
 
</IOProfile>
