<?xml version="1.0" encoding="UTF-8"?>

<!--**********************************************************************
** $File: GT5122.xml 
** $Descrip: Define I/O module (GT-5122)
** $Version: 1.0.0.0 
** $Maker: CREVIS
** $History   
**   ! 2019.09.17 - v1000. First Release
 
** ******************************************************************* --> 

<IOProfile>
	<DeviceInfo ID="IDM_GT5122" DeviceID="0x5122" Category="GSPECIAL">	
		<General> 
			<Name TextId="T_GT5122"/>
			<InfoText TextId="T_INFO_GT5122"/>
			<OrderNumber Value="GT-5122"/>
			<GraphicFile Value="GT-5122"/> 
			<HelpLink Value="GT-5122.htm"/>  
			<KeySpec Value="Input Frequency : encoder 0~750KHz/count 0~500kHz, Preset Value set by ParameterData"/> 			
			<Features AddrMapPriority="B" CanCommunication="true" FieldPwrCutoffBefore="false" FieldPwrFreeNext = "false" SystemPwrExpansion="0"/>			
		</General>
			
		<Specification>
			<HardwareVer TextId="T_HardwareVer" Value="1.00" Unit="" Visible="true"/>	 
			<PowerDissipation TextId="T_PowerDissipation" Value="120" Unit="mA" Visible="true"/>	 		<!--단위는 mA-->
			<FieldPower TextId="T_FieldPower" Value="24"  Unit="Vdc" Visible="true"/>							
			<Dimension TextId="T_Dimension" Height="109" Width="70" Value="12" Unit="mm" Visible="true"/>
			<AllowedInSlots TextId="T_AllowedInSlots" Value="1..64" Unit="" Visible="true"/>	
														
			<Items>
				<Ref TextId="T_InputVoltage" Value="5~24Vdc" Unit="" Visible="true" />	
				<Ref TextId="T_InputFrequency" Value="0~750/0~500KHz" Unit="" Visible="true" /> 			
				<Ref TextId="T_FieldPowerVoltage" Value="15~28.8Vdc" Unit="" Visible="true" />
			</Items>
		</Specification>

		<Monitoring>
			<CommBlock InitOnly="true" Freq=""/>
		</Monitoring>

		<IOData InputLength="10" OutputLength="4">
			<Input OneChSize="8">
				<Ref TextId="T_HSC_InData_00" ChannelType="BI" DataType="ByteArea" Length="1" Unit="" Visible="true"/>
				<Ref TextId="T_HSC_InData_01" ChannelType="BI" DataType="ByteArea" Length="1" Unit="" Visible="true"/>
				<Ref TextId="T_HSC_InData_02" ChannelType="BI" DataType="ByteArea" Length="1" Unit="" Visible="true"/>
				<Ref TextId="T_HSC_InData_03" ChannelType="BI" DataType="ByteArea" Length="1" Unit="" Visible="true"/>
				<Ref TextId="T_HSC_InData_04" ChannelType="BI" DataType="ByteArea" Length="1" Unit="" Visible="true"/>
				<Ref TextId="T_HSC_InData_05" ChannelType="BI" DataType="ByteArea" Length="1" Unit="" Visible="true"/>
				<Ref TextId="T_HSC_InData_06" ChannelType="BI" DataType="ByteArea" Length="1" Unit="" Visible="true"/>
				<Ref TextId="T_HSC_InData_07" ChannelType="BI" DataType="ByteArea" Length="1" Unit="" Visible="true"/>	
				<Ref TextId="T_HSC_Status_Data_00" ChannelType="BI" DataType="ByteArea" Length="1" Unit="" Visible="true"/>		
				<Ref TextId="T_HSC_Status_Data_01" ChannelType="BI" DataType="ByteArea" Length="1" Unit="" Visible="true"/>			
			</Input>
			<Output OneChSize="8">
				<Ref TextId="T_HSC_Ctrl_Data_04" ChannelType="BO" DataType="ByteArea" Length="1" Unit="" Visible="true"/>
				<Ref TextId="T_HSC_Ctrl_Data_05" ChannelType="BO" DataType="ByteArea" Length="1" Unit="" Visible="true"/>
				<Ref TextId="T_HSC_Ctrl_Data_00" ChannelType="BO" DataType="ByteArea" Length="1" Unit="" Visible="true"/>
				<Ref TextId="T_HSC_Ctrl_Data_01" ChannelType="BO" DataType="ByteArea" Length="1" Unit="" Visible="true"/>
				
				
			</Output>
		</IOData> 

		<Parameters Index="1" Length="8">
			<Name TextId="T_Module parameters"/>
			<Const Data="0x00,0x00,0x00,0x00"/>
			<Ref TextId="T_HSC_Ctrl_Data_11" ValueItemTarget="" DataType="ByteArea" ByteOffset="0" BitOffset="0" Length="1" DefaultValue="0" AllowedValues="" Changeable="true" Visible="true" />
			<Ref TextId="T_HSC_Ctrl_Data_12" ValueItemTarget="" DataType="ByteArea" ByteOffset="1" BitOffset="0" Length="1" DefaultValue="0" AllowedValues="" Changeable="true" Visible="true" />
			<Ref TextId="T_HSC_Ctrl_Data_13" ValueItemTarget="" DataType="ByteArea" ByteOffset="2" BitOffset="0" Length="1" DefaultValue="0" AllowedValues="" Changeable="true" Visible="true" />
			<Ref TextId="T_HSC_Ctrl_Data_14" ValueItemTarget="" DataType="ByteArea" ByteOffset="3" BitOffset="0" Length="1" DefaultValue="0" AllowedValues="" Changeable="true" Visible="true" />
			<Ref TextId="T_HSC_Ctrl_Data_15" ValueItemTarget="" DataType="ByteArea" ByteOffset="4" BitOffset="0" Length="1" DefaultValue="0" AllowedValues="" Changeable="true" Visible="true" />
			<Ref TextId="T_HSC_Ctrl_Data_16" ValueItemTarget="" DataType="ByteArea" ByteOffset="5" BitOffset="0" Length="1" DefaultValue="0" AllowedValues="" Changeable="true" Visible="true" />
			<Ref TextId="T_HSC_Ctrl_Data_17" ValueItemTarget="" DataType="ByteArea" ByteOffset="6" BitOffset="0" Length="1" DefaultValue="0" AllowedValues="" Changeable="true" Visible="true" />
			<Ref TextId="T_HSC_Ctrl_Data_18" ValueItemTarget="" DataType="ByteArea" ByteOffset="7" BitOffset="0" Length="1" DefaultValue="0" AllowedValues="" Changeable="true" Visible="true" />	
		<!-- Please, add parameter below --> 
			
		</Parameters>

		
		<!-- Diag 정의 --> 
		
	</DeviceInfo>
		

	<!-- Please, add IO modules below --> 
	
	 
		
		
 
</IOProfile>
