<?xml version="1.0" encoding="UTF-8"?>

<!--**********************************************************************
** $File: GT5444.xml 
** $Descrip: Define I/O module (GT-5444)
** $Version: 1.0.0.0 
** $Maker: CREVIS
** $History   
**   ! 2009.05.10 - v1000. First Release
 
** ******************************************************************* --> 

<IOProfile>
	<DeviceInfo ID="IDM_GT5444" DeviceID="0x5444" Category="GSPECIAL">	
		<General> 
			<Name TextId="T_GT5444"/>
			<InfoText TextId="T_INFO_GT5444"/>
			<OrderNumber Value="GT-5444"/>
			<GraphicFile Value="GT-5444"/> 
			<HelpLink Value="GT-5444.htm"/>  
			<KeySpec Value="PWM Frequency : 1~5000Hz"/> 			
			<Features AddrMapPriority="B" CanCommunication="true" FieldPwrCutoffBefore="false" FieldPwrFreeNext = "false" SystemPwrExpansion="0"/>			
		</General>
			
		<Specification>
			<HardwareVer TextId="T_HardwareVer" Value="1.00" Unit="" Visible="true"/>	 
			<PowerDissipation TextId="T_PowerDissipation" Value="75" Unit="mA" Visible="true"/>	 		<!--단위는 mA-->
			<FieldPower TextId="T_FieldPower" Value="24"  Unit="Vdc" Visible="true"/>							
			<Dimension TextId="T_Dimension" Height="99" Width="70" Value="12" Unit="mm" Visible="true"/>
			<AllowedInSlots TextId="T_AllowedInSlots" Value="1..64" Unit="" Visible="true"/>	
														
			<Items>
				<Ref TextId="T_PwmFrequency" Value="1~5000Hz ±0.5%" Unit="" Visible="true" />	
				<Ref TextId="T_PwmDuty" Value="0.0~100.0% ±1.0% (0.1%/1LSB), Ton>1us, Toff>1us" Unit="" Visible="true" /> 			
				<Ref TextId="T_NumberOfOutput" Value="4 Channel, Push-pull Type" Unit="" Visible="true" /> 	
				<Ref TextId="T_OutputCurrent" Value="0.5A/Output, 2A/All Output, short protection" Unit="" Visible="true" />
				<Ref TextId="T_FieldPowerVoltage" Value="15~32Vdc" Unit="" Visible="true" />
			</Items>
		</Specification>

		<Monitoring>
			<CommBlock InitOnly="true" Freq=""/>
		</Monitoring>

		<IOData InputLength="4" OutputLength="16">
			<Input OneChSize="8">
				<Ref TextId="T_REF_Reserved_Byte" ChannelType="BI" DataType="ByteArea" Length="1" Unit="" Visible="false"/>
				<Ref TextId="T_REF_Reserved_Byte" ChannelType="BI" DataType="ByteArea" Length="1" Unit="" Visible="false"/>
				<Ref TextId="T_REF_Reserved_Byte" ChannelType="BI" DataType="ByteArea" Length="1" Unit="" Visible="false"/>
				<Ref TextId="T_REF_Reserved_Byte" ChannelType="BI" DataType="ByteArea" Length="1" Unit="" Visible="false"/>
			</Input>
			<Output OneChSize="8">
				<Ref TextId="T_Byte_OutData_00_Ch0" ChannelType="BO" DataType="ByteArea" Length="1" Unit="" Visible="true"/>
				<Ref TextId="T_Byte_OutData_01_Ch0" ChannelType="BO" DataType="ByteArea" Length="1" Unit="" Visible="true"/>
				<Ref TextId="T_Byte_OutData_02_Ch0" ChannelType="BO" DataType="ByteArea" Length="1" Unit="" Visible="true"/>
				<Ref TextId="T_Byte_OutData_03_Ch0" ChannelType="BO" DataType="ByteArea" Length="1" Unit="" Visible="true"/>				
				<Ref TextId="T_Byte_OutData_00_Ch1" ChannelType="BO" DataType="ByteArea" Length="1" Unit="" Visible="true"/>
				<Ref TextId="T_Byte_OutData_01_Ch1" ChannelType="BO" DataType="ByteArea" Length="1" Unit="" Visible="true"/>
				<Ref TextId="T_Byte_OutData_02_Ch1" ChannelType="BO" DataType="ByteArea" Length="1" Unit="" Visible="true"/>
				<Ref TextId="T_Byte_OutData_03_Ch1" ChannelType="BO" DataType="ByteArea" Length="1" Unit="" Visible="true"/>
				<Ref TextId="T_Byte_OutData_00_Ch2" ChannelType="BO" DataType="ByteArea" Length="1" Unit="" Visible="true"/>
				<Ref TextId="T_Byte_OutData_01_Ch2" ChannelType="BO" DataType="ByteArea" Length="1" Unit="" Visible="true"/>
				<Ref TextId="T_Byte_OutData_02_Ch2" ChannelType="BO" DataType="ByteArea" Length="1" Unit="" Visible="true"/>
				<Ref TextId="T_Byte_OutData_03_Ch2" ChannelType="BO" DataType="ByteArea" Length="1" Unit="" Visible="true"/>				
				<Ref TextId="T_Byte_OutData_00_Ch3" ChannelType="BO" DataType="ByteArea" Length="1" Unit="" Visible="true"/>
				<Ref TextId="T_Byte_OutData_01_Ch3" ChannelType="BO" DataType="ByteArea" Length="1" Unit="" Visible="true"/>
				<Ref TextId="T_Byte_OutData_02_Ch3" ChannelType="BO" DataType="ByteArea" Length="1" Unit="" Visible="true"/>
				<Ref TextId="T_Byte_OutData_03_Ch3" ChannelType="BO" DataType="ByteArea" Length="1" Unit="" Visible="true"/>				
			</Output>
		</IOData> 

		<Parameters/>

		<!-- Diag 정의 --> 
		
	</DeviceInfo>
		

	<!-- Please, add IO modules below --> 
	
	 
		
		
 
</IOProfile>
