<?xml version="1.0" encoding="UTF-8"?>

<!--**********************************************************************
** $File: GT5521.xml 
** $Descrip: Define I/O module (GT-5521)
** $Version: 1.0.0.0 
** $Maker: CREVIS
** $History   
**   ! 2016.12.21 - v1000. First Release
 
** ******************************************************************* --> 

<IOProfile>
	<DeviceInfo ID="IDM_GT5521" DeviceID="0x5521" Category="GSpecial">	
		<General> 
			<Name TextId="T_GT5521"/>
			<InfoText TextId="T_INFO_GT5521"/>
			<OrderNumber Value="GT-5521"/>
			<GraphicFile Value="GT-5521"/> 
			<HelpLink Value="GT-5521.htm"/>  
			<KeySpec Value="2-Phase Bipolar Stepping Motor Driver, 24Vdc 1A"/> 			
			<Features AddrMapPriority="B" CanCommunication="true" FieldPwrCutoffBefore="false" FieldPwrFreeNext = "false" SystemPwrExpansion="0"/>			
		</General>
			
		<Specification>
			<HardwareVer TextId="T_HardwareVer" Value="1.00" Unit="" Visible="true"/>	 
			<PowerDissipation TextId="T_PowerDissipation" Value="100" Unit="mA" Visible="true"/>	 		<!--단위는 mA-->
			<FieldPower TextId="T_FieldPower" Value="24"  Unit="Vdc" Visible="true"/>							
			<Dimension TextId="T_Dimension" Height="99" Width="70" Value="12" Unit="mm" Visible="true"/>
			<AllowedInSlots TextId="T_AllowedInSlots" Value="1..64" Unit="" Visible="true"/>	
														
			<Items>
				<Ref TextId="T_Motor_Type" Value="2-Phase Bi-polar" Unit="" Visible="true" />	
				<Ref TextId="T_Motor_Output_Current" Value="Max. 1A" Unit="" Visible="true" /> 			
				<Ref TextId="T_Motor_Step_Resolution" Value="Max. 1/16 microstep" Unit="" Visible="true" /> 	
				<Ref TextId="T_Encoder_Mode" Value="Incremental Encoder Support" Unit="" Visible="true" /> 	 	
				<Ref TextId="T_Digital_Input_ON-state_Voltage" Value="Min. 12Vdc to Max. 28.8Vdc" Unit="" Visible="true" />
				<Ref TextId="T_Input_Impedance" Value="5.4Kohm" Unit="" Visible="true" /> 					
			</Items>
		</Specification>

		<Monitoring>
			<CommBlock InitOnly="true" Freq=""/>
		</Monitoring>

		<IOData InputLength="16" OutputLength="10">
			<Input OneChSize="8">
				<Ref TextId="T_Module_Status_Input_Data_0" ChannelType="BI" DataType="ByteArea" Length="1" Unit="" Visible="true"/>
				<Ref TextId="T_Module_Status_Input_Data_1" ChannelType="BI" DataType="ByteArea" Length="1" Unit="" Visible="true"/>
				<Ref TextId="T_Module_Status_Input_Data_2" ChannelType="BI" DataType="ByteArea" Length="1" Unit="" Visible="true"/>
				<Ref TextId="T_Input_Position_Table_Index" ChannelType="BI" DataType="ByteArea" Length="1" Unit="" Visible="true"/>
				<Ref TextId="T_Absolute_Position_Input_0/Position_Command_Parameter_0 " ChannelType="BI" DataType="ByteArea" Length="1" Unit="" Visible="true"/>
				<Ref TextId="T_Absolute_Position_Input_1/Position_Command_Parameter_1" ChannelType="BI" DataType="ByteArea" Length="1" Unit="" Visible="true"/>
				<Ref TextId="T_Absolute_Position_Input_2" ChannelType="BI" DataType="ByteArea" Length="1" Unit="" Visible="true"/>
				<Ref TextId="T_Absolute_Position_Input_3" ChannelType="BI" DataType="ByteArea" Length="1" Unit="" Visible="true"/>
				<Ref TextId="T_Actual_Speed_Input_0/Position_Command_Parameter_3" ChannelType="BI" DataType="ByteArea" Length="1" Unit="" Visible="true"/>
				<Ref TextId="T_Actual_Speed_Input_1/Position_Command_Parameter_3" ChannelType="BI" DataType="ByteArea" Length="1" Unit="" Visible="true"/>
				<Ref TextId="T_Actual_Speed_Input_2/Position_Command_Parameter_3" ChannelType="BI" DataType="ByteArea" Length="1" Unit="" Visible="true"/>
				<Ref TextId="T_Actual_Speed_Input_3/Position_Command_Parameter_3" ChannelType="BI" DataType="ByteArea" Length="1" Unit="" Visible="true"/>
				<Ref TextId="T_Digital_Input0/Encoder_Position_Input_0_byte" ChannelType="BI" DataType="ByteArea" Length="1" Unit="" Visible="true"/>
				<Ref TextId="T_Digital_Input1/Encoder_Position_Input_1_byte" ChannelType="BI" DataType="ByteArea" Length="1" Unit="" Visible="true"/>
				<Ref TextId="T_Digital_Input2/Encoder_Position_Input_2_byte" ChannelType="BI" DataType="ByteArea" Length="1" Unit="" Visible="true"/>
				<Ref TextId="T_Digital_Input3/Encoder_Position_Input_3_byte" ChannelType="BI" DataType="ByteArea" Length="1" Unit="" Visible="true"/>
			</Input>
			<Output OneChSize="8">
				<Ref TextId="T_Module_Control_Output_Data_0" ChannelType="BO" DataType="ByteArea" Length="1" Unit="" Visible="true"/>
				<Ref TextId="T_Output_Position_Table_Index" ChannelType="BO" DataType="ByteArea" Length="1" Unit="" Visible="true"/>
				<Ref TextId="T_Module_Command_Data" ChannelType="BO" DataType="ByteArea" Length="1" Unit="" Visible="true"/>
				<Ref TextId="T_Command_Parameter_Data_0" ChannelType="BO" DataType="ByteArea" Length="1" Unit="" Visible="true"/>
				<Ref TextId="T_Command_Parameter_Data_1" ChannelType="BO" DataType="ByteArea" Length="1" Unit="" Visible="true"/>
				<Ref TextId="T_Command_Parameter_Data_2" ChannelType="BO" DataType="ByteArea" Length="1" Unit="" Visible="true"/>
				<Ref TextId="T_Command_Parameter_Data_3" ChannelType="BO" DataType="ByteArea" Length="1" Unit="" Visible="true"/>
				<Ref TextId="T_Command_Parameter_Data_4" ChannelType="BO" DataType="ByteArea" Length="1" Unit="" Visible="true"/>
				<Ref TextId="T_Command_Parameter_Data_5" ChannelType="BO" DataType="ByteArea" Length="1" Unit="" Visible="true"/>
				<Ref TextId="T_Reserved" ChannelType="BO" DataType="ByteArea" Length="1" Unit="" Visible="true"/>
			</Output>
		</IOData>

		<Parameters Index="1" Length="26">
			<Name TextId="T_Module parameters"/>
			<Const Data="0x00,0x00,0x00,0x00,0x00,0x00,0x00,0x00,0x00,0x00,0x00,0x00,0x00,0x00,0x00,0x00,0x00,0x00,0x00,0x00,0x00,0x00,0x00,0x00,0x00,0x00"/>
			<Ref TextId="T_Acceleration_Current" ValueItemTarget="" DataType="Unsigned8" ByteOffset="0" BitOffset="0" Length="1" DefaultValue="0" AllowedValues="1,0,255" Changeable="true" Visible="true" />
			<Ref TextId="T_Deceleration_Current" ValueItemTarget="" DataType="Unsigned8" ByteOffset="1" BitOffset="0" Length="1" DefaultValue="0" AllowedValues="1,0,255" Changeable="true" Visible="true" />
			<Ref TextId="T_Holding_Current" ValueItemTarget="" DataType="Unsigned8" ByteOffset="2" BitOffset="0" Length="1" DefaultValue="0" AllowedValues="1,0,255" Changeable="true" Visible="true" />
			<Ref TextId="T_Running_Current" ValueItemTarget="" DataType="Unsigned8" ByteOffset="3" BitOffset="0" Length="1" DefaultValue="0" AllowedValues="1,0,255" Changeable="true" Visible="true" />
			<Ref TextId="T_Reserved" ValueItemTarget="" DataType="Unsigned8" ByteOffset="4" BitOffset="0" Length="1" DefaultValue="0" AllowedValues="0,0,0" Changeable="true" Visible="true" />
			<Ref TextId="T_Encoder/Digital_Input_Selection" ValueItemTarget="IDV_Encoder/Digital_Selection" DataType="BitArea" ByteOffset="5" BitOffset="0" Length="4" DefaultValue="0" AllowedValues="1,0,4" Changeable="true" Visible="true" />
			<Ref TextId="T_Step_mode" ValueItemTarget="IDV_Step_mode" DataType="BitArea" ByteOffset="5" BitOffset="4" Length="4" DefaultValue="0" AllowedValues="1,0,4" Changeable="true" Visible="true" />
			<Ref TextId="T_Accelation_Speed_Parameter" ValueItemTarget="" DataType="Unsigned32" ByteOffset="6" BitOffset="0" Length="1" DefaultValue="0" AllowedValues="1,0,10000000" Changeable="true" Visible="true" />
			<Ref TextId="T_Decelation_Speed_Parameter" ValueItemTarget="" DataType="Unsigned32" ByteOffset="10" BitOffset="0" Length="1" DefaultValue="0" AllowedValues="1,0,10000000" Changeable="true" Visible="true" />
			<Ref TextId="T_Maximum_Speed_Parameter" ValueItemTarget="" DataType="Unsigned32" ByteOffset="14" BitOffset="0" Length="1" DefaultValue="0" AllowedValues="1,0,10000000" Changeable="true" Visible="true" />
			<Ref TextId="T_Minimum_Speed_Parameter" ValueItemTarget="" DataType="Unsigned32" ByteOffset="18" BitOffset="0" Length="1" DefaultValue="0" AllowedValues="1,0,10000000" Changeable="true" Visible="true" />
			<Ref TextId="T_Full_Step_Speed_Parameter" ValueItemTarget="" DataType="Unsigned32" ByteOffset="22" BitOffset="0" Length="1" DefaultValue="0" AllowedValues="1,0,10000000" Changeable="true" Visible="true" />
		</Parameters>

		<!-- ============================================================================================ -->
		<!--      Value list                                                                              -->
		<!-- ============================================================================================ -->
		<ValueList> 
			<ValueItem ID="IDV_Step_mode">
				<Assign Content="0" TextId="T_Full_Step"/>
				<Assign Content="1" TextId="T_1/2_Step"/>
				<Assign Content="2" TextId="T_1/4_Step"/>
				<Assign Content="3" TextId="T_1/8_Step"/>
				<Assign Content="4" TextId="T_1/16_Step"/>
			</ValueItem>
			<ValueItem ID="IDV_Encoder/Digital_Selection">
				<Assign Content="0" TextId="T_Digital_Input"/>
				<Assign Content="1" TextId="T_Encoder_Mode(AB_Mode)"/>
			</ValueItem>
		</ValueList>	

	</DeviceInfo>


	<!-- Please, add IO modules below -->





</IOProfile>
