<?xml version="1.0" encoding="UTF-8"?>

<!--**********************************************************************
** $File: GT5642.xml 
** $Descrip: Define I/O module (GT-5642)
** $Version: 1.0.0.0 
** $Maker: CREVIS
** $History   
**   ! 2019.09.25 - v1000. First Release
 
** ******************************************************************* --> 

<IOProfile>
	<DeviceInfo ID="IDM_GT5642" DeviceID="0x5642" Category="GSPECIAL">	
		<General> 
			<Name TextId="T_GT5642"/>
			<InfoText TextId="T_INFO_GT5642"/>
			<OrderNumber Value="GT-5642"/>
			<GraphicFile Value="GT-5642"/> 
			<HelpLink Value="GT-5642.htm"/>  
			<KeySpec Value="PWM Frequency : 1~300000Hz"/> 			
			<Features AddrMapPriority="B" CanCommunication="true" FieldPwrCutoffBefore="false" FieldPwrFreeNext = "false" SystemPwrExpansion="0"/>			
		</General>
			
		<Specification>
			<HardwareVer TextId="T_HardwareVer" Value="1.00" Unit="" Visible="true"/>	 
			<PowerDissipation TextId="T_PowerDissipation" Value="75" Unit="mA" Visible="true"/>	 		<!--단위는 mA-->
			<FieldPower TextId="T_FieldPower" Value="24"  Unit="Vdc" Visible="true"/>							
			<Dimension TextId="T_Dimension" Height="99" Width="70" Value="12" Unit="mm" Visible="true"/>
			<AllowedInSlots TextId="T_AllowedInSlots" Value="1..64" Unit="" Visible="true"/>	
														
			<Items>
				<Ref TextId="T_PwmFrequency" Value="1~300000Hz ±0.5%" Unit="" Visible="true" />	
				<Ref TextId="T_PwmDuty" Value="0.0~100.0% ±1.0% (0.1%/1LSB), Ton>1us, Toff>1us" Unit="" Visible="true" /> 			
				<Ref TextId="T_NumberOfOutput" Value="2 Channel, Push-pull Type" Unit="" Visible="true" /> 	
				<Ref TextId="T_OutputCurrent" Value="0.5A/Output, 1A/All Output, short protection" Unit="" Visible="true" />
				<Ref TextId="T_FieldPowerVoltage" Value="15~32Vdc" Unit="" Visible="true" />
			</Items>
		</Specification>

		<Monitoring>
			<CommBlock InitOnly="true" Freq=""/>
		</Monitoring>

		<IOData InputLength="10" OutputLength="14">
			<Input OneChSize="8">
				<Ref TextId="T_Byte_InData_00_Ch0" ChannelType="BI" DataType="ByteArea" Length="1" Unit="" Visible="true"/>
				<Ref TextId="T_Byte_InData_01_Ch0" ChannelType="BI" DataType="ByteArea" Length="1" Unit="" Visible="true"/>
				<Ref TextId="T_Byte_InData_02_Ch0" ChannelType="BI" DataType="ByteArea" Length="1" Unit="" Visible="true"/>
				<Ref TextId="T_Byte_InData_03_Ch0" ChannelType="BI" DataType="ByteArea" Length="1" Unit="" Visible="true"/>
				<Ref TextId="T_Byte_InData_00_Ch1" ChannelType="BI" DataType="ByteArea" Length="1" Unit="" Visible="true"/>
				<Ref TextId="T_Byte_InData_01_Ch1" ChannelType="BI" DataType="ByteArea" Length="1" Unit="" Visible="true"/>
				<Ref TextId="T_Byte_InData_02_Ch1" ChannelType="BI" DataType="ByteArea" Length="1" Unit="" Visible="true"/>
				<Ref TextId="T_Byte_InData_03_Ch1" ChannelType="BI" DataType="ByteArea" Length="1" Unit="" Visible="true"/>
				<Ref TextId="T_Status_Data_00" ChannelType="BI" DataType="ByteArea" Length="1" Unit="" Visible="true"/>
				<Ref TextId="T_Status_Data_01" ChannelType="BI" DataType="ByteArea" Length="1" Unit="" Visible="true"/>				
				
			</Input>
			<Output OneChSize="8">
				<Ref TextId="T_Byte_OutData_00_Ch0" ChannelType="BO" DataType="ByteArea" Length="1" Unit="" Visible="true"/>
				<Ref TextId="T_Byte_OutData_01_Ch0" ChannelType="BO" DataType="ByteArea" Length="1" Unit="" Visible="true"/>
				<Ref TextId="T_Byte_OutData_00_Ch1" ChannelType="BO" DataType="ByteArea" Length="1" Unit="" Visible="true"/>
				<Ref TextId="T_Byte_OutData_01_Ch1" ChannelType="BO" DataType="ByteArea" Length="1" Unit="" Visible="true"/>
				<Ref TextId="T_Byte_OutData_02_Ch0" ChannelType="BO" DataType="ByteArea" Length="1" Unit="" Visible="true"/>
				<Ref TextId="T_Byte_OutData_03_Ch0" ChannelType="BO" DataType="ByteArea" Length="1" Unit="" Visible="true"/>
				<Ref TextId="T_Byte_OutData_04_Ch0" ChannelType="BO" DataType="ByteArea" Length="1" Unit="" Visible="true"/>
				<Ref TextId="T_Byte_OutData_05_Ch0" ChannelType="BO" DataType="ByteArea" Length="1" Unit="" Visible="true"/>		
				<Ref TextId="T_Byte_OutData_02_Ch1" ChannelType="BO" DataType="ByteArea" Length="1" Unit="" Visible="true"/>
				<Ref TextId="T_Byte_OutData_03_Ch1" ChannelType="BO" DataType="ByteArea" Length="1" Unit="" Visible="true"/>
				<Ref TextId="T_Byte_OutData_04_Ch1" ChannelType="BO" DataType="ByteArea" Length="1" Unit="" Visible="true"/>
				<Ref TextId="T_Byte_OutData_05_Ch1" ChannelType="BO" DataType="ByteArea" Length="1" Unit="" Visible="true"/>					
				<Ref TextId="T_Ctrl_Data_00" ChannelType="BO" DataType="ByteArea" Length="1" Unit="" Visible="true"/>
				<Ref TextId="T_Ctrl_Data_01" ChannelType="BO" DataType="ByteArea" Length="1" Unit="" Visible="true"/>				
			</Output>
		</IOData> 

		<Parameters Index="1" Length="4">
			<Name TextId="T_Module parameters"/>
			<Const Data="0x00,0x00,0x00,0x00"/>
			<Ref TextId="T_CH0_Acc_Value_0" ValueItemTarget="" DataType="ByteArea" ByteOffset="0" BitOffset="0" Length="1" DefaultValue="0" AllowedValues="" Changeable="true" Visible="true" />
			<Ref TextId="T_CH0_Acc_Value_1" ValueItemTarget="" DataType="ByteArea" ByteOffset="1" BitOffset="0" Length="1" DefaultValue="0" AllowedValues="" Changeable="true" Visible="true" />
			<Ref TextId="T_CH1_Acc_Value_0" ValueItemTarget="" DataType="ByteArea" ByteOffset="2" BitOffset="0" Length="1" DefaultValue="0" AllowedValues="" Changeable="true" Visible="true" />
			<Ref TextId="T_CH1_Acc_Value_1" ValueItemTarget="" DataType="ByteArea" ByteOffset="3" BitOffset="0" Length="1" DefaultValue="0" AllowedValues="" Changeable="true" Visible="true" />
			<!-- Please, add parameter below --> 
			
		</Parameters>


		<!-- Diag 정의 --> 
		
	</DeviceInfo>
		

	<!-- Please, add IO modules below --> 
	
	 
		
		
 
</IOProfile>
