<?xml version="1.0" encoding="UTF-8"?>

<!--**********************************************************************
** $File: GT5914.xml 
** $Descrip: Define I/O module (GT-5914)
** $Version: 1.0.0.0 
** $Maker: CREVIS
** $History   
**   ! 2017.07.21 - v1000. First Release
 
** ******************************************************************* --> 

<IOProfile>
	<DeviceInfo ID="IDM_GT5914" DeviceID="0x5914" Category="GSpecial">	
		<General> 
			<Name TextId="T_GT5914"/>
			<InfoText TextId="T_INFO_GT5914"/>
			<OrderNumber Value="GT-5914"/>
			<GraphicFile Value="GT-5914"/> 
			<HelpLink Value="GT-5914.htm"/>
			<KeySpec Value="4 Channels, Current Input Range 4~20mA, 15bit HART"/>
			<Features AddrMapPriority="A" CanCommunication="true" FieldPwrCutoffBefore="false" FieldPwrFreeNext = "false" SystemPwrExpansion="0"/>
		</General>
			
		<Specification>
			<HardwareVer TextId="T_HardwareVer" Value="1.00" Unit="" Visible="false"/>	 
			<PowerDissipation TextId="T_PowerDissipation" Value="30" Unit="mA" Visible="true"/>	 		<!--단위는 mA-->
			<FieldPower TextId="T_FieldPower" Value="24"  Unit="Vdc" Visible="true"/>									
			<Dimension TextId="T_Dimension" Height="99" Width="70" Value="12" Unit="mm" Visible="true"/>
			<AllowedInSlots TextId="T_AllowedInSlots" Value="1..64" Unit="" Visible="true"/>	
														
			<Items>
				<Ref TextId="T_ResolutionRanges" Value="15Bits : 0.49uA/Bit(4~20mA)" Unit="" Visible="true" /> 			
				<Ref TextId="T_InputCurrentRange" Value="4~20mA" Unit="" Visible="true" /> 	
				<Ref TextId="T_InputImpedance" Value="267ohm" Unit="" Visible="true" /> 	 
			</Items>
		</Specification> 
			
		<Monitoring>
			<CommBlock InitOnly="true" Freq=""/>
		</Monitoring>
 
		<IOData InputLength="24" OutputLength="4">
			<Input OneChSize="16">
				<Ref TextId="T_AI_Data_00" ChannelType="AI" Conversion="Linear:0,32767,4,20" DataType="Float16" Length="1" Unit="mA" Visible="true"/>
				<Ref TextId="T_AI_Data_01" ChannelType="AI" Conversion="Linear:0,32767,4,20" DataType="Float16" Length="1" Unit="mA" Visible="true"/>
				<Ref TextId="T_AI_Data_02" ChannelType="AI" Conversion="Linear:0,32767,4,20" DataType="Float16" Length="1" Unit="mA" Visible="true"/>
				<Ref TextId="T_AI_Data_03" ChannelType="AI" Conversion="Linear:0,32767,4,20" DataType="Float16" Length="1" Unit="mA" Visible="true"/>
				<Ref TextId="T_Variable_Data0_LL" ChannelType="BI" DataType="ByteArea" Length="1" Unit="" Visible="true"/>
				<Ref TextId="T_Variable_Data0_LH" ChannelType="BI" DataType="ByteArea" Length="1" Unit="" Visible="true"/>
				<Ref TextId="T_Variable_Data0_HL" ChannelType="BI" DataType="ByteArea" Length="1" Unit="" Visible="true"/>
				<Ref TextId="T_Variable_Data0_HH" ChannelType="BI" DataType="ByteArea" Length="1" Unit="" Visible="true"/>
				<Ref TextId="T_Variable_Data1_LL" ChannelType="BI" DataType="ByteArea" Length="1" Unit="" Visible="true"/>
				<Ref TextId="T_Variable_Data1_LH" ChannelType="BI" DataType="ByteArea" Length="1" Unit="" Visible="true"/>
				<Ref TextId="T_Variable_Data1_HL" ChannelType="BI" DataType="ByteArea" Length="1" Unit="" Visible="true"/>
				<Ref TextId="T_Variable_Data1_HH" ChannelType="BI" DataType="ByteArea" Length="1" Unit="" Visible="true"/>
				<Ref TextId="T_Variable_Data2_LL" ChannelType="BI" DataType="ByteArea" Length="1" Unit="" Visible="true"/>
				<Ref TextId="T_Variable_Data2_LH" ChannelType="BI" DataType="ByteArea" Length="1" Unit="" Visible="true"/>
				<Ref TextId="T_Variable_Data2_HL" ChannelType="BI" DataType="ByteArea" Length="1" Unit="" Visible="true"/>
				<Ref TextId="T_Variable_Data2_HH" ChannelType="BI" DataType="ByteArea" Length="1" Unit="" Visible="true"/>
				<Ref TextId="T_Variable_Data3_LL" ChannelType="BI" DataType="ByteArea" Length="1" Unit="" Visible="true"/>
				<Ref TextId="T_Variable_Data3_LH" ChannelType="BI" DataType="ByteArea" Length="1" Unit="" Visible="true"/>
				<Ref TextId="T_Variable_Data3_HL" ChannelType="BI" DataType="ByteArea" Length="1" Unit="" Visible="true"/>
				<Ref TextId="T_Variable_Data3_HH" ChannelType="BI" DataType="ByteArea" Length="1" Unit="" Visible="true"/>
			</Input>
			<Output OneChSize="8">
				<Ref TextId="T_VariableData_ch_Data_Sel" ChannelType="BO" DataType="ByteArea" Length="1" Unit="" Visible="true"/>
				<Ref TextId="T_VariableData_ch_Data_Sel" ChannelType="BO" DataType="ByteArea" Length="1" Unit="" Visible="true"/>
				<Ref TextId="T_Reserved" ChannelType="BO" DataType="ByteArea" Length="1" Unit="" Visible="true"/>
				<Ref TextId="T_Reserved" ChannelType="BO" DataType="ByteArea" Length="1" Unit="" Visible="true"/>
			</Output>
		</IOData>

		<Parameters Index="1" Length="4">
			<Name TextId="T_Module parameters"/>
			<Const Data="0x00,0x00,0x00,0x00"/>
			<Ref TextId="T_Retry_Time" ValueItemTarget="" DataType="BitArea" ByteOffset="0" BitOffset="0" Length="7" DefaultValue="0" AllowedValues="1,5,10" Changeable="true" Visible="true" />
			<Ref TextId="T_Hart_Mode" ValueItemTarget="IDV_Hart_Mode" DataType="Bit" ByteOffset="0" BitOffset="7" Length="1" DefaultValue="0" AllowedValues="1,0,1" Changeable="true" Visible="true" />
			<Ref TextId="T_Hart_Filter_Time" ValueItemTarget="" DataType="ByteArea" ByteOffset="1" BitOffset="0" Length="1" DefaultValue="0" AllowedValues="" Changeable="true" Visible="true" />
			<Ref TextId="T_Reserved" ValueItemTarget="" DataType="ByteArea" ByteOffset="2" BitOffset="0" Length="1" DefaultValue="0" AllowedValues="" Changeable="true" Visible="true" />
			<Ref TextId="T_Reserved" ValueItemTarget="" DataType="ByteArea" ByteOffset="3" BitOffset="0" Length="1" DefaultValue="0" AllowedValues="" Changeable="true" Visible="true" />
			<!-- Please, add parameter below --> 	
		</Parameters> 
		<!-- ============================================================================================ -->
		<!--      Value list                                                                              -->
		<!-- ============================================================================================ -->
		
		<ValueList>
			<ValueItem ID="IDV_Hart_Mode">
				<Assign Content="0" TextId="T_Basic_Mode"/>
				<Assign Content="1" TextId="T_Extend_Mode"/>
			</ValueItem>
		</ValueList>
		<!-- Diag 정의 --> 
		
	</DeviceInfo>
		

	<!-- Please, add IO modules below --> 
	
	 
		
		
 
</IOProfile>
