﻿<?xml version="1.0" encoding="UTF-8"?>

<!--**********************************************************************
** $File: MT4118.xml 
** $Descrip: Define I/O module (M4118)
** $Version: 1.0.0.0 
** $Maker: CREVIS
** $History   
**   ! 2009.05.10 - v1000. First Release
 
** ******************************************************************* --> 

<IOProfile>
	<DeviceInfo ID="IDM_MT4118" DeviceID="0x4118" Category="MAO">	
		<General> 
			<Name TextId="T_MT4118"/>
			<InfoText TextId="T_INFO_MT4118"/>
			<OrderNumber Value="M4118"/>
			<GraphicFile Value="MT4118"/> 
			<HelpLink Value="MT4118.htm"/>  
			<KeySpec Value="8 CHANNELS CURRENT OUTPUT, 0~20MA, 12BIT"/> 			
			<Features AddrMapPriority="A" CanCommunication="true" FieldPwrCutoffBefore="false" FieldPwrFreeNext = "false" SystemPwrExpansion="0"/>			
		</General>
			
		<Specification>
			<HardwareVer TextId="T_HardwareVer" Value="1.00" Unit="" Visible="false"/>	 
			<PowerDissipation TextId="T_PowerDissipation" Value="30" Unit="mA" Visible="true"/>	 		<!--단위는 mA-->
			<FieldPower TextId="T_FieldPower" Value="24"  Unit="Vdc" Visible="true"/>							
			<Dimension TextId="T_Dimension" Height="110" Width="75" Value="12" Unit="mm" Visible="true"/>
			<AllowedInSlots TextId="T_AllowedInSlots" Value="1..64" Unit="" Visible="true"/>	
														
			<Items>
				<Ref TextId="T_FieldPowerRange" Value="24Vdc nominal. 18~32Vdc" Unit="" Visible="true" />	
				<Ref TextId="T_ResolutionRanges" Value="12Bits : 4.88uA/Bit" Unit="" Visible="true" /> 			
				<Ref TextId="T_OutputCurrentRange" Value="0 ~ 20mA" Unit="" Visible="true" /> 	
				<Ref TextId="T_LoadImpedance" Value="Min. 100ohm, Max. 250ohm" Unit="" Visible="true" /> 	 	
			</Items>
		</Specification>

		<Monitoring>
			<CommBlock InitOnly="true" Freq=""/>
		</Monitoring>

		<IOData InputLength="0" OutputLength="16">
			<Output OneChSize="16">
				<Ref TextId="T_AO_Data_00" ChannelType="AO" Conversion="Linear:0,4095,0,20" DataType="Float16" Length="1" Unit="mA" Visible="true"/>
				<Ref TextId="T_AO_Data_01" ChannelType="AO" Conversion="Linear:0,4095,0,20" DataType="Float16" Length="1" Unit="mA" Visible="true"/>
				<Ref TextId="T_AO_Data_02" ChannelType="AO" Conversion="Linear:0,4095,0,20" DataType="Float16" Length="1" Unit="mA" Visible="true"/>
				<Ref TextId="T_AO_Data_03" ChannelType="AO" Conversion="Linear:0,4095,0,20" DataType="Float16" Length="1" Unit="mA" Visible="true"/>										
				<Ref TextId="T_AO_Data_04" ChannelType="AO" Conversion="Linear:0,4095,0,20" DataType="Float16" Length="1" Unit="mA" Visible="true"/>										
				<Ref TextId="T_AO_Data_05" ChannelType="AO" Conversion="Linear:0,4095,0,20" DataType="Float16" Length="1" Unit="mA" Visible="true"/>										
				<Ref TextId="T_AO_Data_06" ChannelType="AO" Conversion="Linear:0,4095,0,20" DataType="Float16" Length="1" Unit="mA" Visible="true"/>										
				<Ref TextId="T_AO_Data_07" ChannelType="AO" Conversion="Linear:0,4095,0,20" DataType="Float16" Length="1" Unit="mA" Visible="true"/>										
			</Output>
		</IOData>

		<Parameters Index="1" Length="4">
			<Name TextId="T_Module parameters"/>
			<Const Data="0x00,0x00,0x00,0x00"/>
			<Ref TextId="T_REF_Fault_Action_ch0" ValueItemTarget="IDV_Fault_Action_4" DataType="BitArea" ByteOffset="0" BitOffset="0" Length="2" DefaultValue="0" AllowedValues="1,0,3" Changeable="true" Visible="true" />
			<Ref TextId="T_REF_Fault_Action_ch1" ValueItemTarget="IDV_Fault_Action_4" DataType="BitArea" ByteOffset="0" BitOffset="2" Length="2" DefaultValue="0" AllowedValues="1,0,3" Changeable="true" Visible="true" />
			<Ref TextId="T_REF_Fault_Action_ch2" ValueItemTarget="IDV_Fault_Action_4" DataType="BitArea" ByteOffset="0" BitOffset="4" Length="2" DefaultValue="0" AllowedValues="1,0,3" Changeable="true" Visible="true" />
			<Ref TextId="T_REF_Fault_Action_ch3" ValueItemTarget="IDV_Fault_Action_4" DataType="BitArea" ByteOffset="0" BitOffset="6" Length="2" DefaultValue="0" AllowedValues="1,0,3" Changeable="true" Visible="true" />
			<Ref TextId="T_REF_Fault_Action_ch4" ValueItemTarget="IDV_Fault_Action_4" DataType="BitArea" ByteOffset="1" BitOffset="0" Length="2" DefaultValue="0" AllowedValues="1,0,3" Changeable="true" Visible="true" />
			<Ref TextId="T_REF_Fault_Action_ch5" ValueItemTarget="IDV_Fault_Action_4" DataType="BitArea" ByteOffset="1" BitOffset="2" Length="2" DefaultValue="0" AllowedValues="1,0,3" Changeable="true" Visible="true" />
			<Ref TextId="T_REF_Fault_Action_ch6" ValueItemTarget="IDV_Fault_Action_4" DataType="BitArea" ByteOffset="1" BitOffset="4" Length="2" DefaultValue="0" AllowedValues="1,0,3" Changeable="true" Visible="true" />
			<Ref TextId="T_REF_Fault_Action_ch7" ValueItemTarget="IDV_Fault_Action_4" DataType="BitArea" ByteOffset="1" BitOffset="6" Length="2" DefaultValue="0" AllowedValues="1,0,3" Changeable="true" Visible="true" />
      <Ref TextId="T_REF_SubstituteValue_4pt" ValueItemTarget="" DataType="Unsigned16" ByteOffset="2" BitOffset="0" Length="1" DefaultValue="0" AllowedValues="1,0,4095" Changeable="true" Visible="true" />
			<!-- Please, add parameter below --> 
			
		</Parameters>
		
		<!-- ============================================================================================ -->
		<!--      Value list                                                                              -->
		<!-- ============================================================================================ -->
		<ValueList> 
			<ValueItem ID="IDV_Fault_Action_4"> 
				<Assign Content="0" TextId="T_FaultValue"/>
				<Assign Content="1" TextId="T_HoldLastState"/>
				<Assign Content="2" TextId="T_Lowlimit"/>
				<Assign Content="3" TextId="T_Highlimit"/>
			</ValueItem>
		</ValueList>	
		
		<!-- Diag 정의 --> 
		
	</DeviceInfo>
		

	<!-- Please, add IO modules below --> 
	
	 
		
		
 
</IOProfile>
