<?xml version="1.0" encoding="UTF-8"?>

<!--**********************************************************************
** $File: MT5112.xml 
** $Descrip: Define I/O module (M5112)
** $Version: 1.0.0.0 
** $Maker: CREVIS
** $History   
**   ! 2019.04.30 - v1000. First Release
 
** ******************************************************************* --> 

<IOProfile>
	<DeviceInfo ID="IDM_MT5112" DeviceID="0x5112" Category="MSPECIAL">	
		<General> 
			<Name TextId="T_MT5112"/>
			<InfoText TextId="T_INFO_MT5112"/>
			<OrderNumber Value="M5112"/>
			<GraphicFile Value="MT5112"/> 
			<HelpLink Value="MT5112.htm"/>  
			<KeySpec Value="Input Frequency : 0~300KHz"/> 			
			<Features AddrMapPriority="B" CanCommunication="true" FieldPwrCutoffBefore="false" FieldPwrFreeNext = "false" SystemPwrExpansion="0"/>			
		</General>
			
		<Specification>
			<HardwareVer TextId="T_HardwareVer" Value="1.00" Unit="" Visible="true"/>	 
			<PowerDissipation TextId="T_PowerDissipation" Value="100" Unit="mA" Visible="true"/>	 		<!--단위는 mA-->
			<FieldPower TextId="T_FieldPower" Value="24"  Unit="Vdc" Visible="true"/>							
			<Dimension TextId="T_Dimension" Height="110" Width="75" Value="12" Unit="mm" Visible="true"/>
			<AllowedInSlots TextId="T_AllowedInSlots" Value="1..64" Unit="" Visible="true"/>	
														
			<Items>
				<Ref TextId="T_InputVoltage" Value="24Vdc" Unit="" Visible="true" />	
				<Ref TextId="T_InputFrequency" Value="0~300KHz" Unit="" Visible="true" /> 			
				<Ref TextId="T_NumberOfOutput" Value="2 Channel, Source Type" Unit="" Visible="true" /> 	
				<Ref TextId="T_OutputCurrent" Value="0.5A/Ch, 1A/All Channel,short protection" Unit="" Visible="true" />
				<Ref TextId="T_FieldPowerVoltage" Value="15~32Vdc" Unit="" Visible="true" />
			</Items>
		</Specification>

		<Monitoring>
			<CommBlock InitOnly="true" Freq=""/>
		</Monitoring>

		<IOData InputLength="8" OutputLength="2">
			<Input OneChSize="8">
				<Ref TextId="T_HSC_InData_00" ChannelType="BI" DataType="ByteArea" Length="1" Unit="" Visible="true"/>
				<Ref TextId="T_HSC_InData_01" ChannelType="BI" DataType="ByteArea" Length="1" Unit="" Visible="true"/>
				<Ref TextId="T_HSC_InData_02" ChannelType="BI" DataType="ByteArea" Length="1" Unit="" Visible="true"/>
				<Ref TextId="T_HSC_InData_03" ChannelType="BI" DataType="ByteArea" Length="1" Unit="" Visible="true"/>
				<Ref TextId="T_HSC_InData_04" ChannelType="BI" DataType="ByteArea" Length="1" Unit="" Visible="true"/>
				<Ref TextId="T_HSC_InData_05" ChannelType="BI" DataType="ByteArea" Length="1" Unit="" Visible="true"/>
				<Ref TextId="T_HSC_InData_06" ChannelType="BI" DataType="ByteArea" Length="1" Unit="" Visible="true"/>
				<Ref TextId="T_HSC_InData_07" ChannelType="BI" DataType="ByteArea" Length="1" Unit="" Visible="true"/>				
			</Input>
			<Output OneChSize="8">
				<Ref TextId="T_HSC_Ctrl_Data_00" ChannelType="BO" DataType="ByteArea" Length="1" Unit="" Visible="true"/>
				<Ref TextId="T_HSC_Ctrl_Data_01" ChannelType="BO" DataType="ByteArea" Length="1" Unit="" Visible="true"/>
			</Output>
		</IOData> 

		<Parameters/>

		<!-- Diag 정의 --> 
		
	</DeviceInfo>
		

	<!-- Please, add IO modules below --> 
	
	 
		
		
 
</IOProfile>
