<?xml version="1.0" encoding="UTF-8"?>

<!--**********************************************************************
** $File: M7001.xml 
** $Descrip: Define I/O module (M7001)
** $Version: 1.0.0.0 
** $Maker: CREVIS
** $History   
**   ! 2019.03.25 - v1000. First Release
 
** ******************************************************************* --> 

<IOProfile>
	<DeviceInfo ID="IDM_MT7001_PRI" DeviceID="0x7001" Category="MPower">	
		<General> 
			<Name TextId="T_MT7001_PRI"/>
			<InfoText TextId="T_INFO_MT7001_PRI"/>
			<OrderNumber Value="M7001"/>
			<GraphicFile Value="MT7001"/> 
			<HelpLink Value="M7001.htm"/> 
			<KeySpec Value="PExpansion Power Supply"/> 			
			<Features AddrMapPriority="A" CanCommunication="true" FieldPwrCutoffBefore="true" FieldPwrFreeNext = "true" SystemPwrExpansion="2000"/>			
		</General>
			
		<Specification>
			<HardwareVer TextId="T_HardwareVer" Value="2.00" Unit="" Visible="true"/>	 
			<PowerDissipation TextId="T_PowerDissipation" Value="30" Unit="mA" Visible="true"/>	 		<!--단위는 mA-->
			<FieldPower TextId="T_FieldPower" Value=""  Unit="Vdc" Visible="true"/>							
			<Dimension TextId="T_Dimension" Height="110" Width="75" Value="12" Unit="mm" Visible="true"/>
			<AllowedInSlots TextId="T_AllowedInSlots" Value="1..64" Unit="" Visible="true"/>	
														
			<Items>
				<Ref TextId="T_FieldPowerVoltage" Value="24Vdc, 0V" Unit="" Visible="true" />
				<Ref TextId="T_ContactCurrent" Value="Max 10A" Unit="" Visible="true" />
				<Ref TextId="T_Indicators" Value="1 Green4 LED, Module Sataus" Unit="" Visible="true" />
				<Ref TextId="T_OperatingTemper" Value="-40 to +70°C" Unit="" Visible="true" />
				<Ref TextId="T_StorageTemper" Value="" Unit="" Visible="false" />
			</Items>
		</Specification>

		<Monitoring>
			<CommBlock InitOnly="true" Freq=""/>
		</Monitoring>

    <IOData InputLength="1" OutputLength="0">
      <Input OneChSize="1">
        <Ref TextId="T_DI" ChannelType="DI" DataType="BitArea" Length="8" Unit="" Visible="false"/>
      </Input>
    </IOData>
		<Parameters/>
		
		<!-- Diag 정의 --> 
		
	</DeviceInfo>
		

	<!-- Please, add IO modules below --> 
	
	 
		
		
 
</IOProfile>
