<?xml version="1.0" encoding="UTF-8"?>

<!--**********************************************************************
** $File: ST1804.xml 
** $Descrip: Define I/O module (ST-1804)
** $Version: 1.0.0.0 
** $Maker: CREVIS
** $History   
**   ! 2009.05.10 - v1000. First Release
 
** ******************************************************************* --> 

<IOProfile>
	<DeviceInfo ID="IDM_ST1804" DeviceID="0x09" Category="SDI">	
		<General> 
			<Name TextId="T_ST1804"/>
			<InfoText TextId="T_INFO_ST1804"/>
			<OrderNumber Value="ST-1804"/>
			<GraphicFile Value="ST-1804"/>
			<HelpLink Value="ST-1804.htm"/>  
			<KeySpec Value="ON-state Voltage: 120Vac nominal. Min. 85Vac to Max. 132Vac"/> 
			<Features AddrMapPriority="4" CanCommunication="true" FieldPwrCutoffBefore="false" FieldPwrFreeNext = "false" SystemPwrExpansion="0"/>
		</General>

		<Specification>
			<HardwareVer TextId="T_HardwareVer" Value="2.00" Unit="" Visible="true"/>
			<PowerDissipation TextId="T_PowerDissipation" Value="35" Unit="mA" Visible="true"/>	 		<!--단위는 mA-->
			<FieldPower TextId="T_FieldPower" Value="120"  Unit="Vac" Visible="true"/>
			<Dimension TextId="T_Dimension" Height="99" Width="70" Value="12" Unit="mm" Visible="true"/>
			<AllowedInSlots TextId="T_AllowedInSlots" Value="1..32" Unit="" Visible="true"/>	

			<Items>
				<Ref TextId="T_FieldPowerRange" Value="120Vac nominal. 85~132Vac" Unit="" Visible="true" />	
				<Ref TextId="T_ONStateVoltage" Value="120Vac nominal. Min. 85Vac to Max. 132Vac" Unit="" Visible="true" />
				<Ref TextId="T_MinOffStateVoltage" Value="Max. 45Vac" Unit="" Visible="true" />										
				<Ref TextId="T_OnStateCurrent" Value="Max. 8mA / point @132Vac" Unit="" Visible="true" /> 
				<Ref TextId="T_Notice" Value="You have to use absolutely the Power Distributor when you want to use 110VAC." Unit="" Visible="true" />
			</Items>
		</Specification>
			
		<Monitoring>
			<CommBlock InitOnly="true" Freq=""/>
		</Monitoring>

		<IOData InputLength="1" OutputLength="0">
			<Input OneChSize="1">
				<Ref TextId="T_DI" ChannelType="DI" DataType="BitArea" Length="4" Unit="" Visible="true"/>
			</Input>
		</IOData>

		<Parameters/>
		
		<!-- Diag 정의 --> 
		
	</DeviceInfo>
		

	<!-- Please, add IO modules below --> 
	
	 
		
		
 
</IOProfile>
