<?xml version="1.0" encoding="UTF-8"?>

<!--**********************************************************************
** $File: ST2414.xml 
** $Descrip: Define I/O module (ST-2414)
** $Version: 1.0.0.0 
** $Maker: CREVIS
** $History   
**   ! 2009.05.10 - v1000. First Release
 
** ******************************************************************* --> 

<IOProfile>
	<DeviceInfo ID="IDM_ST2414" DeviceID="0x37" Category="SDO">	
		<General> 
			<Name TextId="T_ST2414"/>
			<InfoText TextId="T_INFO_ST2414"/>
			<OrderNumber Value="ST-2414"/>
			<GraphicFile Value="ST-2414"/>
			<HelpLink Value="ST-2414.htm"/>  
			<KeySpec Value="ON-state Voltage: 24Vdc nominal. Min. 11Vdc to Max. 28.8Vdc"/> 			
			<Features AddrMapPriority="4" CanCommunication="true" FieldPwrCutoffBefore="false" FieldPwrFreeNext = "false" SystemPwrExpansion="0"/>			 
		</General>
			
		<Specification>
			<HardwareVer TextId="T_HardwareVer" Value="2.00" Unit="" Visible="true"/>	 
			<PowerDissipation TextId="T_PowerDissipation" Value="45" Unit="mA" Visible="true"/>	 		<!--단위는 mA-->
			<FieldPower TextId="T_FieldPower" Value="24"  Unit="Vdc" Visible="true"/>			
			<Dimension TextId="T_Dimension" Height="99" Width="70" Value="12" Unit="mm" Visible="true"/>
			<AllowedInSlots TextId="T_AllowedInSlots" Value="1..32" Unit="" Visible="true"/>	
														
			<Items>
				<Ref TextId="T_FieldPowerRange" Value="11~28.8Vdc" Unit="" Visible="true" />	
				<Ref TextId="T_OutputVoltageRange" Value="24Vdc nominal, Min. 11Vdc to Max. 28.8Vdc" Unit="" Visible="true" />
				<Ref TextId="T_OutputCurrentRating" Value="Max. 0.5A Per Channel. Max. 2.0A All Common" Unit="" Visible="true" />
      </Items>
		</Specification>
			
		<Monitoring>
			<CommBlock InitOnly="true" Freq=""/>
		</Monitoring>

		<IOData InputLength="1" OutputLength="1">
      <Input OneChSize="1">	
				<Ref TextId="T_DI" ChannelType="DI" DataType="BitArea" Length="4" Unit="" Visible="true"/>
      </Input>
			<Output OneChSize="1">
				<Ref TextId="T_DO" ChannelType="DO" DataType="BitArea" Length="4" Unit="" Visible="true"/>
			</Output>
		</IOData>

		<Parameters Index="1" Length="2">
			<Name TextId="T_Module parameters"/>
			<Const Data="0x00,0x00"/>
			<Ref TextId="T_REF_Fault_Action_ch0" ValueItemTarget="IDV_Fault_Action_4" DataType="Bit" ByteOffset="0" BitOffset="0" Length="1" DefaultValue="0" AllowedValues="1,0,1" Changeable="true" Visible="true" />
      <Ref TextId="T_REF_Fault_Action_ch1" ValueItemTarget="IDV_Fault_Action_4" DataType="Bit" ByteOffset="0" BitOffset="1" Length="1" DefaultValue="0" AllowedValues="1,0,1" Changeable="true" Visible="true" />
      <Ref TextId="T_REF_Fault_Action_ch2" ValueItemTarget="IDV_Fault_Action_4" DataType="Bit" ByteOffset="0" BitOffset="2" Length="1" DefaultValue="0" AllowedValues="1,0,1" Changeable="true" Visible="true" />
      <Ref TextId="T_REF_Fault_Action_ch3" ValueItemTarget="IDV_Fault_Action_4" DataType="Bit" ByteOffset="0" BitOffset="3" Length="1" DefaultValue="0" AllowedValues="1,0,1" Changeable="true" Visible="true" />
			<Ref TextId="T_REF_SubstituteValue_ch0" ValueItemTarget="IDV_SubstituteValue_4" DataType="Bit" ByteOffset="1" BitOffset="0" Length="1" DefaultValue="0" AllowedValues="1,0,1" Changeable="true" Visible="true" />
			<Ref TextId="T_REF_SubstituteValue_ch1" ValueItemTarget="IDV_SubstituteValue_4" DataType="Bit" ByteOffset="1" BitOffset="1" Length="1" DefaultValue="0" AllowedValues="1,0,1" Changeable="true" Visible="true" />
			<Ref TextId="T_REF_SubstituteValue_ch2" ValueItemTarget="IDV_SubstituteValue_4" DataType="Bit" ByteOffset="1" BitOffset="2" Length="1" DefaultValue="0" AllowedValues="1,0,1" Changeable="true" Visible="true" />
			<Ref TextId="T_REF_SubstituteValue_ch3" ValueItemTarget="IDV_SubstituteValue_4" DataType="Bit" ByteOffset="1" BitOffset="3" Length="1" DefaultValue="0" AllowedValues="1,0,1" Changeable="true" Visible="true" />
			<!-- Please, add parameter below --> 
			
		</Parameters>
		
		<!-- ============================================================================================ -->
		<!--      Value list                                                                              -->
		<!-- ============================================================================================ -->
		<ValueList> 
			<ValueItem ID="IDV_Fault_Action_4"> 
				<Assign Content="0" TextId="T_Safe"/>
				<Assign Content="1" TextId="T_HoldLastState"/>
			</ValueItem>
			<ValueItem ID="IDV_SubstituteValue_4">
			  <Assign Content="0" TextId="T_OFF"/>
			  <Assign Content="1" TextId="T_ON"/>
			</ValueItem>
		</ValueList>	
		
		<!-- Diag 정의 --> 
		
	</DeviceInfo>
		

	<!-- Please, add IO modules below --> 
	
	 
		
		
 
</IOProfile>
