<?xml version="1.0" encoding="UTF-8"?>

<!--**********************************************************************
** $File: ST2792.xml 
** $Descrip: Define I/O module (ST-2792)
** $Version: 1.0.0.0 
** $Maker: CREVIS
** $History   
**   ! 2009.05.10 - v1000. First Release
 
** ******************************************************************* --> 

<IOProfile>
	<DeviceInfo ID="IDM_ST2792" DeviceID="0xBE" Category="SDO">	
		<General> 
			<Name TextId="T_ST2792"/>
			<InfoText TextId="T_INFO_ST2792"/>
			<OrderNumber Value="ST-2792"/>
			<GraphicFile Value="ST-2792"/> 
			<HelpLink Value="ST-2792.htm"/>					
			<KeySpec Value="Output Voltage: 5~28.8,48Vdc 110,250Vac"/> 			
			<Features AddrMapPriority="2" CanCommunication="true" FieldPwrCutoffBefore="false" FieldPwrFreeNext = "false" SystemPwrExpansion="0"/>			 
		</General>
			
		<Specification>
			<HardwareVer TextId="T_HardwareVer" Value="1.00" Unit="" Visible="true"/>	 
			<PowerDissipation TextId="T_PowerDissipation" Value="69" Unit="mA" Visible="true"/>	 		<!--단위는 mA-->
			<FieldPower TextId="T_FieldPower" Value="24"  Unit="Vdc" Visible="true"/>			
			<Dimension TextId="T_Dimension" Height="99" Width="70" Value="12" Unit="mm" Visible="true"/>
			<AllowedInSlots TextId="T_AllowedInSlots" Value="1..32" Unit="" Visible="true"/>

			<Items>
				<Ref TextId="T_FieldPowerRange" Value="10~28.8Vdc" Unit="" Visible="true" />	
				<Ref TextId="T_RelayType" Value="Form A, normally open (N.O.) Single Pole, Single Throw (SPST)" Unit="" Visible="true" />
				<Ref TextId="T_OutputRatingDc" Value="[2A @ 5~28.8Vdc]    [0.8A @ 48Vdc]" Unit="" Visible="true" />
				<Ref TextId="T_OutputRatingAc" Value="[0.5A @ 110Vac]      [2A @ 250Vac]" Unit="" Visible="true" />
				<Ref TextId="T_Notice" Value="You have to use absolutely the Power Distributor when you want to use Relay" Unit="" Visible="true" />
      </Items>
		</Specification>
			
		<Monitoring>
			<CommBlock InitOnly="true" Freq=""/>
		</Monitoring>

		<IOData InputLength="2" OutputLength="1">
      <Input OneChSize="1">
				<Ref TextId="T_AutoManual" ChannelType="DI" DataType="BitArea" Length="2" Unit="" Visible="true"/>
				<Ref TextId="T_DI" ChannelType="DI" DataType="BitArea" Length="2" Unit="" Visible="true"/>
				<Ref TextId="T_REF_Reserved_Bit" ChannelType="DI" DataType="BitArea" Length="8" Unit="" Visible="false"/>
     </Input>
			<Output OneChSize="1">
				<Ref TextId="T_DO" ChannelType="DO" DataType="BitArea" Length="2" Unit="" Visible="true"/>
			</Output>
		</IOData>

		<Parameters Index="1" Length="2">
			<Name TextId="T_Module parameters"/>
			<Const Data="0x00,0x00"/>
			<Ref TextId="T_REF_Fault_Action_ch0" ValueItemTarget="IDV_Fault_Action_2" DataType="Bit" ByteOffset="0" BitOffset="0" Length="1" DefaultValue="0" AllowedValues="1,0,1" Changeable="true" Visible="true" />
      <Ref TextId="T_REF_Fault_Action_ch1" ValueItemTarget="IDV_Fault_Action_2" DataType="Bit" ByteOffset="0" BitOffset="1" Length="1" DefaultValue="0" AllowedValues="1,0,1" Changeable="true" Visible="true" />
			<Ref TextId="T_REF_SubstituteValue_ch0" ValueItemTarget="IDV_SubstituteValue_2" DataType="Bit" ByteOffset="1" BitOffset="0" Length="1" DefaultValue="0" AllowedValues="1,0,1" Changeable="true" Visible="true" />
			<Ref TextId="T_REF_SubstituteValue_ch1" ValueItemTarget="IDV_SubstituteValue_2" DataType="Bit" ByteOffset="1" BitOffset="1" Length="1" DefaultValue="0" AllowedValues="1,0,1" Changeable="true" Visible="true" />
			<!-- Please, add parameter below --> 
			
		</Parameters>
		
		<!-- ============================================================================================ -->
		<!--      Value list                                                                              -->
		<!-- ============================================================================================ -->
		<ValueList> 
			<ValueItem ID="IDV_Fault_Action_2"> 
				<Assign Content="0" TextId="T_Safe"/>
				<Assign Content="1" TextId="T_HoldLastState"/>
			</ValueItem>
			<ValueItem ID="IDV_SubstituteValue_2">
			  <Assign Content="0" TextId="T_OFF"/>
			  <Assign Content="1" TextId="T_ON"/>
			</ValueItem>
		</ValueList>	
		
		<!-- Diag 정의 --> 
		
	</DeviceInfo>
		

	<!-- Please, add IO modules below --> 
	
	 
		
		
 
</IOProfile>
