<?xml version="1.0" encoding="UTF-8"?>

<!--**********************************************************************
** $File: listError.xml 
** $Descrip: Define Error ID
** $Version: 1.0.0.0 
** $Maker: CREVIS
** $History   
**   ! 2009.05.10 - v1000. First Release
 
** ******************************************************************* --> 


<ErrorList> 
	<Category GeneratorID="ID_IOGuide">

		<!-- Check Validation -->
		<Error Value="-101" Class="Power" Description="Max power exceeded." Action=""/>	
		<Error Value="-102" Class="Expansion" Description="Max IO expansion exceeded." Action=""/>	
		<Error Value="-103" Class="Input Size" Description="Max input size exceeded." Action=""/>	
		<Error Value="-104" Class="Output Size" Description="Max output size exceeded." Action=""/>		
		<Error Value="-105" Class="Field Power" Description="Field power mismatched. Insert a power distributor module in front of it." Action=""/>				
		<Error Value="-106" Class="Field Power" Description="A power module should be placed in front of all IO modules." Action=""/>		
		<Error Value="-107" Class="NA Comm." Description="Communication setting of the network adapter already exists." Action=""/>
		<Error Value="-108" Class="NA Comm." Description="Communication setting of the network adapter is empty." Action=""/>	
		<Error Value="-109" Class="NA Comm." Description="Port No is different. Muli-Drop bus type must have same port." Action=""/>	
		<Error Value="-110" Class="NA Comm." Description="Comm. paramter is different. Muli-Drop bus type must have same communication parameter." Action=""/>						
		<Error Value="-111" Class="Field Power" Description="Field power mismatched. Insert a power distributor module in front of it." Action=""/>				
    <!--Add ErrLog by LDH-->
    <Error Value="-200" Class="AI Temp" Description="AI Temp module must have last of position." Action=""/>
  </Category>
		
	<Category GeneratorID="IDCOMM_ModubusTCP">
		<Error Value="" Class="" Description="" Action=""/>	


	</Category>
		
	<!-- Please, add Communication Driver --> 	
		
		
</ErrorList>

 