<?xml version="1.0" encoding="UTF-8"?>

<!--**********************************************************************
** $File: ST1114.xml 
** $Descrip: Define I/O module (ST-1114)
** $Version: 1.0.0.0 
** $Maker: CREVIS
** $History   
**   ! 2009.05.10 - v1000. First Release
 
** ******************************************************************* --> 

<IOProfile>
	<DeviceInfo ID="IDM_ST1114" DeviceID="0x01" Category="SDI">	
		<General> 
			<Name TextId="T_ST1114"/>
			<InfoText TextId="T_INFO_ST1114"/>
			<OrderNumber Value="ST-1114"/>
			<GraphicFile Value="ST-1114"/> 
			<HelpLink Value="ST-1114.htm"/> 
			<KeySpec Value="ON-state Voltage: 5Vdc nominal. Min. 2.4Vdc to Max. 5.5Vdc"/> 
			<Features AddrMapPriority="4" CanCommunication="true" FieldPwrCutoffBefore="false" FieldPwrFreeNext = "false" SystemPwrExpansion="0"/>
		</General>

		<Specification>
			<HardwareVer TextId="T_HardwareVer" Value="2.00" Unit="" Visible="true"/>
			<PowerDissipation TextId="T_PowerDissipation" Value="35" Unit="mA" Visible="true"/>	 		<!--단위는 mA-->
			<FieldPower TextId="T_FieldPower" Value="5"  Unit="Vdc" Visible="true"/>
			<Dimension TextId="T_Dimension" Height="99" Width="70" Value="12" Unit="mm" Visible="true"/>
			<AllowedInSlots TextId="T_AllowedInSlots" Value="1..32" Unit="" Visible="true"/>	

			<Items>
				<Ref TextId="T_FieldPowerRange" Value="5Vdc nominal. 4.5~5.5Vdc" Unit="" Visible="true" />
				<Ref TextId="T_ONStateVoltage" Value="5Vdc nominal. Min. 2.4Vdc to Max. 5.5Vdc" Unit="" Visible="true" />
				<Ref TextId="T_MinOffStateVoltage" Value="Max. 0.8Vdc" Unit="" Visible="true" />
				<Ref TextId="T_OnStateCurrent" Value="Max. 4.5mA / point @5.5Vdc" Unit="" Visible="true" />
			</Items>
		</Specification>
			
		<Monitoring>
			<CommBlock InitOnly="true" Freq=""/>
		</Monitoring>

		<IOData InputLength="1" OutputLength="0">
			<Input OneChSize="1">
				<Ref TextId="T_DI" ChannelType="DI" DataType="BitArea" Length="4" Unit="" Visible="true"/>
			</Input>
		</IOData>

		<Parameters/>
		
		<!-- Diag 정의 --> 
		
	</DeviceInfo>
		

	<!-- Please, add IO modules below --> 
	
	 
		
		
 
</IOProfile>
