<?xml version="1.0" encoding="UTF-8"?>

<!--**********************************************************************
** $File: ST3524.xml 
** $Descrip: Define I/O module (ST-3114)
** $Version: 1.0.0.0 
** $Maker: CREVIS
** $History   
**   ! 2009.05.10 - v1000. First Release
 
** ******************************************************************* --> 

<IOProfile>
	<DeviceInfo ID="IDM_ST3524" DeviceID="0x21" Category="SAI">	
		<General> 
			<Name TextId="T_ST3524"/>
			<InfoText TextId="T_INFO_ST3524"/>
			<OrderNumber Value="ST-3524"/>
			<GraphicFile Value="ST-3524"/> 
			<HelpLink Value="ST-3524.htm"/> 
			<KeySpec Value="Input voltage Range : -10~10Vdc"/>
			<Features AddrMapPriority="A" CanCommunication="true" FieldPwrCutoffBefore="false" FieldPwrFreeNext = "false" SystemPwrExpansion="0"/>
		</General>
			
		<Specification>
			<HardwareVer TextId="T_HardwareVer" Value="2.00" Unit="" Visible="true"/>	 
			<PowerDissipation TextId="T_PowerDissipation" Value="170" Unit="mA" Visible="true"/>	 		<!--단위는 mA-->
			<FieldPower TextId="T_FieldPower" Value=""  Unit="Vdc" Visible="true"/>									
			<Dimension TextId="T_Dimension" Height="99" Width="70" Value="12" Unit="mm" Visible="true"/>
			<AllowedInSlots TextId="T_AllowedInSlots" Value="1..32" Unit="" Visible="true"/>	
														
			<Items>
				<Ref TextId="T_ResolutionRanges" Value="12Bits : 4.8mV/Bit" Unit="" Visible="true" /> 			
				<Ref TextId="T_InputCurrentRange" Value="-10 ~ 10Vdc" Unit="" Visible="true" /> 	
				<Ref TextId="T_InputImpedance" Value="500Kohm" Unit="" Visible="true" /> 	 
			</Items>
		</Specification> 
			
		<Monitoring>
			<CommBlock InitOnly="true" Freq=""/>
		</Monitoring>
 
		<IOData InputLength="8" OutputLength="0">
			<Input OneChSize="16">
				<Ref TextId="T_AI_Data_00" ChannelType="AI" Conversion="Linear:-2048,2047,-10,10" DataType="Float16" Length="1" Unit="V" Visible="true"/>
				<Ref TextId="T_AI_Data_01" ChannelType="AI" Conversion="Linear:-2048,2047,-10,10" DataType="Float16" Length="1" Unit="V" Visible="true"/>
				<Ref TextId="T_AI_Data_02" ChannelType="AI" Conversion="Linear:-2048,2047,-10,10" DataType="Float16" Length="1" Unit="V" Visible="true"/>
				<Ref TextId="T_AI_Data_03" ChannelType="AI" Conversion="Linear:-2048,2047,-10,10" DataType="Float16" Length="1" Unit="V" Visible="true"/>
			</Input>
		</IOData>

		<Parameters/> 
		
		<!-- Diag 정의 --> 
		
	</DeviceInfo>
		

	<!-- Please, add IO modules below --> 
	
	 
		
		
 
</IOProfile>
