﻿<?xml version="1.0" encoding="UTF-8"?>

<!--**********************************************************************
** $File: ST3804.xml 
** $Descrip: Define I/O module (ST-3804)
** $Version: 1.0.0.0 
** $Maker: CREVIS
** $History   
**   ! 2009.05.10 - v1000. First Release
 
** ******************************************************************* --> 

<IOProfile>
	<DeviceInfo ID="IDM_ST3804" DeviceID="0x66" Category="SAI">	
		<General> 
			<Name TextId="T_ST3804"/>
			<InfoText TextId="T_INFO_ST3804"/>
			<OrderNumber Value="ST-3804"/>
			<GraphicFile Value="ST-3804"/> 
			<HelpLink Value="ST-3804.htm"/> 
			<KeySpec Value="Thermocouple/mV Input Terminal "/>
			<Features AddrMapPriority="A" CanCommunication="true" FieldPwrCutoffBefore="false" FieldPwrFreeNext = "false" SystemPwrExpansion="0"/>
		</General>
			
		<Specification>
			<HardwareVer TextId="T_HardwareVer" Value="1.00" Unit="" Visible="true"/>	 
			<PowerDissipation TextId="T_PowerDissipation" Value="120" Unit="mA" Visible="true"/>	 		<!--단위는 mA-->
			<FieldPower TextId="T_FieldPower" Value=""  Unit="Vdc" Visible="true"/>									
			<Dimension TextId="T_Dimension" Height="99" Width="70" Value="12" Unit="mm" Visible="true"/>
			<AllowedInSlots TextId="T_AllowedInSlots" Value="1..32" Unit="" Visible="true"/>	
														
			<Items>
				<Ref TextId="T_ConversionTime" Value="30msec / 1 Channel" Unit="" Visible="true" /> 			
				<Ref TextId="T_DataFormat" Value="16bit Integer (2's compliment)" Unit="" Visible="true" /> 	
				<Ref TextId="T_DissolutionAbility" Value="0.1°C / 10mohm" Unit="" Visible="true" /> 	 
			</Items>
		</Specification>

		<Monitoring>
			<CommBlock InitOnly="true" Freq=""/>
		</Monitoring>

		<IOData InputLength="8" OutputLength="0">
			<Input OneChSize="16">
				<Ref TextId="T_AI_Data_00" ChannelType="TC" Conversion="ByParaVal:1,2" DataType="Float16" Length="1" Unit="°C" Visible="true"/>
				<Ref TextId="T_AI_Data_01" ChannelType="TC" Conversion="ByParaVal:1,2" DataType="Float16" Length="1" Unit="°C" Visible="true"/>
				<Ref TextId="T_AI_Data_02" ChannelType="TC" Conversion="ByParaVal:1,2" DataType="Float16" Length="1" Unit="°C" Visible="true"/>
				<Ref TextId="T_AI_Data_03" ChannelType="TC" Conversion="ByParaVal:1,2" DataType="Float16" Length="1" Unit="°C" Visible="true"/>
			</Input>
		</IOData>

		<Parameters Index="1" Length="8">
			<Name TextId="T_Module parameters"/>
			<Const Data="0x00,0x00,0x00,0x00,0x00,0x00,0x00,0x00"/>
			<Ref TextId="T_REF_Sensor_Type" ValueItemTarget="IDV_Sensor_Type" DataType="Unsigned8" ByteOffset="0" BitOffset="0" Length="1" DefaultValue="0" AllowedValues="" Changeable="true" Visible="true" />
			<Ref TextId="T_REF_Temperature_Type" ValueItemTarget="IDV_Temperature_Type" DataType="Bit" ByteOffset="1" BitOffset="0" Length="1" DefaultValue="0" AllowedValues="1,0,1" Changeable="true" Visible="true" />
			<Ref TextId="T_REF_Compensation_Type" ValueItemTarget="IDV_Compensation_Type" DataType="Bit" ByteOffset="1" BitOffset="1" Length="1" DefaultValue="0" AllowedValues="" Changeable="true" Visible="true" />			
			<Ref TextId="T_REF_Resolution_Type" ValueItemTarget="IDV_Resolution_Type" DataType="Bit" ByteOffset="1" BitOffset="2" Length="1" DefaultValue="0" AllowedValues="1,0,1" Changeable="true" Visible="true" />
			<Ref TextId="T_REF_Filter_Type" ValueItemTarget="IDV_Filter_Type" DataType="Bit" ByteOffset="1" BitOffset="4" Length="1" DefaultValue="0" AllowedValues="1,0,1" Changeable="true" Visible="true" />
			<Ref TextId="T_REF_Cold_Junction_Offset" ValueItemTarget="" DataType="Integer16" ByteOffset="2" BitOffset="0" Length="1" DefaultValue="0" AllowedValues="1,-32768,32767" Changeable="true" Visible="true" />
			<Ref TextId="T_REF_Reserved_Byte" ValueItemTarget="" DataType="Unsigned8" ByteOffset="4" BitOffset="0" Length="1" DefaultValue="0" AllowedValues="1,0,0" Changeable="false" Visible="true" />
			<Ref TextId="T_REF_Reserved_Byte" ValueItemTarget="" DataType="Unsigned8" ByteOffset="5" BitOffset="0" Length="1" DefaultValue="0" AllowedValues="1,0,0" Changeable="false" Visible="true" />
			<Ref TextId="T_REF_Reserved_Byte" ValueItemTarget="" DataType="Unsigned8" ByteOffset="6" BitOffset="0" Length="1" DefaultValue="0" AllowedValues="1,0,0" Changeable="false" Visible="true" />
			<Ref TextId="T_REF_Reserved_Byte" ValueItemTarget="" DataType="Unsigned8" ByteOffset="7" BitOffset="0" Length="1" DefaultValue="0" AllowedValues="1,0,0" Changeable="false" Visible="true" />
			<!-- Please, add parameter below --> 
			
		</Parameters>
		
		<!-- ============================================================================================ -->
		<!--      Value list                                                                              -->
		<!-- ============================================================================================ -->
		<ValueList> 
			<ValueItem ID="IDV_Sensor_Type"> 
				<Assign Content="0" TextId="T_TypeK" Conversion="Resolution:0.1,-2700,13720,-2700,13720" Unit=""/>
				<Assign Content="1" TextId="T_TypeJ" Conversion="Resolution:0.1,-2100,12000,-2100,12000" Unit=""/>
				<Assign Content="2" TextId="T_TypeT" Conversion="Resolution:0.1,-2700,4000,-2700,4000" Unit=""/>
				<Assign Content="3" TextId="T_TypeB" Conversion="Resolution:0.1,300,18200,300,18200" Unit=""/>
				<Assign Content="4" TextId="T_TypeR" Conversion="Resolution:0.1,-500,17680,-500,17680" Unit=""/>
				<Assign Content="5" TextId="T_TypeS" Conversion="Resolution:0.1,-500,17680,-500,17680" Unit=""/>
				<Assign Content="6" TextId="T_TypeE" Conversion="Resolution:0.1,-2700,10000,-2700,10000" Unit=""/>
				<Assign Content="7" TextId="T_TypeN" Conversion="Resolution:0.1,-2700,13000,-2700,13000" Unit=""/>
				<Assign Content="8" TextId="T_TypeL" Conversion="Resolution:0.1,-2000,9000,-2000,9000" Unit=""/>
				<Assign Content="9" TextId="T_TypeU" Conversion="Resolution:0.1,-2000,6000,-2000,6000" Unit=""/>
				<Assign Content="10" TextId="T_TypeC" Conversion="Resolution:0.1,0,23100,0,23100" Unit=""/>
				<Assign Content="11" TextId="T_TypeD" Conversion="Resolution:0.1,0,24900,0,24900" Unit=""/>
				<Assign Content="128" TextId="T_10uVCnt" Conversion="Resolution:0.01,-7800,7800,-78.0,78.0" Unit="mV"/>
				<Assign Content="129" TextId="T_1uVCnt" Conversion="Resolution:0.001,-32700,32700,-32.7,32.7" Unit="mV"/>
				<Assign Content="130" TextId="T_2uVCnt" Conversion="Resolution:0.002,-32750,32750,-65.5,65.5" Unit="mV"/>
			</ValueItem>
			<ValueItem ID="IDV_Temperature_Type">  
				<Assign Content="0" TextId="T_Celsius" Unit="°C"/>
				<Assign Content="1" TextId="T_Fahrenheit" Unit="°F"/>				
			</ValueItem>
			<ValueItem ID="IDV_Compensation_Type"> 
				<Assign Content="0" TextId="T_CJCompensation"/>
				<Assign Content="1" TextId="T_DisCompensation"/>
			</ValueItem>
			<ValueItem ID="IDV_Resolution_Type"> 
				<Assign Content="0" TextId="T_VeryHighResolution"/>
				<Assign Content="1" TextId="T_HighResolution"/>
			</ValueItem>
			<ValueItem ID="IDV_Filter_Type"> 
				<Assign Content="0" TextId="T_NormalFilter"/>
				<Assign Content="1" TextId="T_EnhancedFilter"/>
			</ValueItem>
		</ValueList>	
		
		<!-- Diag 정의 --> 
		
	</DeviceInfo>
		

	<!-- Please, add IO modules below --> 
	
	 
		
		
 
</IOProfile>
