<?xml version="1.0" encoding="UTF-8"?>

<!--**********************************************************************
** $File: Document.xml 
** $Descrip: IOGuide Projet Document File
** $Version: 1.0.0.0 
** $Maker: CREVIS
** $History   
**   ! 2009.06.5 - v1000. First Release
 
** ******************************************************************* --> 
<PROJECT name="Section 1" Date="June 6 2009" Bustype="Modbus TCP IP">

  <NODE_VIEW>
    <NetworkAdapter name="node 2" model="NA-9189" address="192.168.0.243" description="MODBUS TCP IP Ethernet Network Adapter">
      <Module model="ST-1214" type="Digital_IN" slot="1" description="FnIO 4 Sinking In 24Vdc"/>
      <Module model="ST-2324" type="Digital_OUT" slot="2" description="FnIO 4 Sourcing Out 25Vdc 0.5A"/>
      <Module model="ST-2414" type="Digital_OUT" slot="3" description="FnIO 4 Diagnostics Sinking Out 24Vdc"/>
    </NetworkAdapter>
  </NODE_VIEW>
  
  <IMAGE_VIEW>
    <FileName>node1.bmp</FileName>
    <Dimension Height="99" Width="70" Length="45"/>
  </IMAGE_VIEW>
  
</PROJECT>
