<?xml version="1.0" encoding="UTF-8"?>

<!--**********************************************************************
** $File: Document.xml 
** $Descrip: IOGuide Projet Document File
** $Version: 1.0.0.0 
** $Maker: CREVIS
** $History   
**   ! 2009.06.5 - v1000. First Release
 
** ******************************************************************* --> 
<PROJECT name="Section 1" Date="June 6 2009" Bustype="Modbus TCP IP">

  <PROJECT_VIEW>
    <Project_Name>Section 1</Project_Name>
    
    <NetworkAdapter name="node 1" model="NA-9189" address="192.168.0.242" description="MODBUS TCP IP Ethernet Network Adapter">
      <Module model="ST-1214" slot="1" description="FnIO 4 Sinking In 24Vdc"/>
      <Module model="ST-2324" slot="2" description="FnIO 4 Sourcing Out 25Vdc 0.5A"/>
      <Module model="ST-121F" slot="3" description="FnIO 16 Sinking In 24Vdc"/>
      <Module model="ST-222F" slot="4" description="FnIO 16 Sourcing Out 24Vdc 0.3A"/>
      <Module model="ST-3134" slot="5" description="FnIO 4 Analog Current In 0~20mA 14bit"/>
      <Module model="ST-4112" slot="6" description="FnIO 2 Analog Current Out 0~20mA 12bit"/>
      <Module model="ST-3524" slot="7" description="FnIO 4 Analog Voltage In -10~10V 12bit"/>
      <Module model="ST-4522" slot="8" description="FnIO 4 Analog Voltage Out -10~10V 12bit"/>
      <Module model="ST-3802" slot="9" description="FnIO 2 Thermocouple/mV Input"/>
      <Module model="ST-7241" slot="10" description="FnIO Expansion Field Power Distributor"/>
    </NetworkAdapter>
    
    <NetworkAdapter name="node 2" model="NA-9189" address="192.168.0.243" description="MODBUS TCP IP Ethernet Network Adapter">
      <Module model="ST-1214" slot="1" description="FnIO 4 Sinking In 24Vdc"/>
      <Module model="ST-2324" slot="2" description="FnIO 4 Sourcing Out 25Vdc 0.5A"/>
      <Module model="ST-2414" slot="3" description="FnIO 4 Diagnostics Sinking Out 24Vdc"/>
    </NetworkAdapter>
  </PROJECT_VIEW>
  
  <NODE_VIEW>
    <NetworkAdapter name="node 1" model="NA-9189" address="192.168.0.242" description="MODBUS TCP IP Ethernet Network Adapter">
      <Module model="ST-1214" slot="1" description="FnIO 4 Sinking In 24Vdc"/>
      <Module model="ST-2324" slot="2" description="FnIO 4 Sourcing Out 25Vdc 0.5A"/>
      <Module model="ST-121F" slot="3" description="FnIO 16 Sinking In 24Vdc"/>
      <Module model="ST-222F" slot="4" description="FnIO 16 Sourcing Out 24Vdc 0.3A"/>
      <Module model="ST-3134" slot="5" description="FnIO 4 Analog Current In 0~20mA 14bit"/>
      <Module model="ST-4112" slot="6" description="FnIO 2 Analog Current Out 0~20mA 12bit"/>
      <Module model="ST-3524" slot="7" description="FnIO 4 Analog Voltage In -10~10V 12bit"/>
      <Module model="ST-4522" slot="8" description="FnIO 4 Analog Voltage Out -10~10V 12bit"/>
      <Module model="ST-3802" slot="9" description="FnIO 2 Thermocouple/mV Input"/>
      <Module model="ST-7241" slot="10" description="FnIO Expansion Field Power Distributor"/>
    </NetworkAdapter>
  </NODE_VIEW>
  
  <IMAGE_VIEW>
    <FileName>node1.bmp</FileName>
    <Dimension Height="99" Width="70" Length="45"/>
  </IMAGE_VIEW>
  
  <MAP_VIEW>
    <NA_IO>
      <Channel type="Analog Input" channel="0" size="16" InputWordAddr="0x0800" InputBitAddres="0x1000" OutputWordAddr="0x0800" OutputBitAddress="0x1000"/>
    </NA_IO>
    
    <IO model="ST-1214">
      <Channel type="Digital Input" channel_num="0" size="1" InputWordAddr="0x0800" InputBitAddres="0x1000" OutputWordAddr="0x0800" OutputBitAddress="0x1000"/>
      <Channel type="Digital Input" channel_num="1" size="1" InputWordAddr="0x0800" InputBitAddres="0x1000" OutputWordAddr="0x0800" OutputBitAddress="0x1000"/>
      <Channel type="Digital Input" channel_num="2" size="1" InputWordAddr="0x0800" InputBitAddres="0x1000" OutputWordAddr="0x0800" OutputBitAddress="0x1000"/>
      <Channel type="Digital Input" channel_num="3" size="1" InputWordAddr="0x0800" InputBitAddres="0x1000" OutputWordAddr="0x0800" OutputBitAddress="0x1000"/>
    </IO>
    
    <IO model="ST-2324">
      <Channel type="Digital Output" channel_num="0" size="1" InputWordAddr="0x0800" InputBitAddres="0x1000" OutputWordAddr="0x0800" OutputBitAddress="0x1000"/>
      <Channel type="Digital Output" channel_num="1" size="1" InputWordAddr="0x0800" InputBitAddres="0x1000" OutputWordAddr="0x0800" OutputBitAddress="0x1000"/>
      <Channel type="Digital Output" channel_num="2" size="1" InputWordAddr="0x0800" InputBitAddres="0x1000" OutputWordAddr="0x0800" OutputBitAddress="0x1000"/>
      <Channel type="Digital Output" channel_num="3" size="1" InputWordAddr="0x0800" InputBitAddres="0x1000" OutputWordAddr="0x0800" OutputBitAddress="0x1000"/>
    </IO>
    
    <IO model="ST-121F">
      <Channel type="Digital Input" channel_num="0" size="1" InputWordAddr="0x0800" InputBitAddres="0x1000" OutputWordAddr="0x0800" OutputBitAddress="0x1000"/>
      <Channel type="Digital Input" channel_num="1" size="1" InputWordAddr="0x0800" InputBitAddres="0x1000" OutputWordAddr="0x0800" OutputBitAddress="0x1000"/>
      <Channel type="Digital Input" channel_num="2" size="1" InputWordAddr="0x0800" InputBitAddres="0x1000" OutputWordAddr="0x0800" OutputBitAddress="0x1000"/>
      <Channel type="Digital Input" channel_num="3" size="1" InputWordAddr="0x0800" InputBitAddres="0x1000" OutputWordAddr="0x0800" OutputBitAddress="0x1000"/>
      <Channel type="Digital Input" channel_num="4" size="1" InputWordAddr="0x0800" InputBitAddres="0x1000" OutputWordAddr="0x0800" OutputBitAddress="0x1000"/>
      <Channel type="Digital Input" channel_num="5" size="1" InputWordAddr="0x0800" InputBitAddres="0x1000" OutputWordAddr="0x0800" OutputBitAddress="0x1000"/>
      <Channel type="Digital Input" channel_num="6" size="1" InputWordAddr="0x0800" InputBitAddres="0x1000" OutputWordAddr="0x0800" OutputBitAddress="0x1000"/>
      <Channel type="Digital Input" channel_num="7" size="1" InputWordAddr="0x0800" InputBitAddres="0x1000" OutputWordAddr="0x0800" OutputBitAddress="0x1000"/>
      <Channel type="Digital Input" channel_num="8" size="1" InputWordAddr="0x0800" InputBitAddres="0x1000" OutputWordAddr="0x0800" OutputBitAddress="0x1000"/>
      <Channel type="Digital Input" channel_num="9" size="1" InputWordAddr="0x0800" InputBitAddres="0x1000" OutputWordAddr="0x0800" OutputBitAddress="0x1000"/>
      <Channel type="Digital Input" channel_num="10" size="1" InputWordAddr="0x0800" InputBitAddres="0x1000" OutputWordAddr="0x0800" OutputBitAddress="0x1000"/>
      <Channel type="Digital Input" channel_num="11" size="1" InputWordAddr="0x0800" InputBitAddres="0x1000" OutputWordAddr="0x0800" OutputBitAddress="0x1000"/>
      <Channel type="Digital Input" channel_num="12" size="1" InputWordAddr="0x0800" InputBitAddres="0x1000" OutputWordAddr="0x0800" OutputBitAddress="0x1000"/>
      <Channel type="Digital Input" channel_num="13" size="1" InputWordAddr="0x0800" InputBitAddres="0x1000" OutputWordAddr="0x0800" OutputBitAddress="0x1000"/>
      <Channel type="Digital Input" channel_num="14" size="1" InputWordAddr="0x0800" InputBitAddres="0x1000" OutputWordAddr="0x0800" OutputBitAddress="0x1000"/>
      <Channel type="Digital Input" channel_num="15" size="1" InputWordAddr="0x0800" InputBitAddres="0x1000" OutputWordAddr="0x0800" OutputBitAddress="0x1000"/>
    </IO>
    
    <IO model="ST-222F">
      <Channel type="Digital Output" channel_num="0" size="1" InputWordAddr="0x0800" InputBitAddres="0x1000" OutputWordAddr="0x0800" OutputBitAddress="0x1000"/>
      <Channel type="Digital Output" channel_num="1" size="1" InputWordAddr="0x0800" InputBitAddres="0x1000" OutputWordAddr="0x0800" OutputBitAddress="0x1000"/>
      <Channel type="Digital Output" channel_num="2" size="1" InputWordAddr="0x0800" InputBitAddres="0x1000" OutputWordAddr="0x0800" OutputBitAddress="0x1000"/>
      <Channel type="Digital Output" channel_num="3" size="1" InputWordAddr="0x0800" InputBitAddres="0x1000" OutputWordAddr="0x0800" OutputBitAddress="0x1000"/>
      <Channel type="Digital Output" channel_num="4" size="1" InputWordAddr="0x0800" InputBitAddres="0x1000" OutputWordAddr="0x0800" OutputBitAddress="0x1000"/>
      <Channel type="Digital Output" channel_num="5" size="1" InputWordAddr="0x0800" InputBitAddres="0x1000" OutputWordAddr="0x0800" OutputBitAddress="0x1000"/>
      <Channel type="Digital Output" channel_num="6" size="1" InputWordAddr="0x0800" InputBitAddres="0x1000" OutputWordAddr="0x0800" OutputBitAddress="0x1000"/>
      <Channel type="Digital Output" channel_num="7" size="1" InputWordAddr="0x0800" InputBitAddres="0x1000" OutputWordAddr="0x0800" OutputBitAddress="0x1000"/>
      <Channel type="Digital Output" channel_num="8" size="1" InputWordAddr="0x0800" InputBitAddres="0x1000" OutputWordAddr="0x0800" OutputBitAddress="0x1000"/>
      <Channel type="Digital Output" channel_num="9" size="1" InputWordAddr="0x0800" InputBitAddres="0x1000" OutputWordAddr="0x0800" OutputBitAddress="0x1000"/>
      <Channel type="Digital Output" channel_num="10" size="1" InputWordAddr="0x0800" InputBitAddres="0x1000" OutputWordAddr="0x0800" OutputBitAddress="0x1000"/>
      <Channel type="Digital Output" channel_num="11" size="1" InputWordAddr="0x0800" InputBitAddres="0x1000" OutputWordAddr="0x0800" OutputBitAddress="0x1000"/>
      <Channel type="Digital Output" channel_num="12" size="1" InputWordAddr="0x0800" InputBitAddres="0x1000" OutputWordAddr="0x0800" OutputBitAddress="0x1000"/>
      <Channel type="Digital Output" channel_num="13" size="1" InputWordAddr="0x0800" InputBitAddres="0x1000" OutputWordAddr="0x0800" OutputBitAddress="0x1000"/>
      <Channel type="Digital Output" channel_num="14" size="1" InputWordAddr="0x0800" InputBitAddres="0x1000" OutputWordAddr="0x0800" OutputBitAddress="0x1000"/>
      <Channel type="Digital Output" channel_num="15" size="1" InputWordAddr="0x0800" InputBitAddres="0x1000" OutputWordAddr="0x0800" OutputBitAddress="0x1000"/>
    </IO>
    
    <IO model="ST-3134">
      <Channel type="Analog Input" channel_num="0" size="16" InputWordAddr="0x0800" InputBitAddres="0x1000" OutputWordAddr="0x0800" OutputBitAddress="0x1000"/>
      <Channel type="Analog Input" channel_num="1" size="16" InputWordAddr="0x0800" InputBitAddres="0x1000" OutputWordAddr="0x0800" OutputBitAddress="0x1000"/>
      <Channel type="Analog Input" channel_num="2" size="16" InputWordAddr="0x0800" InputBitAddres="0x1000" OutputWordAddr="0x0800" OutputBitAddress="0x1000"/>
      <Channel type="Analog Input" channel_num="3" size="16" InputWordAddr="0x0800" InputBitAddres="0x1000" OutputWordAddr="0x0800" OutputBitAddress="0x1000"/>
    </IO>
    
    <IO model="ST-4112">
      <Channel type="Analog Output" channel_num="0" size="16" InputWordAddr="0x0800" InputBitAddres="0x1000" OutputWordAddr="0x0800" OutputBitAddress="0x1000"/>
      <Channel type="Analog Output" channel_num="1" size="16" InputWordAddr="0x0800" InputBitAddres="0x1000" OutputWordAddr="0x0800" OutputBitAddress="0x1000"/>
    </IO>
    
    <IO model="ST-3524">
      <Channel type="Analog Input" channel_num="0" size="16" InputWordAddr="0x0800" InputBitAddres="0x1000" OutputWordAddr="0x0800" OutputBitAddress="0x1000"/>
      <Channel type="Analog Input" channel_num="1" size="16" InputWordAddr="0x0800" InputBitAddres="0x1000" OutputWordAddr="0x0800" OutputBitAddress="0x1000"/>
      <Channel type="Analog Input" channel_num="2" size="16" InputWordAddr="0x0800" InputBitAddres="0x1000" OutputWordAddr="0x0800" OutputBitAddress="0x1000"/>
      <Channel type="Analog Input" channel_num="3" size="16" InputWordAddr="0x0800" InputBitAddres="0x1000" OutputWordAddr="0x0800" OutputBitAddress="0x1000"/>
    </IO>
    
    <IO model="ST-4522">
      <Channel type="Analog Output" channel_num="0" size="16" InputWordAddr="0x0800" InputBitAddres="0x1000" OutputWordAddr="0x0800" OutputBitAddress="0x1000"/>
      <Channel type="Analog Output" channel_num="1" size="16" InputWordAddr="0x0800" InputBitAddres="0x1000" OutputWordAddr="0x0800" OutputBitAddress="0x1000"/>
    </IO>
    
    <IO model="ST-3802">
      <Channel type="Analog Input" channel_num="0" size="16" InputWordAddr="0x0800" InputBitAddres="0x1000" OutputWordAddr="0x0800" OutputBitAddress="0x1000"/>
      <Channel type="Analog Input" channel_num="1" size="16" InputWordAddr="0x0800" InputBitAddres="0x1000" OutputWordAddr="0x0800" OutputBitAddress="0x1000"/>
    </IO>
    
    <IO model="ST-7241">
    </IO>
  </MAP_VIEW>
  
  <PARAMETER_VIEW>
    <NA_IO>
      <Channel type="Analog Input" channel="0" size="16" InputWordAddr="0x0800" InputBitAddres="0x1000" OutputWordAddr="0x0800" OutputBitAddress="0x1000"/>
    </NA_IO>
    
    <IO model="ST-1214">
    </IO>
    
    <IO model="ST-2324">
      <Channel channel_num="0" SafeMode="Safe" SafeValue="ON"/>
	    <Channel channel_num="1" SafeMode="Hold Last Value" SafeValue="ON"/>
	    <Channel channel_num="2" SafeMode="Safe" SafeValue="OFF"/>
	    <Channel channel_num="3" SafeMode="Safe" SafeValue="OFF"/>
    </IO>
    
    <IO model="ST-121F">
    </IO>
    
    <IO model="ST-222F">
    	<Channel channel_num="0" SafeMode="Safe" SafeValue="ON"/>
	    <Channel channel_num="1" SafeMode="Hold Last Value" SafeValue="ON"/>
	    <Channel channel_num="2" SafeMode="Safe" SafeValue="OFF"/>
	    <Channel channel_num="3" SafeMode="Safe" SafeValue="OFF"/>
	    <Channel channel_num="4" SafeMode="Safe" SafeValue="ON"/>
	    <Channel channel_num="5" SafeMode="Hold Last Value" SafeValue="ON"/>
	    <Channel channel_num="6" SafeMode="Safe" SafeValue="OFF"/>
	    <Channel channel_num="7" SafeMode="Safe" SafeValue="OFF"/>
	    <Channel channel_num="8" SafeMode="Safe" SafeValue="ON"/>
	    <Channel channel_num="9" SafeMode="Hold Last Value" SafeValue="ON"/>
	    <Channel channel_num="10" SafeMode="Safe" SafeValue="OFF"/>
	    <Channel channel_num="11" SafeMode="Safe" SafeValue="OFF"/>
	    <Channel channel_num="12" SafeMode="Safe" SafeValue="ON"/>
	    <Channel channel_num="13" SafeMode="Hold Last Value" SafeValue="ON"/>
	    <Channel channel_num="14" SafeMode="Safe" SafeValue="OFF"/>
	    <Channel channel_num="15" SafeMode="Safe" SafeValue="OFF"/>
    </IO>
    
    <IO model="ST-3134">
    </IO>
    
    <IO model="ST-4112">
      <Channel channel_num="0" SafeMode="Safe" SafeValue="2000"/>
  	  <Channel channel_num="1" SafeMode="High Limit" SafeValue="0"/>
    </IO>
    
    <IO model="ST-3524">
    </IO>
    
    <IO model="ST-4522">
      <Channel channel_num="0" SafeMode="Hold Last State" SafeValue="0"/>
  	  <Channel channel_num="1" SafeMode="Low Limit" SafeValue="0"/>
    </IO>
    
    <IO model="ST-3802">
      <Channel channel_num="0" SafeMode="TC" SafeValue="Sensor Type : Type K, Temperature Type : Celsius, Filter Type : Normal Filter, Compensation : Cold Junsion compensation"/>
  	  <Channel channel_num="1" SafeMode="TC" SafeValue="Sensor Type : Type K, Temperature Type : Celsius, Filter Type : Normal Filter, Compensation : Cold Junsion compensation"/>
    </IO>
    
    <IO model="ST-7241">
    </IO>
  </PARAMETER_VIEW>
  
  <INQUIRY_VIEW>
    <Item Model="NA-9189" Part_Num="5130910000" amount="1"/>
    <Item Model="ST-1214" Part_Num="5130910000" amount="1"/>
    <Item Model="ST-2324" Part_Num="5130910000" amount="1"/>
    <Item Model="ST-121F" Part_Num="5130910000" amount="1"/>
    <Item Model="ST-222F" Part_Num="5130910000" amount="1"/>
    <Item Model="ST-3134" Part_Num="5130910000" amount="1"/>
    <Item Model="ST-4112" Part_Num="5130910000" amount="1"/>
    <Item Model="ST-3524" Part_Num="5130910000" amount="1"/>
    <Item Model="ST-4522" Part_Num="5130910000" amount="1"/>
    <Item Model="ST-3802" Part_Num="5130910000" amount="1"/>
    <Item Model="ST-7241" Part_Num="5130910000" amount="1"/>
  </INQUIRY_VIEW>
  
  
  <NODE_VIEW>
  </NODE_VIEW>
  
  <IMAGE_VIEW>
  </IMAGE_VIEW>
  
  <MAP_VIEW>
  </MAP_VIEW>
  
  <PARAMETER_VIEW>
  </PARAMETER_VIEW>
  
  <INQUIRY_VIEW>
  </INQUIRY_VIEW>
 
</PROJECT>
