<?xml version="1.0" encoding="UTF-8"?>

<!--**********************************************************************
** $File: RIO2-PSD.xml 
** $Descrip: Define I/O module (RIO2-PSD)
** $Version: 1.0.0.0 
** $Maker: 
** $History   
** ******************************************************************* --> 

<IOProfile>
	<DeviceInfo ID="IDM_RIO2-PSD" DeviceID="0xF0" Category="Power">	
		<General> 
			<Name TextId="T_RIO2-PSD"/>
			<InfoText TextId="T_INFO_RIO2-PSD"/>
			<OrderNumber Value="RIO2-PSD"/>
			<GraphicFile Value="RIO2-PSD"/> 
			<HelpLink Value="RIO2-PSD.htm"/>			
			<KeySpec Value="Expansion Power Supply"/> 			
			<Features AddrMapPriority="" CanCommunication="false" FieldPwrCutoffBefore="true" FieldPwrFreeNext = "true" SystemPwrExpansion="1000"/>			
		</General>
			
		<Specification>
			<HardwareVer TextId="T_HardwareVer" Value="2.00" Unit="" Visible="true"/>
			<PowerDissipation TextId="T_PowerDissipation" Value="0" Unit="mA" Visible="true"/>	 		<!--단위는 mA-->
			<FieldPower TextId="T_FieldPower" Value=""  Unit="Vdc" Visible="true"/>							
			<Dimension TextId="T_Dimension" Height="99" Width="70" Value="12" Unit="mm" Visible="true"/>
			<AllowedInSlots TextId="T_AllowedInSlots" Value="1..32" Unit="" Visible="true"/>	
														
			<Items>
				<Ref TextId="T_SysInVolRange" Value="11Vdc to 28.8Vdc" Unit="" Visible="true" />
				<Ref TextId="T_SysPowInVol" Value="Normal 24Vdc" Unit="" Visible="true" />
				<Ref TextId="T_FieldPowInVol" Value="Normal 24Vdc ±20%" Unit="" Visible="true" />
				<Ref TextId="T_FnBusOutVol" Value="Max 5Vdc, 1A" Unit="" Visible="true" />
			</Items>
		</Specification>

		<Monitoring>
			<CommBlock InitOnly="true" Freq=""/>
		</Monitoring>

		<IOData/>
		<Parameters/>
		
		<!-- Diag 정의 --> 
		
	</DeviceInfo>
		

	<!-- Please, add IO modules below --> 
	
	 
		
		
 
</IOProfile>
