<?xml version="1.0" encoding="UTF-8"?>

<!--**********************************************************************
** $File: RIO2-XDP4.xml 
** $Descrip: Define I/O module (RIO2-XDP4)
** $Version: 1.0.0.0 
** $Maker: 
** $History   
** ******************************************************************* --> 

<IOProfile>
	<DeviceInfo ID="IDM_RIO2-XDP4" DeviceID="0x03" Category="DI">	
		<General> 
			<Name TextId="T_RIO2-XDP4"/>
			<InfoText TextId="T_INFO_RIO2-XDP4"/>
			<OrderNumber Value="RIO2-XDP4"/>
			<GraphicFile Value="RIO2-XDP4"/> 
			<HelpLink Value="RIO2-XDP4.htm"/> 
			<KeySpec Value="ON-state Voltage: 24Vdc nominal. Min. 11Vdc to Max. 28.8Vdc"/> 
			<Features AddrMapPriority="4" CanCommunication="true" FieldPwrCutoffBefore="false" FieldPwrFreeNext = "false" SystemPwrExpansion="0"/>
		</General>

		<Specification>
			<HardwareVer TextId="T_HardwareVer" Value="2.00" Unit="" Visible="true"/>
			<PowerDissipation TextId="T_PowerDissipation" Value="35" Unit="mA" Visible="true"/>	 		<!--단위는 mA-->
			<FieldPower TextId="T_FieldPower" Value="24"  Unit="Vdc" Visible="true"/>
			<Dimension TextId="T_Dimension" Height="99" Width="70" Value="12" Unit="mm" Visible="true"/>
			<AllowedInSlots TextId="T_AllowedInSlots" Value="1..32" Unit="" Visible="true"/>	

			<Items>
				<Ref TextId="T_FieldPowerRange" Value="24Vdc nominal. 11~28.8Vdc" Unit="" Visible="true" />	
				<Ref TextId="T_ONStateVoltage" Value="24Vdc nominal. Min. 11Vdc to Max. 28.8Vdc" Unit="" Visible="true" />
				<Ref TextId="T_MinOffStateVoltage" Value="Max. 5Vdc" Unit="" Visible="true" />										
				<Ref TextId="T_OnStateCurrent" Value="Max. 6mA / point @28.8Vdc" Unit="" Visible="true" /> 
			</Items>
		</Specification>
			
		<Monitoring>
			<CommBlock InitOnly="true" Freq=""/>
		</Monitoring>

		<IOData InputLength="1" OutputLength="0">
			<Input OneChSize="1">
				<Ref TextId="T_DI" ChannelType="DI" DataType="BitArea" Length="4" Unit="" Visible="true"/>
			</Input>
		</IOData>

		<Parameters/>
		
		<!-- Diag 정의 --> 
		
	</DeviceInfo>
		

	<!-- Please, add IO modules below --> 
	
	 
		
		
 
</IOProfile>
