<?xml version="1.0" encoding="UTF-8"?>

<!--**********************************************************************
** $File: RIO2-PS.xml 
** $Descrip: Define I/O module (RIO2-PS)
** $Version: 1.0.0.0 
** $Maker: 
** $History   
** ******************************************************************* --> 

<IOProfile>
	<DeviceInfo ID="IDM_RIO2-PS" DeviceID="0xF1" Category="Power">	
		<General> 
			<Name TextId="T_RIO2-PS"/>
			<InfoText TextId="T_INFO_RIO2-PS"/>
			<OrderNumber Value="RIO2-PS"/>
			<GraphicFile Value="RIO2-PS"/> 
			<HelpLink Value="RIO2-PS.htm"/> 
			<KeySpec Value="Expansion Field Power Distributor"/> 			
			<Features AddrMapPriority="" CanCommunication="false" FieldPwrCutoffBefore="true" FieldPwrFreeNext = "true" SystemPwrExpansion="0"/>						
		</General>
			
		<Specification>
			<HardwareVer TextId="T_HardwareVer" Value="2.00" Unit="" Visible="true"/>	 
			<PowerDissipation TextId="T_PowerDissipation" Value="0" Unit="mA" Visible="true"/>	 		<!--단위는 mA-->
			<FieldPower TextId="T_FieldPower" Value=""  Unit="Vdc" Visible="true"/>							
			<Dimension TextId="T_Dimension" Height="99" Width="70" Value="12" Unit="mm" Visible="true"/>
			<AllowedInSlots TextId="T_AllowedInSlots" Value="1..32" Unit="" Visible="true"/>	
														
			<Items>
				<Ref TextId="T_FieldPowerVoltage" Value="Arbitrary" Unit="" Visible="true" />
				<Ref TextId="T_ContactCurrent" Value="Max 10A" Unit="" Visible="true" />
				<Ref TextId="T_Indicators" Value="Non indicate" Unit="" Visible="true" />
				<Ref TextId="T_OperatingTemper" Value="-20 to +60°C" Unit="" Visible="true" />
				<Ref TextId="T_StorageTemper" Value="-45 to +85°C" Unit="" Visible="true" />
			</Items>
		</Specification>

		<Monitoring>
			<CommBlock InitOnly="true" Freq=""/>
		</Monitoring>

		<IOData/>
		<Parameters/>
		
		<!-- Diag 정의 --> 
		
	</DeviceInfo>
		

	<!-- Please, add IO modules below --> 
	
	 
		
		
 
</IOProfile>
