<?xml version="1.0" encoding="UTF-8"?>

<!--**********************************************************************
** $File: RIO2-CU24L.xml 
** $Descrip: Define I/O module (RIO2-CU24L)
** $Version: 1.0.0.0 
** $Maker: 
** $History   
** ******************************************************************* --> 

<IOProfile>
	<DeviceInfo ID="IDM_RIO2-CU24L" DeviceID="0x4D" Category="Special">	
		<General> 
			<Name TextId="T_RIO2-CU24L"/>
			<InfoText TextId="T_INFO_RIO2-CU24L"/>
			<OrderNumber Value="RIO2-CU24L"/>
			<GraphicFile Value="RIO2-CU24L"/> 
			<HelpLink Value="RIO2-CU24L.htm"/>  
			<KeySpec Value="Input Frequency : 0~100KHz(0~50KHz Encoder 4x)"/> 			
			<Features AddrMapPriority="B" CanCommunication="true" FieldPwrCutoffBefore="false" FieldPwrFreeNext = "false" SystemPwrExpansion="0"/>			
		</General>
			
		<Specification>
			<HardwareVer TextId="T_HardwareVer" Value="2.00" Unit="" Visible="true"/>	 
			<PowerDissipation TextId="T_PowerDissipation" Value="160" Unit="mA" Visible="true"/>	 		<!--단위는 mA-->
			<FieldPower TextId="T_FieldPower" Value="24"  Unit="Vdc" Visible="true"/>							
			<Dimension TextId="T_Dimension" Height="99" Width="70" Value="12" Unit="mm" Visible="true"/>
			<AllowedInSlots TextId="T_AllowedInSlots" Value="1..32" Unit="" Visible="true"/>	
														
			<Items>
				<Ref TextId="T_InputVoltage" Value="24Vdc" Unit="" Visible="true" />	
				<Ref TextId="T_InputFrequency" Value="0~100KHz(0~50KHz Encoder 4x)" Unit="" Visible="true" /> 			
				<Ref TextId="T_NumberOfOutput" Value="2 Channel, Source Type" Unit="" Visible="true" /> 	
				<Ref TextId="T_OutputCurrent" Value="0.5A/Ch, 1A/All Channel,short protection" Unit="" Visible="true" />
				<Ref TextId="T_FieldPowerVoltage" Value="18~28.8Vdc" Unit="" Visible="true" />
			</Items>
		</Specification>

		<Monitoring>
			<CommBlock InitOnly="true" Freq=""/>
		</Monitoring>

		<IOData InputLength="8" OutputLength="2">
			<Input OneChSize="8">
				<Ref TextId="T_Byte_InData_00" ChannelType="BI" DataType="ByteArea" Length="1" Unit="" Visible="true"/>
				<Ref TextId="T_Byte_InData_01" ChannelType="BI" DataType="ByteArea" Length="1" Unit="" Visible="true"/>
				<Ref TextId="T_Byte_InData_02" ChannelType="BI" DataType="ByteArea" Length="1" Unit="" Visible="true"/>
				<Ref TextId="T_Byte_InData_03" ChannelType="BI" DataType="ByteArea" Length="1" Unit="" Visible="true"/>
				<Ref TextId="T_Byte_InData_04" ChannelType="BI" DataType="ByteArea" Length="1" Unit="" Visible="true"/>
				<Ref TextId="T_Byte_InData_05" ChannelType="BI" DataType="ByteArea" Length="1" Unit="" Visible="true"/>
				<Ref TextId="T_Byte_InData_06" ChannelType="BI" DataType="ByteArea" Length="1" Unit="" Visible="true"/>
				<Ref TextId="T_Byte_InData_07" ChannelType="BI" DataType="ByteArea" Length="1" Unit="" Visible="true"/>				
			</Input>
			<Output OneChSize="8">
				<Ref TextId="T_Ctrl_Data_00" ChannelType="BO" DataType="ByteArea" Length="1" Unit="" Visible="true"/>
				<Ref TextId="T_Ctrl_Data_01" ChannelType="BO" DataType="ByteArea" Length="1" Unit="" Visible="true"/>
			</Output>
		</IOData> 

		<Parameters/>

		<!-- Diag 정의 --> 
		
	</DeviceInfo>
		

	<!-- Please, add IO modules below --> 
	
	 
		
		
 
</IOProfile>
