<?xml version="1.0" encoding="UTF-8"?>

<!--**********************************************************************
** $File: AT2R791.xml 
** $Descrip: Define Network Adapter (AT2-R791)
** $Version: 1.0.0.0 
** $Maker: CREVIS
** $History   
**   ! 2009.05.10 - v1000. First Release
** $Notice
**   ! CommParas: Timeout
**   ! MemoryOrder: 0: Normal, 1: Word swap, 2: Reverse
** ******************************************************************* --> 

<CouplerProfile>
 
	<DeviceInfo ID="IDM_AT2R791" DeviceID="0x0402" Category="SNA" BusNum="1" BusType="IDB_Modbus485">
		<General>
			<Name TextId="T_AT2R791"/>
			<InfoText TextId="T_INFO_AT2R791"/>
			<OrderNumber Value="AT2R791"/>
			<GraphicFile Value="AT2-R791"/> 
			<HelpLink Value="AT2-R791.htm"/>								 
			<CommDriver1 CommType="RS485" FileName="modbusDrv" FileType="dll" CommParas="250" MemoryOrder="0" />	
			<FactorySetting Communicate="9600, 8, NOPARITY, 1" />	
			<KeySpec Value="Supply voltage : 24Vdc nominal. 11~28.8Vdc"/> 				
			<Features FieldPwrCutoffNext="false" />
		</General>
		
		<Specification>
			<HardwareVer TextId="T_HardwareVer" Value="1.0" Unit="" Visible="true"/>				
			<MaxNodes TextId="T_MaxNodes" Value="32" Unit="" Visible="true"/> 				
			<InputMaxSize TextId="T_InputMaxSize" Value="128" Unit="Byte" Visible="true"/> 
			<OutputMaxSize TextId="T_OutputMaxSize" Value="128" Unit="Byte" Visible="true"/> 				
			<Dimension TextId="T_Dimension" Height="99" Width="70" Value="83" Unit="mm" Visible="true"/>			
			<PowerDissipation TextId="T_PowerDissipation" Value="150" Unit="mA" Visible="true"/>					<!--단위는 mA-->
			<MaxPowerForIOs TextId="T_MaxPowerForIOs" Value="700" Unit="mA" Visible="true"/>					<!--단위는 mA-->			
			<MaxExpansion TextId="T_MaxExpansion" Value="8" Unit="" Visible="true"/> 			
			<SettableNodeAddrRange TextId="T_SettableNodeAddrRange" Value="1,127" Unit="" Visible="true"/>  
			<Items>
				<Ref TextId="T_CurrentForIOModule" Value="0.7A @5Vdc" Unit="" Visible="true" />	
				<Ref TextId="T_SettableNodeAddrRange" Value="1 ~ 127" Unit="" Visible="true" />
			</Items>
		</Specification>
		
		<Monitoring>
			<CommBlock InitOnly="true" Freq="">	<!-- 아래 Item 정보를 얻기 위해 보낼 Frame 및 파싱 정보. 통신 타입 마다 다른 구조를 갖는다. -->
				<Ref TextId="T_InputImageMode" Type="InputMode" ValueItemTarget="" DataType="Unsigned16" ByteOffset="0" BitOffset="0" Length="1" DefaultValue="2" AllowedValues="1,0,3" Changeable="true" Visible="true"/>
        		<Ref TextId="T_OutputImageMode" Type="OutputMode" ValueItemTarget="" DataType="Unsigned16" ByteOffset="0" BitOffset="0" Length="1" DefaultValue="0" AllowedValues="1,0,1" Changeable="true" Visible="true"/>
        		<Ref TextId="T_WatchdogTime" Type="WatchdogTime" ValueItemTarget="" DataType="Unsigned16" ByteOffset="0" BitOffset="0" Length="1" DefaultValue="50" AllowedValues="1,0,65535" Changeable="true" Visible="true"/>
    			<Ref TextId="T_IOUpdateTime" Type="IOUpdateTime" ValueItemTarget="" DataType="Unsigned16" ByteOffset="0" BitOffset="0" Length="1" DefaultValue="0" AllowedValues="" Changeable="false" Visible="true"/>
 
 				<Ref TextId="T_Firmware" Type="Firmware" ValueItemTarget="" DataType="ByteArea" ByteOffset="0" BitOffset="0" Length="2" DefaultValue="" AllowedValues="" Changeable="false" Visible="true"/>
        		<Ref TextId="T_FirmwareDate" Type="FirmwareDate" ValueItemTarget="" DataType="ByteArea" ByteOffset="0" BitOffset="0" Length="4" DefaultValue="" AllowedValues="" Changeable="false" Visible="true"/>
		       <Ref TextId="T_DipSwitch" Type="DipSwitch" ValueItemTarget="" DataType="ByteArea" ByteOffset="0" BitOffset="0" Length="2" DefaultValue="0" AllowedValues="" Changeable="false" Visible="true"/>
 
 		       <Ref TextId="T_BusStatus" Type="BusStatus" ValueItemTarget="" DataType="ByteArea" ByteOffset="0" BitOffset="0" Length="2" DefaultValue="0" AllowedValues="" Changeable="false" Visible="true"/>    
		       <Ref TextId="T_WatchdogErr" Type="WatchdogErr" ValueItemTarget="" DataType="ByteArea" ByteOffset="0" BitOffset="0" Length="2" DefaultValue="0" AllowedValues="" Changeable="false" Visible="true"/>    
		       <Ref TextId="T_ExpansionSlotNo" Type="ExpansionSlotNo" ValueItemTarget="" DataType="Unsigned16" ByteOffset="0" BitOffset="0" Length="1" DefaultValue="0" AllowedValues="" Changeable="false" Visible="true"/> 		       
				<Ref TextId="T_ActiveSlotNo" Type="ActiveSlotNo" ValueItemTarget="" DataType="Unsigned16" ByteOffset="0" BitOffset="0" Length="1" DefaultValue="0" AllowedValues="" Changeable="false" Visible="true"/> 	
		       <Ref TextId="T_InactiveSlotNo" Type="InactiveSlotNo" ValueItemTarget="" DataType="Unsigned16" ByteOffset="0" BitOffset="0" Length="1" DefaultValue="0" AllowedValues="" Changeable="false" Visible="true"/> 	  
		       <Ref TextId="T_InactiveSlots" Type="InactiveSlots" ValueItemTarget="" DataType="ByteArea" ByteOffset="0" BitOffset="0" Length="4" DefaultValue="0" AllowedValues="" Changeable="false" Visible="true"/>
		       <Ref TextId="T_LiveSlots" Type="LiveSlots" ValueItemTarget="" DataType="ByteArea" ByteOffset="0" BitOffset="0" Length="4" DefaultValue="0" AllowedValues="" Changeable="false" Visible="true"/>       		       
		       <Ref TextId="T_AlarmSlots" Type="AlarmSlots" ValueItemTarget="" DataType="ByteArea" ByteOffset="0" BitOffset="0" Length="4" DefaultValue="0" AllowedValues="" Changeable="false" Visible="true"/>    
      		</CommBlock>   		 
			
			<CommBlock InitOnly="false" Freq="1000">	<!-- 아래 Item 정보를 얻기 위해 보낼 Frame 및 파싱 정보. 통신 타입 마다 다른 구조를 갖는다. --> 
				<Ref TextId="T_MON_Status" Type="Status" ValueItemTarget="" DataType="Unsigned16" ByteOffset="0" BitOffset="0" Length="1" DefaultValue="1" AllowedValues="" Changeable="false" Visible="true"/>
				<Ref TextId="T_MON_LED" Type="LED" ValueItemTarget="" DataType="Unsigned16" ByteOffset="0" BitOffset="0" Length="5" DefaultValue="" AllowedValues="" Changeable="false" Visible="true"/> 							
				<!-- Please, add monitoring item below --> 
									
			</CommBlock>
		</Monitoring> 
		
		<!-- 일체형인 경우 정의한다. -->
		<IOData InputLength="18" OutputLength="12">
			<Input OneChSize="16">
				<Ref TextId="T_AI_Data_00" ChannelType="RTD" Conversion="ByParaVal:1,3" DataType="Float16" Length="1" Unit="" Visible="true"/>
				<Ref TextId="T_AI_Data_01" ChannelType="RTD" Conversion="ByParaVal:4,6" DataType="Float16" Length="1" Unit="" Visible="true"/>
				<Ref TextId="T_AI_Data_02" ChannelType="RTD" Conversion="ByParaVal:7,9" DataType="Float16" Length="1" Unit="" Visible="true"/>
				<Ref TextId="T_AI_Data_03" ChannelType="RTD" Conversion="ByParaVal:10,12" DataType="Float16" Length="1" Unit="" Visible="true"/>
				<Ref TextId="T_AI_Data_04" ChannelType="RTD" Conversion="ByParaVal:13,15" DataType="Float16" Length="1" Unit="" Visible="true"/>
				<Ref TextId="T_AI_Data_05" ChannelType="RTD" Conversion="ByParaVal:16,18" DataType="Float16" Length="1" Unit="" Visible="true"/>	
				<Ref TextId="T_AI_Data_06" ChannelType="AI" Conversion="Linear:0,4095,0,10" DataType="Float16" Length="1" Unit="V" Visible="true"/>
				<Ref TextId="T_AI_Data_07" ChannelType="AI" Conversion="Linear:0,4095,0,10" DataType="Float16" Length="1" Unit="V" Visible="true"/>
				<Ref TextId="T_DI" ChannelType="DI" DataType="BitArea" Length="8" Unit="" Visible="true"/>	
				<!-- Empty,  1Byte --> 
			</Input>
			<Output OneChSize="16">
				<Ref TextId="T_AO_Data_00" ChannelType="AO" Conversion="Linear:0,4095,0,10" DataType="Float16" Length="1" Unit="V" Visible="true"/>
				<Ref TextId="T_AO_Data_01" ChannelType="AO" Conversion="Linear:0,4095,0,10" DataType="Float16" Length="1" Unit="V" Visible="true"/>
				<Ref TextId="T_AO_Data_02" ChannelType="AO" Conversion="Linear:0,4095,0,10" DataType="Float16" Length="1" Unit="V" Visible="true"/>
				<Ref TextId="T_AO_Data_03" ChannelType="AO" Conversion="Linear:0,4095,0,10" DataType="Float16" Length="1" Unit="V" Visible="true"/>	
				<Ref TextId="T_AO_Data_04" ChannelType="AO" Conversion="Linear:0,4095,0,10" DataType="Float16" Length="1" Unit="V" Visible="true"/>
				<Ref TextId="T_AO_Data_05" ChannelType="AO" Conversion="Linear:0,4095,0,10" DataType="Float16" Length="1" Unit="V" Visible="true"/>															
			</Output>
		</IOData>
 
		<Parameters Index="1" Length="12">
			<Name TextId="T_NA parameters"/>	<!-- 통신메뉴얼상의 정의를 기준으로 한다. ByteOffset과 BitOffset을 사용한다. BitArea의 size는 8을 넘을 수 없다. -->  			
			<Const Data="0x00,0x00,0x00,0x00,0x00,0x00,0x00,0x00,0x00,0x00,0x00,0x00"/>
			<Ref TextId="T_REF_Sensor_Type_ch0" ValueItemTarget="IDV_Sensor_Type" DataType="BitArea" ByteOffset="0" BitOffset="0" Length="5" DefaultValue="0" AllowedValues="1,0,31" Changeable="true" Visible="true" />
			<Ref TextId="T_REF_Filter_Type_ch0" ValueItemTarget="IDV_Filter_Type" DataType="Bit" ByteOffset="0" BitOffset="6" Length="1" DefaultValue="0" AllowedValues="1,0,1" Changeable="true" Visible="true" />
			<Ref TextId="T_REF_Temperature_Type_ch0" ValueItemTarget="IDV_Temperature_Type" DataType="Bit" ByteOffset="0" BitOffset="7" Length="1" DefaultValue="0" AllowedValues="1,0,1" Changeable="true" Visible="true" />
			
			<Ref TextId="T_REF_Sensor_Type_ch1" ValueItemTarget="IDV_Sensor_Type" DataType="BitArea" ByteOffset="1" BitOffset="0" Length="5" DefaultValue="0" AllowedValues="1,0,31" Changeable="true" Visible="true" />
			<Ref TextId="T_REF_Filter_Type_ch1" ValueItemTarget="IDV_Filter_Type" DataType="Bit" ByteOffset="1" BitOffset="6" Length="1" DefaultValue="0" AllowedValues="1,0,1" Changeable="true" Visible="true" />
			<Ref TextId="T_REF_Temperature_Type_ch1" ValueItemTarget="IDV_Temperature_Type" DataType="Bit" ByteOffset="1" BitOffset="7" Length="1" DefaultValue="0" AllowedValues="1,0,1" Changeable="true" Visible="true" />
			
			<Ref TextId="T_REF_Sensor_Type_ch2" ValueItemTarget="IDV_Sensor_Type" DataType="BitArea" ByteOffset="2" BitOffset="0" Length="5" DefaultValue="0" AllowedValues="1,0,31" Changeable="true" Visible="true" />
			<Ref TextId="T_REF_Filter_Type_ch2" ValueItemTarget="IDV_Filter_Type" DataType="Bit" ByteOffset="2" BitOffset="6" Length="1" DefaultValue="0" AllowedValues="1,0,1" Changeable="true" Visible="true" />
			<Ref TextId="T_REF_Temperature_Type_ch2" ValueItemTarget="IDV_Temperature_Type" DataType="Bit" ByteOffset="2" BitOffset="7" Length="1" DefaultValue="0" AllowedValues="1,0,1" Changeable="true" Visible="true" />
			
			<Ref TextId="T_REF_Sensor_Type_ch3" ValueItemTarget="IDV_Sensor_Type" DataType="BitArea" ByteOffset="3" BitOffset="0" Length="5" DefaultValue="0" AllowedValues="1,0,31" Changeable="true" Visible="true" />
			<Ref TextId="T_REF_Filter_Type_ch3" ValueItemTarget="IDV_Filter_Type" DataType="Bit" ByteOffset="3" BitOffset="6" Length="1" DefaultValue="0" AllowedValues="1,0,1" Changeable="true" Visible="true" />
			<Ref TextId="T_REF_Temperature_Type_ch3" ValueItemTarget="IDV_Temperature_Type" DataType="Bit" ByteOffset="3" BitOffset="7" Length="1" DefaultValue="0" AllowedValues="1,0,1" Changeable="true" Visible="true" />
			
			<Ref TextId="T_REF_Sensor_Type_ch4" ValueItemTarget="IDV_Sensor_Type" DataType="BitArea" ByteOffset="4" BitOffset="0" Length="5" DefaultValue="0" AllowedValues="1,0,31" Changeable="true" Visible="true" />
			<Ref TextId="T_REF_Filter_Type_ch4" ValueItemTarget="IDV_Filter_Type" DataType="Bit" ByteOffset="4" BitOffset="6" Length="1" DefaultValue="0" AllowedValues="1,0,1" Changeable="true" Visible="true" />
			<Ref TextId="T_REF_Temperature_Type_ch4" ValueItemTarget="IDV_Temperature_Type" DataType="Bit" ByteOffset="4" BitOffset="7" Length="1" DefaultValue="0" AllowedValues="1,0,1" Changeable="true" Visible="true" />
			
			<Ref TextId="T_REF_Sensor_Type_ch5" ValueItemTarget="IDV_Sensor_Type" DataType="BitArea" ByteOffset="5" BitOffset="0" Length="5" DefaultValue="0" AllowedValues="1,0,31" Changeable="true" Visible="true" /> 
			<Ref TextId="T_REF_Filter_Type_ch5" ValueItemTarget="IDV_Filter_Type" DataType="Bit" ByteOffset="5" BitOffset="6" Length="1" DefaultValue="0" AllowedValues="1,0,1" Changeable="true" Visible="true" /> 
			<Ref TextId="T_REF_Temperature_Type_ch5" ValueItemTarget="IDV_Temperature_Type" DataType="Bit" ByteOffset="5" BitOffset="7" Length="1" DefaultValue="0" AllowedValues="1,0,1" Changeable="true" Visible="true" />
				
			<Ref TextId="T_REF_Reserved_Word" ValueItemTarget="" DataType="Unsigned16" ByteOffset="6" BitOffset="0" Length="1" DefaultValue="0" AllowedValues="1,0,0" Changeable="false" Visible="false" />
			
			<Ref TextId="T_REF_Fault_Action_ch0" ValueItemTarget="IDV_Fault_Action_NAAO" DataType="BitArea" ByteOffset="8" BitOffset="0" Length="2" DefaultValue="0" AllowedValues="1,0,3" Changeable="true" Visible="true" />
			<Ref TextId="T_REF_Fault_Action_ch1" ValueItemTarget="IDV_Fault_Action_NAAO" DataType="BitArea" ByteOffset="8" BitOffset="2" Length="2" DefaultValue="0" AllowedValues="1,0,3" Changeable="true" Visible="true" />
			<Ref TextId="T_REF_Fault_Action_ch2" ValueItemTarget="IDV_Fault_Action_NAAO" DataType="BitArea" ByteOffset="8" BitOffset="4" Length="2" DefaultValue="0" AllowedValues="1,0,3" Changeable="true" Visible="true" />
			<Ref TextId="T_REF_Fault_Action_ch3" ValueItemTarget="IDV_Fault_Action_NAAO" DataType="BitArea" ByteOffset="8" BitOffset="6" Length="2" DefaultValue="0" AllowedValues="1,0,3" Changeable="true" Visible="true" />
			<Ref TextId="T_REF_Fault_Action_ch4" ValueItemTarget="IDV_Fault_Action_NAAO" DataType="BitArea" ByteOffset="9" BitOffset="0" Length="2" DefaultValue="0" AllowedValues="1,0,3" Changeable="true" Visible="true" />
			<Ref TextId="T_REF_Fault_Action_ch5" ValueItemTarget="IDV_Fault_Action_NAAO" DataType="BitArea" ByteOffset="9" BitOffset="2" Length="2" DefaultValue="0" AllowedValues="1,0,3" Changeable="true" Visible="true" />
			<Ref TextId="T_REF_Reserved_2Bit" ValueItemTarget="" DataType="BitArea" ByteOffset="9" BitOffset="4" Length="4" DefaultValue="0" AllowedValues="1,0,0" Changeable="false" Visible="false" />
			<Ref TextId="T_REF_SubstituteValue_NAIO" ValueItemTarget="" DataType="Unsigned16" ByteOffset="10" BitOffset="0" Length="1" DefaultValue="0" AllowedValues="1,0,4095" Changeable="true" Visible="true" />
			<!-- Please, add parameter below --> 
			
		</Parameters>			


		<!-- ============================================================================================ -->
		<!--      Value list                                                                              -->
		<!-- ============================================================================================ -->
		<ValueList>
			<ValueItem ID="IDV_Word_data_format"> 
				<Assign Content="0" TextId="T_INTEL"/>
				<Assign Content="1" TextId="T_MOTOROLA"/> 
			</ValueItem>
			<ValueItem ID="IDV_Stop_Action"> 
				<Assign Content="0" TextId="T_Clear_FnBus_Run"/>
				<Assign Content="1" TextId="T_Hold_FnBus_Run"/>
				<Assign Content="2" TextId="T_Fault_Acttion"/> 
			</ValueItem>
			<ValueItem ID="IDV_Sensor_Type"> 
				<Assign Content="0" TextId="T_PT100" Conversion="Resolution:0.1,-2000,8500,-200,850" Unit=""/>
				<Assign Content="1" TextId="T_PT1000" Conversion="Resolution:0.1,-2000,3500,-200,350" Unit=""/>
				<Assign Content="2" TextId="T_JPT100" Conversion="Resolution:0.1,-2000,6400,-200,640" Unit=""/>
				<Assign Content="3" TextId="T_NI100" Conversion="Resolution:0.1,-600,2500,-60,250" Unit=""/>
				<Assign Content="4" TextId="T_NI120" Conversion="Resolution:0.1,-800,2500,-80,250" Unit=""/>
				<Assign Content="5" TextId="T_PT50" Conversion="Resolution:0.1,-2000,8500,-200,850" Unit=""/>
				<Assign Content="6" TextId="T_PT200" Conversion="Resolution:0.1,-2000,8500,-200,850" Unit=""/>
				<Assign Content="7" TextId="T_PT500" Conversion="Resolution:0.1,-2000,8500,-200,850" Unit=""/>
				<Assign Content="8" TextId="T_JPT50" Conversion="Resolution:0.1,-2000,6400,-200,640" Unit=""/>
				<Assign Content="9" TextId="T_JPT200" Conversion="Resolution:0.1,-2000,6400,-200,640" Unit=""/> 
				<Assign Content="10" TextId="T_JPT500" Conversion="Resolution:0.1,-2000,6400,-200,640" Unit=""/>
				<Assign Content="11" TextId="T_JPT1000" Conversion="Resolution:0.1,-2000,3500,-200,350" Unit=""/>
				<Assign Content="12" TextId="T_NI200" Conversion="Resolution:0.1,-600,2500,-60,250" Unit=""/>
				<Assign Content="13" TextId="T_NI500" Conversion="Resolution:0.1,-600,2500,-60,250" Unit=""/>
				<Assign Content="14" TextId="T_NI1000" Conversion="Resolution:0.1,-600,1800,-60,180" Unit=""/>
				<Assign Content="15" TextId="T_CU10" Conversion="Resolution:0.1,-2000,2600,-200,260" Unit=""/>
				<Assign Content="16" TextId="T_NI1000LG" Conversion="Resolution:0.1,-500,1200,-50,120" Unit=""/>
				<Assign Content="24" TextId="T_1to2000ohm" Conversion="Resolution:0.1,10,20000,1,2000" Unit="ohm"/>
				<Assign Content="25" TextId="T_1to1200ohm" Conversion="Resolution:0.05,20,24000,1,1200" Unit="ohm"/>
				<Assign Content="26" TextId="T_1to620ohm" Conversion="Resolution:0.02,50,31000,1,620" Unit="ohm"/>  
				<Assign Content="27" TextId="T_1to327ohm" Conversion="Resolution:0.01,100,32700,1,327" Unit="ohm"/>
			</ValueItem>
			<ValueItem ID="IDV_Temperature_Type"> 
				<Assign Content="0" TextId="T_Celsius" Unit="°C"/>
				<Assign Content="1" TextId="T_Fahrenheit" Unit="°F"/>
			</ValueItem>
			<ValueItem ID="IDV_Filter_Type"> 
				<Assign Content="0" TextId="T_NormalFilter"/>
				<Assign Content="1" TextId="T_EnhancedFilter"/>
			</ValueItem>
			<ValueItem ID="IDV_Fault_Action_NAAO">
				<Assign Content="0" TextId="T_FaultValue"/>
				<Assign Content="1" TextId="T_HoldLastState"/>
				<Assign Content="2" TextId="T_Lowlimit"/>
				<Assign Content="3" TextId="T_Highlimit"/>
			</ValueItem>
		</ValueList>


		<!-- Diag 정의 --> 

	</DeviceInfo>
	
	<!-- Please, add NA modules below --> 
	

	 
 
		
 
</CouplerProfile>
 