<?xml version="1.0" encoding="UTF-8"?>

<!--**********************************************************************
** $File: NA9288.xml 
** $Descrip: Define Network Adapter (NA-9288)
** $Version: 1.0.0.0 
** $Maker: CREVIS
** $History   
**   ! 2012.06.05 - v1000. First Release
**   ! 2013.02.01 - v1105. Import this module.
**   ! 2013.03.18 - v1105. String feature bug fixed. 
** ******************************************************************* --> 

<CouplerProfile>
	<DeviceInfo ID="IDM_NA9288" DeviceID="0x7090" Category="SNA" BusNum="2" BusType="IDB_EthernetIP" BusType1="IDB_Modbus232">
		<General>
			<Name TextId="T_NA9288"/>
			<InfoText TextId="T_INFO_NA9288"/>
			<OrderNumber Value="NA9288"/>
			<GraphicFile Value="NA-9288"/> 
			<HelpLink Value="NA-9288.htm"/>
      <CommDriver1 CommType="" FileName="" FileType="" CommParas="" MemoryOrder="0"/>
      <CommDriver2 CommType="RS232C" FileName="modbusDrv" FileType="dll" CommParas="250" MemoryOrder="0"/>
      <FactorySetting Communicate="9600, 8, NOPARITY, 1" />
      <KeySpec Value="Supply voltage : 24Vdc nominal. 11~28.8Vdc"/> 			
			<Features FieldPwrCutoffNext="false" />
		</General>
		
		<Specification>
			<HardwareVer TextId="T_HardwareVer" Value="1.00" Unit="" Visible="false"/>				
			<MaxNodes TextId="T_MaxNodes" Value="100" Unit="" Visible="true"/> 				
			<InputMaxSize TextId="T_InputMaxSize" Value="252" Unit="Byte" Visible="true"/> 
			<OutputMaxSize TextId="T_OutputMaxSize" Value="252" Unit="Byte" Visible="true"/> 				
			<Dimension TextId="T_Dimension" Height="99" Width="70" Value="54" Unit="mm" Visible="true"/>			
			<PowerDissipation TextId="T_PowerDissipation" Value="120" Unit="mA" Visible="true"/>					<!--단위는 mA-->
			<MaxPowerForIOs TextId="T_MaxPowerForIOs" Value="1500" Unit="mA" Visible="true"/>					<!--단위는 mA-->			
			<MaxExpansion TextId="T_MaxExpansion" Value="63" Unit="" Visible="true"/> 			
			<SettableNodeAddrRange TextId="T_SettableNodeAddrRange" Value="1,1" Unit="" Visible="true"/> 
			<Items>
				<Ref TextId="T_CurrentForIOModule" Value="1.5A @5Vdc" Unit="" Visible="true" />	
				<Ref TextId="T_SettableNodeAddrRange" Value="1" Unit="" Visible="true" />
			</Items>
		</Specification>

    <Monitoring>
      <CommBlock InitOnly="true" Freq="">
        <!-- 아래 Item 정보를 얻기 위해 보낼 Frame 및 파싱 정보. 통신 타입 마다 다른 구조를 갖는다. -->
        <Ref TextId="T_InputImageMode" Type="InputMode" ValueItemTarget="" DataType="Unsigned16" ByteOffset="0" BitOffset="0" Length="1" DefaultValue="2" AllowedValues="1,0,3" Changeable="true" Visible="true"/>
        <Ref TextId="T_OutputImageMode" Type="OutputMode" ValueItemTarget="" DataType="Unsigned16" ByteOffset="0" BitOffset="0" Length="1" DefaultValue="0" AllowedValues="1,0,1" Changeable="true" Visible="true"/>
        <Ref TextId="T_WatchdogTime" Type="WatchdogTime" ValueItemTarget="" DataType="Unsigned16" ByteOffset="0" BitOffset="0" Length="1" DefaultValue="0" AllowedValues="1,0,65535" Changeable="true" Visible="true"/>
        <Ref TextId="T_Firmware" Type="Firmware" ValueItemTarget="" DataType="ByteArea" ByteOffset="0" BitOffset="0" Length="2" DefaultValue="" AllowedValues="" Changeable="false" Visible="true"/>
        <Ref TextId="T_FirmwareDate" Type="FirmwareDate" ValueItemTarget="" DataType="ByteArea" ByteOffset="0" BitOffset="0" Length="4" DefaultValue="" AllowedValues="" Changeable="false" Visible="true"/>
      </CommBlock>

      <CommBlock InitOnly="false" Freq="1000">
        <!-- 아래 Item 정보를 얻기 위해 보낼 Frame 및 파싱 정보. 통신 타입 마다 다른 구조를 갖는다. -->
        <Ref TextId="T_MON_Status" Type="Status" ValueItemTarget="" DataType="Unsigned16" ByteOffset="0" BitOffset="0" Length="1" DefaultValue="1" AllowedValues="" Changeable="false" Visible="true"/>
        <Ref TextId="T_MON_LED" Type="LED" ValueItemTarget="" DataType="Unsigned16" ByteOffset="0" BitOffset="0" Length="5" DefaultValue="" AllowedValues="" Changeable="false" Visible="true"/>
        <!-- Please, add monitoring item below -->
      </CommBlock>
    </Monitoring>

    <IOData/>
    <Parameters/>
    <!-- ============================================================================================ -->
    <!--      Value list                                                                              -->
    <!-- ============================================================================================ -->
    <ValueList>
      <ValueItem ID="IDV_Word_data_format">
        <Assign Content="0" TextId="T_INTEL"/>
        <Assign Content="1" TextId="T_MOTOROLA"/>
      </ValueItem>
      <ValueItem ID="IDV_Stop_Action">
        <Assign Content="0" TextId="T_Clear_FnBus_Run"/>
        <Assign Content="1" TextId="T_Hold_FnBus_Run"/>
        <Assign Content="2" TextId="T_Fault_Acttion"/>
      </ValueItem>
    </ValueList>

		<!-- Diag 정의 --> 
	</DeviceInfo>
</CouplerProfile>
 