<?xml version="1.0" encoding="UTF-8"?>

<!--**********************************************************************
** $File: ST122F.xml 
** $Descrip: Define I/O module (ST-122F)
** $Version: 1.0.0.0 
** $Maker: CREVIS
** $History   
**   ! 2009.05.10 - v1000. First Release
 
** ******************************************************************* --> 

<IOProfile>
	<DeviceInfo ID="IDM_ST122F" DeviceID="0x14" Category="SDI">
		<General>
			<Name TextId="T_ST122F"/>
			<InfoText TextId="T_INFO_ST122F"/>
			<OrderNumber Value="ST-122F"/>
			<GraphicFile Value="ST-122F"/>
			<HelpLink Value="ST-122F.htm"/>
			<KeySpec Value="ON-state Voltage: 24Vdc nominal. Min. 11Vdc to Max. 28.8Vdc"/> 
			<Features AddrMapPriority="16" CanCommunication="true" FieldPwrCutoffBefore="false" FieldPwrFreeNext = "false" SystemPwrExpansion="0"/>
		</General>

		<Specification>
			<HardwareVer TextId="T_HardwareVer" Value="2.00" Unit="" Visible="true"/>
			<PowerDissipation TextId="T_PowerDissipation" Value="45" Unit="mA" Visible="true"/>	 		<!--단위는 mA-->
			<FieldPower TextId="T_FieldPower" Value="24"  Unit="Vdc" Visible="true"/>
			<Dimension TextId="T_Dimension" Height="99" Width="70" Value="12" Unit="mm" Visible="true"/>
			<AllowedInSlots TextId="T_AllowedInSlots" Value="1..32" Unit="" Visible="true"/>	

			<Items>
				<Ref TextId="T_FieldPowerRange" Value="24Vdc nominal. 11~28.8Vdc" Unit="" Visible="true" />	
				<Ref TextId="T_ONStateVoltage" Value="24Vdc nominal. Min. 11Vdc to Max. 28.8Vdc" Unit="" Visible="true" />
				<Ref TextId="T_MinOffStateVoltage" Value="Max. 5Vdc" Unit="" Visible="true" />										
				<Ref TextId="T_OnStateCurrent" Value="Max. 6mA / point @28.8Vdc" Unit="" Visible="true" /> 
			</Items>
		</Specification> 
			
		<Monitoring>
			<CommBlock InitOnly="true" Freq=""/>
		</Monitoring>

		<IOData InputLength="2" OutputLength="0">
			<Input OneChSize="1">
				<Ref TextId="T_DI" ChannelType="DI" DataType="BitArea" Length="16" Unit="" Visible="true"/>
			</Input>
		</IOData>

		<Parameters/>
		
		<!-- Diag 정의 --> 
		
	</DeviceInfo>
		

	<!-- Please, add IO modules below --> 
	
	 
		
		
 
</IOProfile>
