<?xml version="1.0" encoding="UTF-8"?>

<!--**********************************************************************
** $File: ST3118.xml 
** $Descrip: Define I/O module (ST-3118)
** $Version: 1.0.0.0 
** $Maker: CREVIS
** $History   
**   ! 2009.05.10 - v1000. First Release
 
** ******************************************************************* --> 

<IOProfile>
	<DeviceInfo ID="IDM_ST3118" DeviceID="0x82" Category="SAI">	
		<General> 
			<Name TextId="T_ST3118"/>
			<InfoText TextId="T_INFO_ST3118"/>
			<OrderNumber Value="ST-3118"/>
			<GraphicFile Value="ST-3118"/> 
			<HelpLink Value="ST-3118.htm"/>
			<KeySpec Value="Input current Range : 0-20mA"/>
			<Features AddrMapPriority="A" CanCommunication="true" FieldPwrCutoffBefore="false" FieldPwrFreeNext = "false" SystemPwrExpansion="0"/>
		</General>
			
		<Specification>
			<HardwareVer TextId="T_HardwareVer" Value="2.00" Unit="" Visible="true"/>	 
			<PowerDissipation TextId="T_PowerDissipation" Value="80" Unit="mA" Visible="true"/>	 		<!--단위는 mA-->
			<FieldPower TextId="T_FieldPower" Value="24"  Unit="Vdc" Visible="true"/>									
			<Dimension TextId="T_Dimension" Height="99" Width="70" Value="12" Unit="mm" Visible="true"/>
			<AllowedInSlots TextId="T_AllowedInSlots" Value="1..32" Unit="" Visible="true"/>	
														
			<Items>
				<Ref TextId="T_ResolutionRanges" Value="12Bits : 4.88uA/Bit" Unit="" Visible="true" /> 			
				<Ref TextId="T_InputCurrentRange" Value="0 ~ 20mA" Unit="" Visible="true" /> 	
				<Ref TextId="T_InputImpedance" Value="120ohm" Unit="" Visible="true" /> 	 
			</Items>
		</Specification> 
			
		<Monitoring>
			<CommBlock InitOnly="true" Freq=""/>
		</Monitoring>
 
		<IOData InputLength="16" OutputLength="0">
			<Input OneChSize="16">
				<Ref TextId="T_AI_Data_00" ChannelType="AI" Conversion="Linear:0,4095,0,20" DataType="Float16" Length="1" Unit="mA" Visible="true"/>
				<Ref TextId="T_AI_Data_01" ChannelType="AI" Conversion="Linear:0,4095,0,20" DataType="Float16" Length="1" Unit="mA" Visible="true"/>
				<Ref TextId="T_AI_Data_02" ChannelType="AI" Conversion="Linear:0,4095,0,20" DataType="Float16" Length="1" Unit="mA" Visible="true"/>
				<Ref TextId="T_AI_Data_03" ChannelType="AI" Conversion="Linear:0,4095,0,20" DataType="Float16" Length="1" Unit="mA" Visible="true"/>
				<Ref TextId="T_AI_Data_04" ChannelType="AI" Conversion="Linear:0,4095,0,20" DataType="Float16" Length="1" Unit="mA" Visible="true"/>
				<Ref TextId="T_AI_Data_05" ChannelType="AI" Conversion="Linear:0,4095,0,20" DataType="Float16" Length="1" Unit="mA" Visible="true"/>
				<Ref TextId="T_AI_Data_06" ChannelType="AI" Conversion="Linear:0,4095,0,20" DataType="Float16" Length="1" Unit="mA" Visible="true"/>
				<Ref TextId="T_AI_Data_07" ChannelType="AI" Conversion="Linear:0,4095,0,20" DataType="Float16" Length="1" Unit="mA" Visible="true"/>
			</Input>
		</IOData>

		<Parameters/> 
		
		<!-- Diag 정의 --> 
		
	</DeviceInfo>
		

	<!-- Please, add IO modules below --> 
	
	 
		
		
 
</IOProfile>
