<?xml version="1.0" encoding="UTF-8"?>

<!--**********************************************************************
** $File: ST5272.xml 
** $Descrip: Define I/O module (ST-5272)
** $Version: 1.0.0.0 
** $Maker: CREVIS
** $History   
**   ! 2009.05.10 - v1000. First Release
      개발 중단 모듈 사용 금지!
** ******************************************************************* --> 

<IOProfile>
	<DeviceInfo ID="IDM_ST5272" DeviceID="0x43" Category="SSpecial">	
		<General> 
			<Name TextId="T_ST5272"/>
			<InfoText TextId="T_INFO_ST5272"/>
			<OrderNumber Value="ST-5272"/>
			<GraphicFile Value="ST-5272"/> 
			<HelpLink Value="ST-5272.htm"/>  
			<KeySpec Value="2 Channels RS 485 Serial Interface"/> 			
			<Features AddrMapPriority="B" CanCommunication="true" FieldPwrCutoffBefore="false" FieldPwrFreeNext = "false" SystemPwrExpansion="0"/>			
		</General>
			
		<Specification>
			<HardwareVer TextId="T_HardwareVer" Value="2.00" Unit="" Visible="true"/>	 
			<PowerDissipation TextId="T_PowerDissipation" Value="155" Unit="mA" Visible="true"/>	 		<!--단위는 mA-->
			<FieldPower TextId="T_FieldPower" Value="24"  Unit="Vdc" Visible="true"/>							
			<Dimension TextId="T_Dimension" Height="99" Width="70" Value="12" Unit="mm" Visible="true"/>
			<AllowedInSlots TextId="T_AllowedInSlots" Value="1..32" Unit="" Visible="true"/>	
														
			<Items>
				<Ref TextId="T_DataBuffer" Value="" Unit="" Visible="false" />	
				<Ref TextId="T_RxdBuffer" Value="256 bytes" Unit="" Visible="true" /> 			
				<Ref TextId="T_TxdBuffer" Value="256 bytes" Unit="" Visible="true" /> 	
				<Ref TextId="T_InputImageSize" Value="38 bytes" Unit="" Visible="true" /> 	 	
				<Ref TextId="T_OutputImageSize" Value="38 bytes" Unit="" Visible="true" /> 	 					
			</Items>
		</Specification>

		<Monitoring>
			<CommBlock InitOnly="true" Freq=""/>
		</Monitoring>

    <IOData InputLength="38" OutputLength="38">
      <Input OneChSize="8">
        <Ref TextId="T_Response_Byte" ChannelType="BI" DataType="ByteArea" Length="1" Unit="" Visible="true"/>
        <Ref TextId="T_InDataLen_Timeout" ChannelType="BI" DataType="ByteArea" Length="1" Unit="" Visible="true"/>
        <Ref TextId="T_STATUS_Byte_00" ChannelType="BI" DataType="ByteArea" Length="1" Unit="" Visible="true"/>
        <Ref TextId="T_STATUS_Byte_01" ChannelType="BI" DataType="ByteArea" Length="1" Unit="" Visible="true"/>
        <Ref TextId="T_IncomingDL_00" ChannelType="BI" DataType="ByteArea" Length="1" Unit="" Visible="true"/>
        <Ref TextId="T_IncomingDL_01" ChannelType="BI" DataType="ByteArea" Length="1" Unit="" Visible="true"/>
        <Ref TextId="T_Byte_InData_00" ChannelType="BI" DataType="ByteArea" Length="1" Unit="" Visible="true"/>
        <Ref TextId="T_Byte_InData_01" ChannelType="BI" DataType="ByteArea" Length="1" Unit="" Visible="true"/>
        <Ref TextId="T_Byte_InData_02" ChannelType="BI" DataType="ByteArea" Length="1" Unit="" Visible="true"/>
        <Ref TextId="T_Byte_InData_03" ChannelType="BI" DataType="ByteArea" Length="1" Unit="" Visible="true"/>
        <Ref TextId="T_Byte_InData_04" ChannelType="BI" DataType="ByteArea" Length="1" Unit="" Visible="true"/>
        <Ref TextId="T_Byte_InData_05" ChannelType="BI" DataType="ByteArea" Length="1" Unit="" Visible="true"/>
        <Ref TextId="T_Byte_InData_06" ChannelType="BI" DataType="ByteArea" Length="1" Unit="" Visible="true"/>
        <Ref TextId="T_Byte_InData_07" ChannelType="BI" DataType="ByteArea" Length="1" Unit="" Visible="true"/>
        <Ref TextId="T_Byte_InData_08" ChannelType="BI" DataType="ByteArea" Length="1" Unit="" Visible="true"/>
        <Ref TextId="T_Byte_InData_09" ChannelType="BI" DataType="ByteArea" Length="1" Unit="" Visible="true"/>
        <Ref TextId="T_Byte_InData_10" ChannelType="BI" DataType="ByteArea" Length="1" Unit="" Visible="true"/>
        <Ref TextId="T_Byte_InData_11" ChannelType="BI" DataType="ByteArea" Length="1" Unit="" Visible="true"/>
        <Ref TextId="T_Byte_InData_12" ChannelType="BI" DataType="ByteArea" Length="1" Unit="" Visible="true"/>
        <Ref TextId="T_Byte_InData_13" ChannelType="BI" DataType="ByteArea" Length="1" Unit="" Visible="true"/>
        <Ref TextId="T_Byte_InData_14" ChannelType="BI" DataType="ByteArea" Length="1" Unit="" Visible="true"/>
        <Ref TextId="T_Byte_InData_15" ChannelType="BI" DataType="ByteArea" Length="1" Unit="" Visible="true"/>
        <Ref TextId="T_Byte_InData_16" ChannelType="BI" DataType="ByteArea" Length="1" Unit="" Visible="true"/>
        <Ref TextId="T_Byte_InData_17" ChannelType="BI" DataType="ByteArea" Length="1" Unit="" Visible="true"/>
        <Ref TextId="T_Byte_InData_18" ChannelType="BI" DataType="ByteArea" Length="1" Unit="" Visible="true"/>
        <Ref TextId="T_Byte_InData_19" ChannelType="BI" DataType="ByteArea" Length="1" Unit="" Visible="true"/>
        <Ref TextId="T_Byte_InData_20" ChannelType="BI" DataType="ByteArea" Length="1" Unit="" Visible="true"/>
        <Ref TextId="T_Byte_InData_21" ChannelType="BI" DataType="ByteArea" Length="1" Unit="" Visible="true"/>
        <Ref TextId="T_Byte_InData_22" ChannelType="BI" DataType="ByteArea" Length="1" Unit="" Visible="true"/>
        <Ref TextId="T_Byte_InData_23" ChannelType="BI" DataType="ByteArea" Length="1" Unit="" Visible="true"/>
        <Ref TextId="T_Byte_InData_24" ChannelType="BI" DataType="ByteArea" Length="1" Unit="" Visible="true"/>
        <Ref TextId="T_Byte_InData_25" ChannelType="BI" DataType="ByteArea" Length="1" Unit="" Visible="true"/>
        <Ref TextId="T_Byte_InData_26" ChannelType="BI" DataType="ByteArea" Length="1" Unit="" Visible="true"/>
        <Ref TextId="T_Byte_InData_27" ChannelType="BI" DataType="ByteArea" Length="1" Unit="" Visible="true"/>
        <Ref TextId="T_Byte_InData_28" ChannelType="BI" DataType="ByteArea" Length="1" Unit="" Visible="true"/>
        <Ref TextId="T_Byte_InData_29" ChannelType="BI" DataType="ByteArea" Length="1" Unit="" Visible="true"/>
        <Ref TextId="T_Byte_InData_30" ChannelType="BI" DataType="ByteArea" Length="1" Unit="" Visible="true"/>
        <Ref TextId="T_Byte_InData_31" ChannelType="BI" DataType="ByteArea" Length="1" Unit="" Visible="true"/>
      </Input>
      <Output OneChSize="8">
        <Ref TextId="T_Response_Byte" ChannelType="BO" DataType="ByteArea" Length="1" Unit="" Visible="true"/>
        <Ref TextId="T_OutDataLen" ChannelType="BO" DataType="ByteArea" Length="1" Unit="" Visible="true"/>
        <Ref TextId="T_Reserved" ChannelType="BO" DataType="ByteArea" Length="1" Unit="" Visible="false"/>
        <Ref TextId="T_Reserved" ChannelType="BO" DataType="ByteArea" Length="1" Unit="" Visible="false"/>
        <Ref TextId="T_Reserved" ChannelType="BO" DataType="ByteArea" Length="1" Unit="" Visible="false"/>
        <Ref TextId="T_Reserved" ChannelType="BO" DataType="ByteArea" Length="1" Unit="" Visible="false"/>
        <Ref TextId="T_Byte_OutData_00" ChannelType="BO" DataType="ByteArea" Length="1" Unit="" Visible="true"/>
        <Ref TextId="T_Byte_OutData_01" ChannelType="BO" DataType="ByteArea" Length="1" Unit="" Visible="true"/>
        <Ref TextId="T_Byte_OutData_02" ChannelType="BO" DataType="ByteArea" Length="1" Unit="" Visible="true"/>
        <Ref TextId="T_Byte_OutData_03" ChannelType="BO" DataType="ByteArea" Length="1" Unit="" Visible="true"/>
        <Ref TextId="T_Byte_OutData_04" ChannelType="BO" DataType="ByteArea" Length="1" Unit="" Visible="true"/>
        <Ref TextId="T_Byte_OutData_05" ChannelType="BO" DataType="ByteArea" Length="1" Unit="" Visible="true"/>
        <Ref TextId="T_Byte_OutData_06" ChannelType="BO" DataType="ByteArea" Length="1" Unit="" Visible="true"/>
        <Ref TextId="T_Byte_OutData_07" ChannelType="BO" DataType="ByteArea" Length="1" Unit="" Visible="true"/>
        <Ref TextId="T_Byte_OutData_08" ChannelType="BO" DataType="ByteArea" Length="1" Unit="" Visible="true"/>
        <Ref TextId="T_Byte_OutData_09" ChannelType="BO" DataType="ByteArea" Length="1" Unit="" Visible="true"/>
        <Ref TextId="T_Byte_OutData_10" ChannelType="BO" DataType="ByteArea" Length="1" Unit="" Visible="true"/>
        <Ref TextId="T_Byte_OutData_11" ChannelType="BO" DataType="ByteArea" Length="1" Unit="" Visible="true"/>
        <Ref TextId="T_Byte_OutData_12" ChannelType="BO" DataType="ByteArea" Length="1" Unit="" Visible="true"/>
        <Ref TextId="T_Byte_OutData_13" ChannelType="BO" DataType="ByteArea" Length="1" Unit="" Visible="true"/>
        <Ref TextId="T_Byte_OutData_14" ChannelType="BO" DataType="ByteArea" Length="1" Unit="" Visible="true"/>
        <Ref TextId="T_Byte_OutData_15" ChannelType="BO" DataType="ByteArea" Length="1" Unit="" Visible="true"/>
        <Ref TextId="T_Byte_OutData_16" ChannelType="BO" DataType="ByteArea" Length="1" Unit="" Visible="true"/>
        <Ref TextId="T_Byte_OutData_17" ChannelType="BO" DataType="ByteArea" Length="1" Unit="" Visible="true"/>
        <Ref TextId="T_Byte_OutData_18" ChannelType="BO" DataType="ByteArea" Length="1" Unit="" Visible="true"/>
        <Ref TextId="T_Byte_OutData_19" ChannelType="BO" DataType="ByteArea" Length="1" Unit="" Visible="true"/>
        <Ref TextId="T_Byte_OutData_20" ChannelType="BO" DataType="ByteArea" Length="1" Unit="" Visible="true"/>
        <Ref TextId="T_Byte_OutData_21" ChannelType="BO" DataType="ByteArea" Length="1" Unit="" Visible="true"/>
        <Ref TextId="T_Byte_OutData_22" ChannelType="BO" DataType="ByteArea" Length="1" Unit="" Visible="true"/>
        <Ref TextId="T_Byte_OutData_23" ChannelType="BO" DataType="ByteArea" Length="1" Unit="" Visible="true"/>
        <Ref TextId="T_Byte_OutData_24" ChannelType="BO" DataType="ByteArea" Length="1" Unit="" Visible="true"/>
        <Ref TextId="T_Byte_OutData_25" ChannelType="BO" DataType="ByteArea" Length="1" Unit="" Visible="true"/>
        <Ref TextId="T_Byte_OutData_26" ChannelType="BO" DataType="ByteArea" Length="1" Unit="" Visible="true"/>
        <Ref TextId="T_Byte_OutData_27" ChannelType="BO" DataType="ByteArea" Length="1" Unit="" Visible="true"/>
        <Ref TextId="T_Byte_OutData_28" ChannelType="BO" DataType="ByteArea" Length="1" Unit="" Visible="true"/>
        <Ref TextId="T_Byte_OutData_29" ChannelType="BO" DataType="ByteArea" Length="1" Unit="" Visible="true"/>
        <Ref TextId="T_Byte_OutData_30" ChannelType="BO" DataType="ByteArea" Length="1" Unit="" Visible="true"/>
        <Ref TextId="T_Byte_OutData_31" ChannelType="BO" DataType="ByteArea" Length="1" Unit="" Visible="true"/>
      </Output>
    </IOData>

    <Parameters Index="1" Length="4">
			<Name TextId="T_Module parameters"/>
			<Const Data="0x20,0x00,0x20,0x00"/>
			<Ref TextId="T_REF_Baud_Rate_ch0" ValueItemTarget="IDV_Baud_Rate" DataType="BitArea" ByteOffset="0" BitOffset="0" Length="4" DefaultValue="0" AllowedValues="1,0,15" Changeable="true" Visible="true"/>
			<Ref TextId="T_REF_Data_Bit_ch0" ValueItemTarget="IDV_Data_Bit" DataType="BitArea" ByteOffset="0" BitOffset="4" Length="2" DefaultValue="0" AllowedValues="1,0,3" Changeable="true" Visible="true"/>
			<Ref TextId="T_REF_Parity_Bit_ch0" ValueItemTarget="IDV_Parity_Bit" DataType="BitArea" ByteOffset="0" BitOffset="6" Length="2" DefaultValue="0" AllowedValues="1,0,3" Changeable="true" Visible="true"/>
			<Ref TextId="T_REF_Stop_Bit_ch0" ValueItemTarget="IDV_Stop_Bit" DataType="Bit" ByteOffset="1" BitOffset="0" Length="1" DefaultValue="0" AllowedValues="1,0,1" Changeable="true" Visible="true"/>
			<Ref TextId="T_REF_TxD_ch0" ValueItemTarget="IDV_TxD" DataType="Bit" ByteOffset="1" BitOffset="1" Length="1" DefaultValue="0" AllowedValues="1,0,1" Changeable="true" Visible="true"/>
			<Ref TextId="T_REF_Flow_Control_ch0" ValueItemTarget="IDV_Flow_Control" DataType="BitArea" ByteOffset="1" BitOffset="2" Length="2" DefaultValue="0" AllowedValues="1,0,3" Changeable="true" Visible="true"/>
			<Ref TextId="T_REF_Baud_Rate_ch1" ValueItemTarget="IDV_Baud_Rate" DataType="BitArea" ByteOffset="2" BitOffset="0" Length="4" DefaultValue="0" AllowedValues="1,0,15" Changeable="true" Visible="true"/>
			<Ref TextId="T_REF_Data_Bit_ch1" ValueItemTarget="IDV_Data_Bit" DataType="BitArea" ByteOffset="2" BitOffset="4" Length="2" DefaultValue="0" AllowedValues="1,0,3" Changeable="true" Visible="true"/>
			<Ref TextId="T_REF_Parity_Bit_ch1" ValueItemTarget="IDV_Parity_Bit" DataType="BitArea" ByteOffset="2" BitOffset="6" Length="2" DefaultValue="0" AllowedValues="1,0,3" Changeable="true" Visible="true"/>
			<Ref TextId="T_REF_Stop_Bit_ch1" ValueItemTarget="IDV_Stop_Bit" DataType="Bit" ByteOffset="3" BitOffset="0" Length="1" DefaultValue="0" AllowedValues="1,0,1" Changeable="true" Visible="true"/>
			<Ref TextId="T_REF_TxD_ch1" ValueItemTarget="IDV_TxD" DataType="Bit" ByteOffset="3" BitOffset="1" Length="1" DefaultValue="0" AllowedValues="1,0,1" Changeable="true" Visible="true"/>
			<Ref TextId="T_REF_Flow_Control_ch1" ValueItemTarget="IDV_Flow_Control" DataType="BitArea" ByteOffset="3" BitOffset="2" Length="2" DefaultValue="0" AllowedValues="1,0,3" Changeable="true" Visible="true"/>
			<!-- Please, add parameter below --> 
			
		</Parameters>
		
		<!-- ============================================================================================ -->
		<!--      Value list                                                                              -->
		<!-- ============================================================================================ -->
		<ValueList> 
			<ValueItem ID="IDV_Baud_Rate"> 
				<Assign Content="0" TextId="T_300bps"/>
				<Assign Content="1" TextId="T_1200bps"/>
				<Assign Content="2" TextId="T_2400bps"/>
				<Assign Content="3" TextId="T_4800bps"/>
				<Assign Content="4" TextId="T_9600bps"/>
				<Assign Content="5" TextId="T_19200bps"/>
				<Assign Content="6" TextId="T_38400bps"/>
				<Assign Content="7" TextId="T_57600bps"/>
				<Assign Content="8" TextId="T_115200bps"/>
			</ValueItem>
			<ValueItem ID="IDV_Data_Bit"> 
				<Assign Content="0" TextId="T_7DataBit"/>
				<Assign Content="1" TextId="T_8DataBit"/>
				<Assign Content="2" TextId="T_9DataBit"/>
			</ValueItem>
			<ValueItem ID="IDV_Parity_Bit"> 
				<Assign Content="0" TextId="T_NoParity"/>
				<Assign Content="1" TextId="T_OddParity"/>
				<Assign Content="2" TextId="T_EvenParity"/>
			</ValueItem>
			<ValueItem ID="IDV_Stop_Bit"> 
				<Assign Content="0" TextId="T_1StopBit"/>
				<Assign Content="1" TextId="T_2StopBit"/>
			</ValueItem>
			<ValueItem ID="IDV_TxD"> 
				<Assign Content="0" TextId="T_Disable"/>
				<Assign Content="1" TextId="T_Enable"/>
			</ValueItem>
			<ValueItem ID="IDV_Flow_Control"> 
				<Assign Content="0" TextId="T_FlowCtrlDisable"/>
				<Assign Content="1" TextId="T_FlowCtrlRTS"/>
				<Assign Content="2" TextId="T_FlowCtrlCTS"/>
				<Assign Content="3" TextId="T_FlowCtrlRTSCTS"/>
			</ValueItem>
		</ValueList>	
		
		<!-- Diag 정의 --> 
		
	</DeviceInfo>
		

	<!-- Please, add IO modules below --> 
	
	 
		
		
 
</IOProfile>
