<?xml version="1.0" encoding="UTF-8"?>

<!--**********************************************************************
** $File: ST5442.xml 
** $Descrip: Define I/O module (ST-5442)
** $Version: 1.0.0.0 
** $Maker: CREVIS
** $History   
**   ! 2009.05.10 - v1000. First Release
 
** ******************************************************************* --> 

<IOProfile>
	<DeviceInfo ID="IDM_ST5442" DeviceID="0x56" Category="SSpecial">	
		<General> 
			<Name TextId="T_ST5442"/>
			<InfoText TextId="T_INFO_ST5442"/>
			<OrderNumber Value="ST-5442"/>
			<GraphicFile Value="ST-5442"/> 
			<HelpLink Value="ST-5442.htm"/>  
			<KeySpec Value="PWM Frequency : 1~2500Hz"/> 			
			<Features AddrMapPriority="B" CanCommunication="true" FieldPwrCutoffBefore="false" FieldPwrFreeNext = "false" SystemPwrExpansion="0"/>			
		</General>
			
		<Specification>
			<HardwareVer TextId="T_HardwareVer" Value="2.00" Unit="" Visible="true"/>	 
			<PowerDissipation TextId="T_PowerDissipation" Value="150" Unit="mA" Visible="true"/>	 		<!--단위는 mA-->
			<FieldPower TextId="T_FieldPower" Value="24"  Unit="Vdc" Visible="true"/>							
			<Dimension TextId="T_Dimension" Height="99" Width="70" Value="12" Unit="mm" Visible="true"/>
			<AllowedInSlots TextId="T_AllowedInSlots" Value="1..32" Unit="" Visible="true"/>	
														
			<Items>
				<Ref TextId="T_PwmFrequency" Value="1~2500Hz ±0.5%" Unit="" Visible="true" />	
				<Ref TextId="T_PwmDuty" Value="0.0~100.0% ±1.0% (0.1%/1LSB), Ton>5us, Toff>5us" Unit="" Visible="true" /> 			
				<Ref TextId="T_NumberOfOutput" Value="2 Channel, Source Type" Unit="" Visible="true" /> 	
				<Ref TextId="T_OutputCurrent" Value="0.5A/Output, 2A/All Output,short protection" Unit="" Visible="true" />
				<Ref TextId="T_FieldPowerVoltage" Value="18~28.8Vdc" Unit="" Visible="true" />
			</Items>
		</Specification>

		<Monitoring>
			<CommBlock InitOnly="true" Freq=""/>
		</Monitoring>

		<IOData InputLength="2" OutputLength="6">
			<Input OneChSize="8">
				<Ref TextId="T_REF_Reserved_Byte" ChannelType="BI" DataType="ByteArea" Length="1" Unit="" Visible="true"/>
				<Ref TextId="T_REF_Reserved_Byte" ChannelType="BI" DataType="ByteArea" Length="1" Unit="" Visible="true"/>
			</Input>
			<Output OneChSize="8">
				<Ref TextId="T_Byte_OutData_00" ChannelType="BO" DataType="ByteArea" Length="1" Unit="" Visible="true"/>
				<Ref TextId="T_Byte_OutData_01" ChannelType="BO" DataType="ByteArea" Length="1" Unit="" Visible="true"/>
				<Ref TextId="T_Byte_OutData_00_Ch0" ChannelType="BO" DataType="ByteArea" Length="1" Unit="" Visible="true"/>
				<Ref TextId="T_Byte_OutData_01_Ch0" ChannelType="BO" DataType="ByteArea" Length="1" Unit="" Visible="true"/>
				<Ref TextId="T_Byte_OutData_00_Ch1" ChannelType="BO" DataType="ByteArea" Length="1" Unit="" Visible="true"/>
				<Ref TextId="T_Byte_OutData_01_Ch1" ChannelType="BO" DataType="ByteArea" Length="1" Unit="" Visible="true"/>
			</Output>
		</IOData> 

		<Parameters/>

		<!-- Diag 정의 --> 
		
	</DeviceInfo>
		

	<!-- Please, add IO modules below --> 
	
	 
		
		
 
</IOProfile>
