<?xml version="1.0" encoding="UTF-8"?>

<!--**********************************************************************
** $File: Document.xml 
** $Descrip: IOGuide Projet Document File
** $Version: 1.0.0.0 
** $Maker: CREVIS
** $History   
**   ! 2009.06.5 - v1000. First Release
 
** ******************************************************************* --> 
<PROJECT name="Section 1" Date="June 6 2009" Bustype="Modbus TCP IP">

  <PROJECT_VIEW>
    <Project_Name>Section 1</Project_Name>
    <Node_Cnt>2</Node_Cnt>
    
    <NetworkAdapter name="node 1" model="NA-9189" address="192.168.0.242" description="MODBUS TCP IP Ethernet Network Adapter">
      <Module model="ST-1214" type="Digital_IN" slot="1" description="FnIO 4 Sinking In 24Vdc"/>
      <Module model="ST-2324" type="Digital_OUT" slot="2" description="FnIO 4 Sourcing Out 25Vdc 0.5A"/>
      <Module model="ST-121F" type="Digital_IN" slot="3" description="FnIO 16 Sinking In 24Vdc"/>
      <Module model="ST-222F" type="Digital_OUT" slot="4" description="FnIO 16 Sourcing Out 24Vdc 0.3A"/>
      <Module model="ST-3134" type="Analog_IN" slot="5" description="FnIO 4 Analog Current In 0~20mA 14bit"/>
      <Module model="ST-4112" type="Analog_IN" slot="6" description="FnIO 2 Analog Current Out 0~20mA 12bit"/>
      <Module model="ST-3524" type="Analog_IN" slot="7" description="FnIO 4 Analog Voltage In -10~10V 12bit"/>
      <Module model="ST-4522" type="Analog_IN" slot="8" description="FnIO 4 Analog Voltage Out -10~10V 12bit"/>
      <Module model="ST-3802" type="RTD_TC" slot="9" description="FnIO 2 Thermocouple/mV Input"/>
      <Module model="ST-7241" type="Power" slot="10" description="FnIO Expansion Field Power Distributor"/>
    </NetworkAdapter>
    
    <NetworkAdapter name="node 2" model="NA-9189" address="192.168.0.243" description="MODBUS TCP IP Ethernet Network Adapter">
      <Module model="ST-1214" type="Digital_IN" slot="1" description="FnIO 4 Sinking In 24Vdc"/>
      <Module model="ST-2324" type="Digital_OUT" slot="2" description="FnIO 4 Sourcing Out 25Vdc 0.5A"/>
      <Module model="ST-2414" type="Digital_OUT" slot="3" description="FnIO 4 Diagnostics Sinking Out 24Vdc"/>
    </NetworkAdapter>
  </PROJECT_VIEW>
  
  <NODE_SUB>
    <Node node_file="123Node1.xml" map_file="123Map1.xml" param_file="123Param1.xml" inquiry_file="123Inquiry1.xml"/>
    <Node node_file="123Node2.xml" map_file="123Map2.xml" param_file="123Param2.xml" inquiry_file="123Inquiry2.xml"/>
  </NODE_SUB>
</PROJECT>
