<?xml version="1.0"?>
<PROJECT>
	<NETWORKADAPTER name="NA-9189" address="192.168.0.242">
		<NAME>Modbus TCPIP Network Adapter</NAME>
		<ORDER>
			<ITEM name="ST-1214">
				<TITLE>ST-1124, FnIO 4 Sourcing In 5Vdc</TITLE>
				<POWER>35</POWER>
			</ITEM>
			<ITEM name="ST-2324">
				<TITLE>ST-2324, FnIO 4 Sourcing Out 24Vdc 0.5A</TITLE>
				<POWER>35</POWER>
			</ITEM>
			<ITEM name="ST-121F">
				<TITLE>ST-121F, FnIO 16 Sinking In 24Vdc</TITLE>
				<POWER>45</POWER>
			</ITEM>
			<ITEM name="ST-222F">
				<TITLE>ST-222F, FnIO 16 Sourcing Out 24Vdc 0.3A</TITLE>
				<POWER>45</POWER>
			</ITEM>
			<ITEM name="ST-3134">
				<TITLE>ST-3134, FnIO 4 Analog Current In 0~20mA 14bit</TITLE>
				<POWER>165</POWER>
			</ITEM>
			<ITEM name="ST-4112">
				<TITLE>ST-4112, FnIO 2 Analog Current Out 0~20mA 12bit</TITLE>
				<POWER>60</POWER>
			</ITEM>
			<ITEM name="ST-3524">
				<TITLE>ST-3524, FnIO 4 Analog Voltage In -10~10V 12bit</TITLE>
				<POWER>170</POWER>
			</ITEM>
			<ITEM name="ST-4522">
				<TITLE>ST-4522, FnIO 2 Analog Voltage Out -10~10V 12bit</TITLE>
				<POWER>155</POWER>
			</ITEM>
			<ITEM name="ST-3802">
				<TITLE>ST-3802, FnIO 2 Thermocouple/mV Input</TITLE>
				<POWER>70</POWER>
			</ITEM>
			<ITEM name="ST-3702">
				<TITLE>ST-3702, FnIO 2 RTD/Resistance Input</TITLE>
				<POWER>70</POWER>
			</ITEM>
		</ORDER>
	</NETWORKADAPTER>
	<NETWORKADAPTER name="NA-9189" address="192.168.0.245">
		<NAME>Modbus TCPIP Network Adapter</NAME>
		<ORDER>
			<ITEM name="ST-2742">
				<TITLE>ST-2742, FnIO 2 Relay Out 230Vac 2A</TITLE>
				<POWER>65</POWER>
			</ITEM>
			<ITEM name="ST-1224">
				<TITLE>ST-1224, FnIO 4 Sourcing In 24Vdc</TITLE>
				<POWER>35</POWER>
			</ITEM>
			<ITEM name="ST-122F">
				<TITLE>ST-122F, FnIO 16 Sourcing In 24Vdc</TITLE>
				<POWER>45</POWER>
			</ITEM>
			<ITEM name="ST-2514">
				<TITLE>ST-2514, FnIO 4 Diag Sink Out 24Vdc 2A</TITLE>
				<POWER>35</POWER>
			</ITEM>
			<ITEM name="ST-4911">
				<TITLE>ST-4911, FnIO 1 Analog Current Out 0~1A 12bit</TITLE>
				<POWER>60</POWER>
			</ITEM>
			<ITEM name="ST-3118">
				<TITLE>ST-3118, FnIO 8 Analog Current In 0~20mA 12bit</TITLE>
				<POWER>40</POWER>
			</ITEM>
		</ORDER>
	</NETWORKADAPTER>
	<NETWORKADAPTER name="NA-9189" address="192.168.0.246">
		<NAME>Modbus TCPIP Network Adapter</NAME>
		<ORDER>
			<ITEM name="ST-3134">
				<TITLE>ST-3134, FnIO 4 Analog Current In 0~20mA 14bit</TITLE>
				<POWER>165</POWER>
			</ITEM>
			<ITEM name="ST-4112">
				<TITLE>ST-4112, FnIO 2 Analog Current Out 0~20mA 12bit</TITLE>
				<POWER>60</POWER>
			</ITEM>
			<ITEM name="ST-3524">
				<TITLE>ST-3524, FnIO 4 Analog Voltage In -10~10V 12bit</TITLE>
				<POWER>170</POWER>
			</ITEM>
			<ITEM name="ST-4522">
				<TITLE>ST-4522, FnIO 2 Analog Voltage Out -10~10V 12bit</TITLE>
				<POWER>155</POWER>
			</ITEM>
			<ITEM name="ST-3802">
				<TITLE>ST-3802, FnIO 2 Thermocouple/mV Input</TITLE>
				<POWER>70</POWER>
			</ITEM>
			<ITEM name="ST-3702">
				<TITLE>ST-3702, FnIO 2 RTD/Resistance Input</TITLE>
				<POWER>70</POWER>
			</ITEM>
		</ORDER>
	</NETWORKADAPTER>
</PROJECT>
