<?xml version="1.0" encoding="UTF-8"?>

<!--**********************************************************************
** $File: GN9289.xml 
** $Descrip: Define Network Adapter (GN-9289)
** $Version: 1.0.0.0 
** $Maker: CREVIS
** ******************************************************************* --> 

<CouplerProfile>
 
	<DeviceInfo ID="IDM_GN9289" DeviceID="0x9000" Category="GN" BusNum="2" BusType="IDB_ModbusTCP" BusType1="IDB_Modbus232">
		<General>
			<Name TextId="T_GN9289"/>
			<InfoText TextId="T_INFO_GN9289"/>
			<OrderNumber Value="GN9289"/>
			<GraphicFile Value="GN-9289"/> 
			<HelpLink Value="GN-9289.htm"/>
      <CommDriver1 CommType="TCP" FileName="modbusDrv" FileType="dll" CommParas="502,1000,0,5,5,0" MemoryOrder="0"/>
      <CommDriver2 CommType="RS232C" FileName="modbusDrv" FileType="dll" CommParas="250" MemoryOrder="0"/>
      <FactorySetting Communicate="9600, 8, NOPARITY, 1" />
      <KeySpec Value="Supply voltage : 24Vdc nominal. 15~32Vdc"/> 			
			<Features FieldPwrCutoffNext="false" />
		</General>
		
		<Specification>
			<HardwareVer TextId="T_HardwareVer" Value="1.00" Unit="" Visible="false"/>				
			<MaxNodes TextId="T_MaxNodes" Value="Limited by Ethernet Specification" Unit="" Visible="false"/> 				
			<InputMaxSize TextId="T_InputMaxSize" Value="128" Unit="Byte" Visible="false"/> 
			<OutputMaxSize TextId="T_OutputMaxSize" Value="128" Unit="Byte" Visible="false"/>
      <IOMaxDataSize TextId="T_IOMaxDataSize" Value="128" Unit="Byte" Visible="true"/>
      <Dimension TextId="T_Dimension" Height="99" Width="70" Value="54" Unit="mm" Visible="true"/>			
			<PowerDissipation TextId="T_PowerDissipation" Value="70" Unit="mA" Visible="true"/>					<!--단위는 mA-->
			<MaxPowerForIOs TextId="T_MaxPowerForIOs" Value="1500" Unit="mA" Visible="true"/>					<!--단위는 mA-->			
			<MaxExpansion TextId="T_MaxExpansion" Value="63" Unit="" Visible="true"/> 			
			<SettableNodeAddrRange TextId="T_SettableNodeAddrRange" Value="1,1" Unit="" Visible="true"/> 
			<Items>
				<Ref TextId="T_CurrentForIOModule" Value="1.5A @5Vdc" Unit="" Visible="true" />	
				<Ref TextId="T_SettableNodeAddrRange" Value="1" Unit="" Visible="true" />
	
			</Items>
		</Specification>
		
		<Monitoring>
			<CommBlock InitOnly="true" Freq="">	<!-- 아래 Item 정보를 얻기 위해 보낼 Frame 및 파싱 정보. 통신 타입 마다 다른 구조를 갖는다. -->
        <Ref TextId="T_InputImageMode" Type="InputMode" ValueItemTarget="" DataType="Unsigned16" ByteOffset="0" BitOffset="0" Length="1" DefaultValue="2" AllowedValues="1,0,3" Changeable="true" Visible="true"/>
        <Ref TextId="T_OutputImageMode" Type="OutputMode" ValueItemTarget="" DataType="Unsigned16" ByteOffset="0" BitOffset="0" Length="1" DefaultValue="0" AllowedValues="1,0,1" Changeable="true" Visible="true"/>
        <Ref TextId="T_WatchdogTime" Type="WatchdogTime" ValueItemTarget="" DataType="Unsigned16" ByteOffset="0" BitOffset="0" Length="1" DefaultValue="0" AllowedValues="1,0,65535" Changeable="true" Visible="true"/>
        <Ref TextId="T_IOUpdateTime" Type="IOUpdateTime" ValueItemTarget="" DataType="Unsigned16" ByteOffset="0" BitOffset="0" Length="1" DefaultValue="0" AllowedValues="" Changeable="false" Visible="true"/>
        <Ref TextId="T_Firmware" Type="Firmware" ValueItemTarget="" DataType="ByteArea" ByteOffset="0" BitOffset="0" Length="2" DefaultValue="" AllowedValues="" Changeable="false" Visible="true"/>
        <Ref TextId="T_FirmwareDate" Type="FirmwareDate" ValueItemTarget="" DataType="ByteArea" ByteOffset="0" BitOffset="0" Length="4" DefaultValue="" AllowedValues="" Changeable="false" Visible="true"/>
        <Ref TextId="T_SubnetMask" Type="SubnetMask" ValueItemTarget="" DataType="ByteArea" ByteOffset="0" BitOffset="0" Length="4" DefaultValue="" AllowedValues="" Changeable="false" Visible="true"/>
        <Ref TextId="T_MacAddress" Type="MacAddress" ValueItemTarget="" DataType="ByteArea" ByteOffset="0" BitOffset="0" Length="6" DefaultValue="" AllowedValues="" Changeable="false" Visible="true"/>
        <!--Ref TextId="T_DipSwitch" Type="DipSwitch" ValueItemTarget="" DataType="ByteArea" ByteOffset="0" BitOffset="0" Length="2" DefaultValue="0" AllowedValues="" Changeable="false" Visible="true"/-->
        <Ref TextId="T_BusStatus" Type="BusStatus" ValueItemTarget="" DataType="ByteArea" ByteOffset="0" BitOffset="0" Length="2" DefaultValue="0" AllowedValues="" Changeable="false" Visible="true"/>
        <Ref TextId="T_FieldPwrStatus" Type="FieldPwrStatus" ValueItemTarget="" DataType="ByteArea" ByteOffset="0" BitOffset="0" Length="2" DefaultValue="0" AllowedValues="" Changeable="false" Visible="true"/>
        <Ref TextId="T_WatchdogErr" Type="WatchdogErr" ValueItemTarget="" DataType="ByteArea" ByteOffset="0" BitOffset="0" Length="2" DefaultValue="0" AllowedValues="" Changeable="false" Visible="true"/>
        <Ref TextId="T_ExpansionSlotNo" Type="ExpansionSlotNo" ValueItemTarget="" DataType="Unsigned16" ByteOffset="0" BitOffset="0" Length="1" DefaultValue="0" AllowedValues="" Changeable="false" Visible="true"/>
        <!--LDH0000 20140825 NA9289_IP Setting Method 파라메터 추가 ============================================================================================================================================================ -->
        <Ref TextId="T_IPSettingMethod" Type="IPSettingMethod" ValueItemTarget="IDV_IPSettingType" DataType="Unsigned16" ByteOffset="0" BitOffset="0" Length="1" DefaultValue="0" AllowedValues="" Changeable="true" Visible="true"/>
        <!--==========================================================================================================================================================================================-->
      </CommBlock>

      <CommBlock InitOnly="false" Freq="1000">
        <!-- 아래 Item 정보를 얻기 위해 보낼 Frame 및 파싱 정보. 통신 타입 마다 다른 구조를 갖는다. -->
        <Ref TextId="T_MON_Status" Type="Status" ValueItemTarget="" DataType="Unsigned16" ByteOffset="0" BitOffset="0" Length="1" DefaultValue="1" AllowedValues="" Changeable="false" Visible="true"/>
        <Ref TextId="T_MON_LED" Type="LED" ValueItemTarget="" DataType="Unsigned16" ByteOffset="0" BitOffset="0" Length="5" DefaultValue="" AllowedValues="" Changeable="false" Visible="true"/>
      </CommBlock>
			
			<CommBlock InitOnly="false" Freq="1000">	<!-- 아래 Item 정보를 얻기 위해 보낼 Frame 및 파싱 정보. 통신 타입 마다 다른 구조를 갖는다. --> 
				<Ref TextId="T_MON_Status" Type="Status" ValueItemTarget="" DataType="Unsigned16" ByteOffset="0" BitOffset="0" Length="1" DefaultValue="1" AllowedValues="" Changeable="false" Visible="true"/>
				<Ref TextId="T_MON_LED" Type="LED" ValueItemTarget="" DataType="Unsigned16" ByteOffset="0" BitOffset="0" Length="5" DefaultValue="" AllowedValues="" Changeable="false" Visible="true"/> 							
				<!-- Please, add monitoring item below --> 
									
			</CommBlock>
		</Monitoring>

		<IOData/> 
		<Parameters/><!-- 통신메뉴얼상의 정의를 기준으로 한다. ByteOffset과 BitOffset을 사용한다. BitArea의 size는 8을 넘을 수 없다. -->  	


		<!-- ============================================================================================ -->
		<!--      Value list                                                                              -->
		<!-- ============================================================================================ -->
		<ValueList>
			<ValueItem ID="IDV_Word_data_format"> 
				<Assign Content="0" TextId="T_INTEL"/>
				<Assign Content="1" TextId="T_MOTOROLA"/> 
			</ValueItem>
			<ValueItem ID="IDV_Stop_Action"> 
				<Assign Content="0" TextId="T_Clear_FnBus_Run"/>
				<Assign Content="1" TextId="T_Hold_FnBus_Run"/>
				<Assign Content="2" TextId="T_Fault_Acttion"/> 
			</ValueItem>
      <!--LDH8282 파라메타 추가 TEST================-->
      <ValueItem ID="IDV_SubstituteValue_8">
        <Assign Content="256" TextId="T_OFF"/>
        <Assign Content="1024" TextId="T_ON"/>
      </ValueItem>
      <!--==========================================-->
      <ValueItem ID="IDV_IPSettingType">
        <Assign Content="0" TextId="T_BOOTP"/>
        <Assign Content="1" TextId="T_DHCP"/>
      </ValueItem>
    </ValueList>


		<!-- Diag 정의 --> 

	</DeviceInfo>
</CouplerProfile>
 