<?xml version="1.0" encoding="UTF-8"?>

<!--**********************************************************************
** $File: NA9373.xml 
** $Descrip: Define Network Adapter (NA-9373)
** $Version: 1.0.0.0 
** $Maker: CREVIS
** $History   
**   
**   
**   ! 2015.06.09 - Create NA-9373
** ******************************************************************* --> 

<CouplerProfile>
 
	<DeviceInfo ID="IDM_NA9373" DeviceID="0x1008" Category="SNA" BusNum="4" BusType="IDB_UDP" BusType1="IDB_ModbusTCP" BusType2="IDB_Modbus232" BusType3="IDB_Modbus485">
		<General>
			<Name TextId="T_NA9373"/>
			<InfoText TextId="T_INFO_NA9373"/>
			<OrderNumber Value="NA9373"/>
			<GraphicFile Value="NA-9373"/> 
			<HelpLink Value="NA-9373.htm"/>
      <CommDriver1 CommType="" FileName="" FileType="" CommParas="" MemoryOrder="0"/>
      <CommDriver2 CommType="TCP" FileName="modbusDrv" FileType="dll" CommParas="502,1000,0,5,5,0" MemoryOrder="0"/>
      <CommDriver3 CommType="RS232C" FileName="modbusDrv" FileType="dll" CommParas="250" MemoryOrder="0"/>
      <CommDriver4 CommType="RS485" FileName="modbusDrv" FileType="dll" CommParas="250" MemoryOrder="0"/>
      <FactorySetting Communicate="115200, 8, NOPARITY, 1" />
      <KeySpec Value="Supply voltage : 24Vdc nominal. 11~28.8Vdc"/> 			
			<Features FieldPwrCutoffNext="false" />
		</General>
		
		<Specification>
			<HardwareVer TextId="T_HardwareVer" Value="1.00" Unit="" Visible="false"/>				
			<MaxNodes TextId="T_MaxNodes" Value="100" Unit="" Visible="true"/> 				
			<InputMaxSize TextId="T_InputMaxSize" Value="252" Unit="Byte" Visible="true"/> 
			<OutputMaxSize TextId="T_OutputMaxSize" Value="252" Unit="Byte" Visible="true"/> 				
			<Dimension TextId="T_Dimension" Height="99" Width="70" Value="54" Unit="mm" Visible="true"/>			
			<PowerDissipation TextId="T_PowerDissipation" Value="110" Unit="mA" Visible="true"/>					<!--단위는 mA-->
			<MaxPowerForIOs TextId="T_MaxPowerForIOs" Value="1500" Unit="mA" Visible="true"/>					<!--단위는 mA-->			
			<MaxExpansion TextId="T_MaxExpansion" Value="63" Unit="" Visible="true"/> 			
			<SettableNodeAddrRange TextId="T_SettableNodeAddrRange" Value="1,1" Unit="" Visible="true"/> 
			<Items>
				<Ref TextId="T_CurrentForIOModule" Value="1.5A @5Vdc" Unit="" Visible="true" />	
				<Ref TextId="T_SettableNodeAddrRange" Value="1" Unit="" Visible="true" />
	
			</Items>
		</Specification>
		
		<Monitoring>
			<CommBlock InitOnly="true" Freq="">	<!-- 아래 Item 정보를 얻기 위해 보낼 Frame 및 파싱 정보. 통신 타입 마다 다른 구조를 갖는다. -->
        <Ref TextId="T_IPaddress" Type="IPaddress" ValueItemTarget="" DataType="IPAddr" ByteOffset="0" BitOffset="0" Length="4" DefaultValue="192.168.0.5" AllowedValues="3,0,0" Changeable="false" Visible="true"/>
        <Ref TextId="T_SubnetMask" Type="SubnetMask" ValueItemTarget="" DataType="ByteArea" ByteOffset="0" BitOffset="0" Length="4" DefaultValue="" AllowedValues="" Changeable="false" Visible="true"/>
        <Ref TextId="T_GatewayAddress" Type="GatewayAddress" ValueItemTarget="" DataType="ByteArea" ByteOffset="0" BitOffset="0" Length="4" DefaultValue="" AllowedValues="" Changeable="false" Visible="true"/>
        <Ref TextId="T_RS232Baudrate" Type="RS232C_Baudrate" ValueItemTarget="IDV_Baudrate" DataType="Unsigned16" ByteOffset="0" BitOffset="0" Length="1" DefaultValue="5" AllowedValues="" Changeable="true" Visible="true"/>
        <Ref TextId="T_RS232Setting" Type="RS232C_Setting" ValueItemTarget="" DataType="ByteArea" ByteOffset="0" BitOffset="0" Length="2" DefaultValue="0000" AllowedValues="4,4,0" Changeable="true" Visible="true"/>
        <Ref TextId="T_RS485Baudrate" Type="RS485_Baudrate" ValueItemTarget="IDV_Baudrate" DataType="Unsigned16" ByteOffset="0" BitOffset="0" Length="1" DefaultValue="5" AllowedValues="" Changeable="true" Visible="true"/>
        <Ref TextId="T_RS485Setting" Type="RS485_Setting" ValueItemTarget="" DataType="ByteArea" ByteOffset="0" BitOffset="0" Length="2" DefaultValue="0000" AllowedValues="4,4,0" Changeable="true" Visible="true"/>
        <Ref TextId="T_ModbusStation" Type="ModbusStation" ValueItemTarget="" DataType="ByteArea" ByteOffset="0" BitOffset="0" Length="2" DefaultValue="0101" AllowedValues="4,4,0" Changeable="true" Visible="true"/>
        <Ref TextId="T_IPsettingMethod" Type="IPsettingMethod" ValueItemTarget="IDV_IPsetting" DataType="Unsigned16" ByteOffset="0" BitOffset="0" Length="1" DefaultValue="32768" AllowedValues="" Changeable="true" Visible="true"/>
        <Ref TextId="T_MacAddress" Type="MacAddress" ValueItemTarget="" DataType="ByteArea" ByteOffset="0" BitOffset="0" Length="6" DefaultValue="" AllowedValues="" Changeable="false" Visible="true"/>
        <Ref TextId="T_SerialconnectionMethod" Type="SerialconnectionMethod" ValueItemTarget="IDV_SerialConnMethod" DataType="Unsigned16" ByteOffset="0" BitOffset="0" Length="1" DefaultValue="0" AllowedValues="" Changeable="true" Visible="true"/>
        <Ref TextId="T_RTC" Type="RTC" ValueItemTarget="" DataType="ByteArea" ByteOffset="0" BitOffset="0" Length="8" DefaultValue="0000000000000000" AllowedValues="4,16,0" Changeable="true" Visible="true"/>
        <Ref TextId="T_InputImageMode" Type="InputMode" ValueItemTarget="" DataType="Unsigned16" ByteOffset="0" BitOffset="0" Length="1" DefaultValue="2" AllowedValues="1,0,3" Changeable="true" Visible="false"/>
        <Ref TextId="T_OutputImageMode" Type="OutputMode" ValueItemTarget="" DataType="Unsigned16" ByteOffset="0" BitOffset="0" Length="1" DefaultValue="0" AllowedValues="1,0,1" Changeable="true" Visible="false"/>
        <Ref TextId="T_WatchdogTime" Type="WatchdogTime" ValueItemTarget="" DataType="Unsigned16" ByteOffset="0" BitOffset="0" Length="1" DefaultValue="0" AllowedValues="1,0,65535" Changeable="true" Visible="false"/>
     		<Ref TextId="T_IOUpdateTime" Type="IOUpdateTime" ValueItemTarget="" DataType="Unsigned16" ByteOffset="0" BitOffset="0" Length="1" DefaultValue="0" AllowedValues="" Changeable="false" Visible="false"/>
        <Ref TextId="T_Firmware" Type="Firmware" ValueItemTarget="" DataType="ByteArea" ByteOffset="0" BitOffset="0" Length="2" DefaultValue="" AllowedValues="" Changeable="false" Visible="true"/>
        <Ref TextId="T_FirmwareDate" Type="FirmwareDate" ValueItemTarget="" DataType="ByteArea" ByteOffset="0" BitOffset="0" Length="4" DefaultValue="" AllowedValues="" Changeable="false" Visible="true"/>
        <!--Ref TextId="T_DipSwitch" Type="DipSwitch" ValueItemTarget="" DataType="ByteArea" ByteOffset="0" BitOffset="0" Length="2" DefaultValue="0" AllowedValues="" Changeable="false" Visible="true"/-->
		    <Ref TextId="T_BusStatus" Type="BusStatus" ValueItemTarget="" DataType="ByteArea" ByteOffset="0" BitOffset="0" Length="2" DefaultValue="0" AllowedValues="" Changeable="false" Visible="true"/>    
		    <Ref TextId="T_FieldPwrStatus" Type="FieldPwrStatus" ValueItemTarget="" DataType="ByteArea" ByteOffset="0" BitOffset="0" Length="2" DefaultValue="0" AllowedValues="" Changeable="false" Visible="true"/>   		       
		    <Ref TextId="T_WatchdogErr" Type="WatchdogErr" ValueItemTarget="" DataType="ByteArea" ByteOffset="0" BitOffset="0" Length="2" DefaultValue="0" AllowedValues="" Changeable="false" Visible="true"/>    
		    <Ref TextId="T_ExpansionSlotNo" Type="ExpansionSlotNo" ValueItemTarget="" DataType="Unsigned16" ByteOffset="0" BitOffset="0" Length="1" DefaultValue="0" AllowedValues="" Changeable="false" Visible="true"/> 		       
				<Ref TextId="T_ActiveSlotNo" Type="ActiveSlotNo" ValueItemTarget="" DataType="Unsigned16" ByteOffset="0" BitOffset="0" Length="1" DefaultValue="0" AllowedValues="" Changeable="false" Visible="true"/> 	
		    <Ref TextId="T_InactiveSlotNo" Type="InactiveSlotNo" ValueItemTarget="" DataType="Unsigned16" ByteOffset="0" BitOffset="0" Length="1" DefaultValue="0" AllowedValues="" Changeable="false" Visible="false"/> 	  
		    <Ref TextId="T_InactiveSlots" Type="InactiveSlots" ValueItemTarget="" DataType="ByteArea" ByteOffset="0" BitOffset="0" Length="4" DefaultValue="0" AllowedValues="" Changeable="false" Visible="false"/>
		    <Ref TextId="T_LiveSlots" Type="LiveSlots" ValueItemTarget="" DataType="ByteArea" ByteOffset="0" BitOffset="0" Length="4" DefaultValue="0" AllowedValues="" Changeable="false" Visible="false"/>       		       
		    <Ref TextId="T_AlarmSlots" Type="AlarmSlots" ValueItemTarget="" DataType="ByteArea" ByteOffset="0" BitOffset="0" Length="4" DefaultValue="0" AllowedValues="" Changeable="false" Visible="false"/>
      </CommBlock>
			
			<CommBlock InitOnly="false" Freq="1000">	<!-- 아래 Item 정보를 얻기 위해 보낼 Frame 및 파싱 정보. 통신 타입 마다 다른 구조를 갖는다. --> 
				<Ref TextId="T_MON_Status" Type="Status" ValueItemTarget="" DataType="Unsigned16" ByteOffset="0" BitOffset="0" Length="1" DefaultValue="1" AllowedValues="" Changeable="false" Visible="true"/>
				<Ref TextId="T_MON_LED" Type="LED" ValueItemTarget="" DataType="Unsigned16" ByteOffset="0" BitOffset="0" Length="5" DefaultValue="" AllowedValues="" Changeable="false" Visible="true"/> 							
				<!-- Please, add monitoring item below --> 
									
			</CommBlock>
		</Monitoring>

		<IOData/> 
		<Parameters/><!-- 통신메뉴얼상의 정의를 기준으로 한다. ByteOffset과 BitOffset을 사용한다. BitArea의 size는 8을 넘을 수 없다. -->  	


		<!-- ============================================================================================ -->
		<!--      Value list                                                                              -->
		<!-- ============================================================================================ -->
		<ValueList>
			<ValueItem ID="IDV_Word_data_format"> 
				<Assign Content="0" TextId="T_INTEL"/>
				<Assign Content="1" TextId="T_MOTOROLA"/> 
			</ValueItem>
			<ValueItem ID="IDV_Stop_Action"> 
				<Assign Content="0" TextId="T_Clear_FnBus_Run"/>
				<Assign Content="1" TextId="T_Hold_FnBus_Run"/>
				<Assign Content="2" TextId="T_Fault_Acttion"/> 
			</ValueItem>
      <!--LDH0000 파라메타 추가 TEST================-->
      <ValueItem ID="IDV_SubstituteValue_8">
        <Assign Content="256" TextId="T_OFF"/>
        <Assign Content="1024" TextId="T_ON"/>
      </ValueItem>
      <!--==========================================-->
      <ValueItem ID="IDV_Baudrate">
        <Assign Content="0" TextId="T_115200bps"/>
        <Assign Content="1" TextId="T_2400bps"/>
        <Assign Content="2" TextId="T_4800bps"/>
        <Assign Content="3" TextId="T_9600bps"/>
        <Assign Content="4" TextId="T_19200bps"/>
        <Assign Content="5" TextId="T_38400bps"/>
        <Assign Content="6" TextId="T_57600bps"/>
        <Assign Content="7" TextId="T_115200bps"/>
      </ValueItem>
      <ValueItem ID="IDV_SerialConnMethod">
        <Assign Content="0" TextId="T_DEFAULT"/>
        <Assign Content="32768" TextId="T_CODSYS_RS232"/>
        <Assign Content="32769" TextId="T_CODSYS_RS485"/>
      </ValueItem>
      <ValueItem ID="IDV_IPsetting">
        <Assign Content="0" TextId="T_Disable"/>
        <Assign Content="32768" TextId="T_BOOTP"/>
        <Assign Content="32769" TextId="T_DHCP"/>
      </ValueItem>
    </ValueList>


		<!-- Diag 정의 --> 

	</DeviceInfo>
	

 
		
 
</CouplerProfile>
 