<?xml version="1.0" encoding="UTF-8"?>

<!--**********************************************************************
** $File: listIO.xml 
** $Descrip: I/O module List
** $Version: 1.0.0.0 
** $Maker: CREVIS
** $History   
**   ! 2009.05.10 - v1000. First Release
**   ! 2010.08.10 - v1001. ST-3274, ST-3474, ST-4274, ST-4474 added 
**   ! 2012.11.22 - v1105. RT-1218, RT-2328, RT-3114, RT-4114, RT-3704, RT-3808 added.
**   ! 2012.11.26 - v1105. RT-9261 added.
**   ! 2016.09.22 - v1xxx. GT-311F, GT-342F, GT-442F added.
**   ! 2016.09.29 - v1xxx. GT-2618, GT-2628 added.
**   ! 2016.09.30 - v1xxx. GT-3708, GT-3808 added.
** ******************************************************************* --> 

<IOList>
  <!-- FnBus -->
	<Group Category="SDI" IconIdx="2">
		<ItemRef Target="IDM_ST1114" TextId="T_ST1114" DefineFileName="ST1114.xml" AllowedInSlots="1..32" Available="true"/>
		<ItemRef Target="IDM_ST1124" TextId="T_ST1124" DefineFileName="ST1124.xml" AllowedInSlots="1..32" Available="true"/>
		<ItemRef Target="IDM_ST1214" TextId="T_ST1214" DefineFileName="ST1214.xml" AllowedInSlots="1..32" Available="true"/>
		<ItemRef Target="IDM_ST1218" TextId="T_ST1218" DefineFileName="ST1218.xml" AllowedInSlots="1..32" Available="true"/>
		<ItemRef Target="IDM_ST121F" TextId="T_ST121F" DefineFileName="ST121F.xml" AllowedInSlots="1..32" Available="true"/>
		<ItemRef Target="IDM_ST1224" TextId="T_ST1224" DefineFileName="ST1224.xml" AllowedInSlots="1..32" Available="true"/>
		<ItemRef Target="IDM_ST1228" TextId="T_ST1228" DefineFileName="ST1228.xml" AllowedInSlots="1..32" Available="true"/>
		<ItemRef Target="IDM_ST122F" TextId="T_ST122F" DefineFileName="ST122F.xml" AllowedInSlots="1..32" Available="true"/>
		<ItemRef Target="IDM_ST1314" TextId="T_ST1314" DefineFileName="ST1314.xml" AllowedInSlots="1..32" Available="true"/>
		<ItemRef Target="IDM_ST1324" TextId="T_ST1324" DefineFileName="ST1324.xml" AllowedInSlots="1..32" Available="true"/>
		<ItemRef Target="IDM_ST1804" TextId="T_ST1804" DefineFileName="ST1804.xml" AllowedInSlots="1..32" Available="true"/>
		<ItemRef Target="IDM_ST1904" TextId="T_ST1904" DefineFileName="ST1904.xml" AllowedInSlots="1..32" Available="true"/>
	</Group>

	<Group Category="SDO" IconIdx="3">
		<ItemRef Target="IDM_ST2114" TextId="T_ST2114" DefineFileName="ST2114.xml" AllowedInSlots="1..32" Available="true"/>
		<ItemRef Target="IDM_ST2124" TextId="T_ST2124" DefineFileName="ST2124.xml" AllowedInSlots="1..32" Available="true"/>
		<ItemRef Target="IDM_ST221F" TextId="T_ST221F" DefineFileName="ST221F.xml" AllowedInSlots="1..32" Available="true"/>
		<ItemRef Target="IDM_ST222F" TextId="T_ST222F" DefineFileName="ST222F.xml" AllowedInSlots="1..32" Available="true"/>
		<ItemRef Target="IDM_ST2314" TextId="T_ST2314" DefineFileName="ST2314.xml" AllowedInSlots="1..32" Available="true"/>
		<ItemRef Target="IDM_ST2318" TextId="T_ST2318" DefineFileName="ST2318.xml" AllowedInSlots="1..32" Available="true"/>
		<ItemRef Target="IDM_ST2324" TextId="T_ST2324" DefineFileName="ST2324.xml" AllowedInSlots="1..32" Available="true"/>
		<ItemRef Target="IDM_ST2328" TextId="T_ST2328" DefineFileName="ST2328.xml" AllowedInSlots="1..32" Available="true"/>
		<ItemRef Target="IDM_ST2414" TextId="T_ST2414" DefineFileName="ST2414.xml" AllowedInSlots="1..32" Available="true"/>
		<ItemRef Target="IDM_ST2424" TextId="T_ST2424" DefineFileName="ST2424.xml" AllowedInSlots="1..32" Available="true"/>
		<ItemRef Target="IDM_ST2514" TextId="T_ST2514" DefineFileName="ST2514.xml" AllowedInSlots="1..32" Available="true"/>
		<ItemRef Target="IDM_ST2524" TextId="T_ST2524" DefineFileName="ST2524.xml" AllowedInSlots="1..32" Available="true"/>
		<ItemRef Target="IDM_ST2614" TextId="T_ST2614" DefineFileName="ST2614.xml" AllowedInSlots="1..32" Available="true"/>
		<ItemRef Target="IDM_ST2624" TextId="T_ST2624" DefineFileName="ST2624.xml" AllowedInSlots="1..32" Available="true"/>
		<ItemRef Target="IDM_ST2742" TextId="T_ST2742" DefineFileName="ST2742.xml" AllowedInSlots="1..32" Available="true"/>
		<ItemRef Target="IDM_ST2744" TextId="T_ST2744" DefineFileName="ST2744.xml" AllowedInSlots="1..32" Available="true"/>
		<ItemRef Target="IDM_ST2748" TextId="T_ST2748" DefineFileName="ST2748.xml" AllowedInSlots="1..32" Available="true"/>
		<ItemRef Target="IDM_ST2852" TextId="T_ST2852" DefineFileName="ST2852.xml" AllowedInSlots="1..32" Available="true"/>
		<ItemRef Target="IDM_ST2792" TextId="T_ST2792" DefineFileName="ST2792.xml" AllowedInSlots="1..32" Available="true"/>
	</Group>
	 
	<Group Category="SAI" IconIdx="4">
		<ItemRef Target="IDM_ST3114" TextId="T_ST3114" DefineFileName="ST3114.xml" AllowedInSlots="1..32" Available="true"/>
		<ItemRef Target="IDM_ST3118" TextId="T_ST3118" DefineFileName="ST3118.xml" AllowedInSlots="1..32" Available="true"/>
		<ItemRef Target="IDM_ST3134" TextId="T_ST3134" DefineFileName="ST3134.xml" AllowedInSlots="1..32" Available="true"/>
		<ItemRef Target="IDM_ST3214" TextId="T_ST3214" DefineFileName="ST3214.xml" AllowedInSlots="1..32" Available="true"/>
		<ItemRef Target="IDM_ST3218" TextId="T_ST3218" DefineFileName="ST3218.xml" AllowedInSlots="1..32" Available="true"/>
		<ItemRef Target="IDM_ST3234" TextId="T_ST3234" DefineFileName="ST3234.xml" AllowedInSlots="1..32" Available="true"/>
		<ItemRef Target="IDM_ST3424" TextId="T_ST3424" DefineFileName="ST3424.xml" AllowedInSlots="1..32" Available="true"/>
		<ItemRef Target="IDM_ST3428" TextId="T_ST3428" DefineFileName="ST3428.xml" AllowedInSlots="1..32" Available="true"/>
		<ItemRef Target="IDM_ST3444" TextId="T_ST3444" DefineFileName="ST3444.xml" AllowedInSlots="1..32" Available="true"/>
		<ItemRef Target="IDM_ST3524" TextId="T_ST3524" DefineFileName="ST3524.xml" AllowedInSlots="1..32" Available="true"/>
		<ItemRef Target="IDM_ST3544" TextId="T_ST3544" DefineFileName="ST3544.xml" AllowedInSlots="1..32" Available="true"/>
		<ItemRef Target="IDM_ST3624" TextId="T_ST3624" DefineFileName="ST3624.xml" AllowedInSlots="1..32" Available="true"/>
		<ItemRef Target="IDM_ST3644" TextId="T_ST3644" DefineFileName="ST3644.xml" AllowedInSlots="1..32" Available="true"/>
		<ItemRef Target="IDM_ST3702" TextId="T_ST3702" DefineFileName="ST3702.xml" AllowedInSlots="1..32" Available="true"/>
		<ItemRef Target="IDM_ST3802" TextId="T_ST3802" DefineFileName="ST3802.xml" AllowedInSlots="1..32" Available="true"/>
		<ItemRef Target="IDM_ST3704" TextId="T_ST3704" DefineFileName="ST3704.xml" AllowedInSlots="1..32" Available="true"/>
    <ItemRef Target="IDM_ST3804" TextId="T_ST3804" DefineFileName="ST3804.xml" AllowedInSlots="1..32" Available="true"/>
		<ItemRef Target="IDM_ST3708" TextId="T_ST3708" DefineFileName="ST3708.xml" AllowedInSlots="1..32" Available="true"/>
		<ItemRef Target="IDM_ST3808" TextId="T_ST3808" DefineFileName="ST3808.xml" AllowedInSlots="1..32" Available="true"/>
		<ItemRef Target="IDM_ST3274" TextId="T_ST3274" DefineFileName="ST3274.xml" AllowedInSlots="1..32" Available="true"/>
		<ItemRef Target="IDM_ST3474" TextId="T_ST3474" DefineFileName="ST3474.xml" AllowedInSlots="1..32" Available="true"/>
   	</Group>	
	 
	<Group Category="SAO" IconIdx="5">
		<ItemRef Target="IDM_ST4112" TextId="T_ST4112" DefineFileName="ST4112.xml" AllowedInSlots="1..32" Available="true"/>
		<ItemRef Target="IDM_ST4114" TextId="T_ST4114" DefineFileName="ST4114.xml" AllowedInSlots="1..32" Available="true"/>
		<ItemRef Target="IDM_ST4212" TextId="T_ST4212" DefineFileName="ST4212.xml" AllowedInSlots="1..32" Available="true"/>
		<ItemRef Target="IDM_ST4214" TextId="T_ST4214" DefineFileName="ST4214.xml" AllowedInSlots="1..32" Available="true"/>
		<ItemRef Target="IDM_ST4422" TextId="T_ST4422" DefineFileName="ST4422.xml" AllowedInSlots="1..32" Available="true"/>
		<ItemRef Target="IDM_ST4424" TextId="T_ST4424" DefineFileName="ST4424.xml" AllowedInSlots="1..32" Available="true"/>
		<ItemRef Target="IDM_ST4522" TextId="T_ST4522" DefineFileName="ST4522.xml" AllowedInSlots="1..32" Available="true"/>
		<ItemRef Target="IDM_ST4622" TextId="T_ST4622" DefineFileName="ST4622.xml" AllowedInSlots="1..32" Available="true"/>
		<ItemRef Target="IDM_ST4911" TextId="T_ST4911" DefineFileName="ST4911.xml" AllowedInSlots="1..32" Available="false"/>
		<ItemRef Target="IDM_ST4491" TextId="T_ST4491" DefineFileName="ST4491.xml" AllowedInSlots="1..32" Available="true"/>
		<ItemRef Target="IDM_ST4274" TextId="T_ST4274" DefineFileName="ST4274.xml" AllowedInSlots="1..32" Available="true"/>
		<ItemRef Target="IDM_ST4474" TextId="T_ST4474" DefineFileName="ST4474.xml" AllowedInSlots="1..32" Available="true"/> 
	</Group>	   
	 
	<Group Category="SPower" IconIdx="6">
		<ItemRef Target="IDM_ST7111" TextId="T_ST7111" DefineFileName="ST7111.xml" AllowedInSlots="1..32" Available="true"/>
		<ItemRef Target="IDM_ST7241" TextId="T_ST7241" DefineFileName="ST7241.xml" AllowedInSlots="1..32" Available="true"/>
		<ItemRef Target="IDM_ST7511" TextId="T_ST7511" DefineFileName="ST7511.xml" AllowedInSlots="1..32" Available="true"/>
		<ItemRef Target="IDM_ST7641" TextId="T_ST7641" DefineFileName="ST7641.xml" AllowedInSlots="1..32" Available="true"/>
	</Group>	  

	<Group Category="SSpecial" IconIdx="7">
		<ItemRef Target="IDM_ST5101" TextId="T_ST5101" DefineFileName="ST5101.xml" AllowedInSlots="1..32" Available="true"/>
		<ItemRef Target="IDM_ST5111" TextId="T_ST5111" DefineFileName="ST5111.xml" AllowedInSlots="1..32" Available="true"/>
		<ItemRef Target="IDM_ST5211" TextId="T_ST5211" DefineFileName="ST5211.xml" AllowedInSlots="1..32" Available="true"/>
		<ItemRef Target="IDM_ST5212" TextId="T_ST5212" DefineFileName="ST5212.xml" AllowedInSlots="1..32" Available="true"/>
		<ItemRef Target="IDM_ST5221" TextId="T_ST5221" DefineFileName="ST5221.xml" AllowedInSlots="1..32" Available="true"/>
		<ItemRef Target="IDM_ST5231" TextId="T_ST5231" DefineFileName="ST5231.xml" AllowedInSlots="1..32" Available="true"/>
		<ItemRef Target="IDM_ST5232" TextId="T_ST5232" DefineFileName="ST5232.xml" AllowedInSlots="1..32" Available="true"/>
    <!-- Not Use 개발 중단
    <ItemRef Target="IDM_ST5252" TextId="T_ST5252" DefineFileName="ST5252.xml" AllowedInSlots="1..32" Available="true"/>
    <ItemRef Target="IDM_ST5272" TextId="T_ST5272" DefineFileName="ST5272.xml" AllowedInSlots="1..32" Available="true"/>
    -->
    <ItemRef Target="IDM_ST5112" TextId="T_ST5112" DefineFileName="ST5112.xml" AllowedInSlots="1..32" Available="true"/>
		<ItemRef Target="IDM_ST5114" TextId="T_ST5114" DefineFileName="ST5114.xml" AllowedInSlots="1..32" Available="true"/>
		<ItemRef Target="IDM_ST5351" TextId="T_ST5351" DefineFileName="ST5351.xml" AllowedInSlots="1..32" Available="true"/>
		<ItemRef Target="IDM_ST5422" TextId="T_ST5422" DefineFileName="ST5422.xml" AllowedInSlots="1..32" Available="true"/>
		<ItemRef Target="IDM_ST5442" TextId="T_ST5442" DefineFileName="ST5442.xml" AllowedInSlots="1..32" Available="true"/>
		<ItemRef Target="IDM_ST5444" TextId="T_ST5444" DefineFileName="ST5444.xml" AllowedInSlots="1..32" Available="true"/>
		<ItemRef Target="IDM_ST5641" TextId="T_ST5641" DefineFileName="ST5641.xml" AllowedInSlots="1..32" Available="true"/>
		<ItemRef Target="IDM_ST5642" TextId="T_ST5642" DefineFileName="ST5642.xml" AllowedInSlots="1..32" Available="true"/>
		<ItemRef Target="IDM_ST5651" TextId="T_ST5651" DefineFileName="ST5651.xml" AllowedInSlots="1..32" Available="true"/>
  </Group>	  
 
	<Group Category="SSystem" IconIdx="8"> 
		<ItemRef Target="IDM_ST7008" TextId="T_ST7008" DefineFileName="ST7008.xml" AllowedInSlots="1..32" Available="true"/>
		<ItemRef Target="IDM_ST7108" TextId="T_ST7108" DefineFileName="ST7108.xml" AllowedInSlots="1..32" Available="true"/>
		<ItemRef Target="IDM_ST7118" TextId="T_ST7118" DefineFileName="ST7118.xml" AllowedInSlots="1..32" Available="true"/>
		<ItemRef Target="IDM_ST7188" TextId="T_ST7188" DefineFileName="ST7188.xml" AllowedInSlots="1..32" Available="true"/>	
		<ItemRef Target="IDM_ST7408" TextId="T_ST7408" DefineFileName="ST7408.xml" AllowedInSlots="1..32" Available="true"/>
		<ItemRef Target="IDM_ST7508" TextId="T_ST7508" DefineFileName="ST7508.xml" AllowedInSlots="1..32" Available="true"/>
		<ItemRef Target="IDM_ST7518" TextId="T_ST7518" DefineFileName="ST7518.xml" AllowedInSlots="1..32" Available="true"/>
		<ItemRef Target="IDM_ST7588" TextId="T_ST7588" DefineFileName="ST7588.xml" AllowedInSlots="1..32" Available="true"/>	
	</Group>

  <!-- R-Bus -->
	<Group Category="RDI" IconIdx="10">
		<ItemRef Target="IDM_RT1218" TextId="T_RT1218" DefineFileName="RT1218.xml" AllowedInSlots="1..64" Available="true"/>
    <ItemRef Target="IDM_RT12DF" TextId="T_RT12DF" DefineFileName="RT12DF.xml" AllowedInSlots="1..64" Available="true"/>
	</Group>

	<Group Category="RDO" IconIdx="11">
    <ItemRef Target="IDM_RT225F" TextId="T_RT225F" DefineFileName="RT225F.xml" AllowedInSlots="1..32" Available="true"/>
    <ItemRef Target="IDM_RT2328" TextId="T_RT2328" DefineFileName="RT2328.xml" AllowedInSlots="1..64" Available="true"/>
	</Group>

	<Group Category="RAI" IconIdx="12">
		<ItemRef Target="IDM_RT3114" TextId="T_RT3114" DefineFileName="RT3114.xml" AllowedInSlots="1..64" Available="true"/>
    <ItemRef Target="IDM_RT3158" TextId="T_RT3158" DefineFileName="RT3158.xml" AllowedInSlots="1..64" Available="true"/>
    <!--ItemRef Target="IDM_RT3702" TextId="T_RT3702" DefineFileName="RT3702.xml" AllowedInSlots="1..32" Available="true"/-->
		<ItemRef Target="IDM_RT3704" TextId="T_RT3704" DefineFileName="RT3704.xml" AllowedInSlots="1..64" Available="true"/>
		<ItemRef Target="IDM_RT3804" TextId="T_RT3804" DefineFileName="RT3804.xml" AllowedInSlots="1..64" Available="true"/>
	</Group>

	<Group Category="RAO" IconIdx="13">
		<ItemRef Target="IDM_RT4114" TextId="T_RT4114" DefineFileName="RT4114.xml" AllowedInSlots="1..64" Available="true"/>
    <ItemRef Target="IDM_RT4428" TextId="T_RT4428" DefineFileName="RT4428.xml" AllowedInSlots="1..64" Available="true"/>
	</Group>

	<Group Category="RSpecial" IconIdx="15">
		<ItemRef Target="IDM_RT9261" TextId="T_RT9261" DefineFileName="RT9261.xml" AllowedInSlots="1..64" Available="true"/>
		<ItemRef Target="IDM_RT5111" TextId="T_RT5111" DefineFileName="RT5111.xml" AllowedInSlots="1..64" Available="true"/>
    
    <!--LDH8282 RT-F100외 4종-->
    <ItemRef Target="IDM_RTF100" TextId="T_RTF100" DefineFileName="RTF100.xml" AllowedInSlots="1..64" Available="true"/>
    <ItemRef Target="IDM_RTF101" TextId="T_RTF101" DefineFileName="RTF101.xml" AllowedInSlots="1..64" Available="true"/>
    <ItemRef Target="IDM_RTF110" TextId="T_RTF110" DefineFileName="RTF110.xml" AllowedInSlots="1..64" Available="true"/>
    <ItemRef Target="IDM_RTF200" TextId="T_RTF200" DefineFileName="RTF200.xml" AllowedInSlots="1..64" Available="true"/>
	</Group>
  
	<!-- G-Bus -->  <!-- Lee dohoon -->
	<Group Category="GDI" IconIdx="10">
		<ItemRef Target="IDM_GT1218" TextId="T_GT1218" DefineFileName="GT1218.xml" AllowedInSlots="1..64" Available="true"/>
    <ItemRef Target="IDM_GT1238" TextId="T_GT1238" DefineFileName="GT1238.xml" AllowedInSlots="1..64" Available="true"/>
		<ItemRef Target="IDM_GT123F" TextId="T_GT123F" DefineFileName="GT123F.xml" AllowedInSlots="1..64" Available="true"/>
    <ItemRef Target="IDM_GT12DF" TextId="T_GT12DF" DefineFileName="GT12DF.xml" AllowedInSlots="1..64" Available="true"/>
    <ItemRef Target="IDM_GT12FA" TextId="T_GT12FA" DefineFileName="GT12FA.xml" AllowedInSlots="1..64" Available="true"/>
    <ItemRef Target="IDM_GT1804" TextId="T_GT1804" DefineFileName="GT1804.xml" AllowedInSlots="1..64" Available="true"/>
		<ItemRef Target="IDM_GT1904" TextId="T_GT1904" DefineFileName="GT1904.xml" AllowedInSlots="1..64" Available="true"/>
	</Group>

	<Group Category="GDO" IconIdx="11">
		<ItemRef Target="IDM_GT2318" TextId="T_GT2318" DefineFileName="GT2318.xml" AllowedInSlots="1..64" Available="true"/>
		<ItemRef Target="IDM_GT2328" TextId="T_GT2328" DefineFileName="GT2328.xml" AllowedInSlots="1..64" Available="true"/>
    <ItemRef Target="IDM_GT2618" TextId="T_GT2618" DefineFileName="GT2618.xml" AllowedInSlots="1..64" Available="true"/>
    <ItemRef Target="IDM_GT2628" TextId="T_GT2628" DefineFileName="GT2628.xml" AllowedInSlots="1..64" Available="true"/>
    <ItemRef Target="IDM_GT221F" TextId="T_GT221F" DefineFileName="GT221F.xml" AllowedInSlots="1..64" Available="true"/>
		<ItemRef Target="IDM_GT222F" TextId="T_GT222F" DefineFileName="GT222F.xml" AllowedInSlots="1..64" Available="true"/>
    <!--LDH8282 Add 225F, 226F-->
    
    <ItemRef Target="IDM_GT22BA" TextId="T_GT22BA" DefineFileName="GT22BA.xml" AllowedInSlots="1..64" Available="true"/>
		<ItemRef Target="IDM_GT22CA" TextId="T_GT22CA" DefineFileName="GT22CA.xml" AllowedInSlots="1..64" Available="true"/>
    <ItemRef Target="IDM_GT2744" TextId="T_GT2744" DefineFileName="GT2744.xml" AllowedInSlots="1..64" Available="true"/>
		<ItemRef Target="IDM_GT2734" TextId="T_GT2734" DefineFileName="GT2734.xml" AllowedInSlots="1..64" Available="true"/>
		<ItemRef Target="IDM_GT2764" TextId="T_GT2764" DefineFileName="GT2764.xml" AllowedInSlots="1..64" Available="true"/>
    <ItemRef Target="IDM_GT2784" TextId="T_GT2784" DefineFileName="GT2784.xml" AllowedInSlots="1..64" Available="true"/>
	</Group>
	<!-- Lee dohoon -->
	<Group Category="GAI" IconIdx="12">
		<ItemRef Target="IDM_GT3118" TextId="T_GT3118" DefineFileName="GT3118.xml" AllowedInSlots="1..64" Available="true"/>
		<ItemRef Target="IDM_GT3428" TextId="T_GT3428" DefineFileName="GT3428.xml" AllowedInSlots="1..64" Available="true"/>
		<ItemRef Target="IDM_GT3704" TextId="T_GT3704" DefineFileName="GT3704.xml" AllowedInSlots="1..64" Available="true"/>
		<ItemRef Target="IDM_GT3804" TextId="T_GT3804" DefineFileName="GT3804.xml" AllowedInSlots="1..64" Available="true"/>
    <ItemRef Target="IDM_GT3708" TextId="T_GT3708" DefineFileName="GT3708.xml" AllowedInSlots="1..64" Available="true"/>
		<ItemRef Target="IDM_GT3808" TextId="T_GT3808" DefineFileName="GT3808.xml" AllowedInSlots="1..64" Available="true"/>
    <ItemRef Target="IDM_GT3714" TextId="T_GT3714" DefineFileName="GT3714.xml" AllowedInSlots="1..64" Available="true"/>
    <ItemRef Target="IDM_GT3734" TextId="T_GT3734" DefineFileName="GT3734.xml" AllowedInSlots="1..64" Available="true"/>
    <ItemRef Target="IDM_GT3814" TextId="T_GT3814" DefineFileName="GT3814.xml" AllowedInSlots="1..64" Available="true"/>
    <ItemRef Target="IDM_GT3834" TextId="T_GT3834" DefineFileName="GT3834.xml" AllowedInSlots="1..64" Available="true"/>
    <ItemRef Target="IDM_GT311F" TextId="T_GT311F" DefineFileName="GT311F.xml" AllowedInSlots="1..64" Available="true"/>
    <!--LDH8282 Add 317F, 346F, 347F, 3114, 3118, 3158, 3424, 3901, 3918, 3928, 3934, 3944   -->
    
		<ItemRef Target="IDM_GT342F" TextId="T_GT342F" DefineFileName="GT342F.xml" AllowedInSlots="1..64" Available="true"/>
    <ItemRef Target="IDM_GT3914" TextId="T_GT3914" DefineFileName="GT3914.xml" AllowedInSlots="1..64" Available="true"/>
		<ItemRef Target="IDM_GT3924" TextId="T_GT3924" DefineFileName="GT3924.xml" AllowedInSlots="1..64" Available="true"/>
	</Group>
  
	<Group Category="GAO" IconIdx="13">
		<ItemRef Target="IDM_GT4114" TextId="T_GT4114" DefineFileName="GT4114.xml" AllowedInSlots="1..64" Available="true"/>
		<ItemRef Target="IDM_GT4118" TextId="T_GT4118" DefineFileName="GT4118.xml" AllowedInSlots="1..64" Available="true"/>
		<ItemRef Target="IDM_GT4428" TextId="T_GT4428" DefineFileName="GT4428.xml" AllowedInSlots="1..64" Available="true"/>
		<ItemRef Target="IDM_GT442F" TextId="T_GT442F" DefineFileName="GT442F.xml" AllowedInSlots="1..64" Available="true"/>
    <!--LDH8282 Add 417F, 446F, 447F, 4154, 4158, 4424, 4428, 4464, 4468 -->
	</Group>
  
	<Group Category="GPower" IconIdx="14">
		<ItemRef Target="IDM_GT7511" TextId="T_GT7511" DefineFileName="GT7511.xml" AllowedInSlots="1..64" Available="true"/>
		<ItemRef Target="IDM_GT7641" TextId="T_GT7641" DefineFileName="GT7641.xml" AllowedInSlots="1..64" Available="true"/>
		<ItemRef Target="IDM_GT7508" TextId="T_GT7508" DefineFileName="GT7508.xml" AllowedInSlots="1..64" Available="true"/>
		<ItemRef Target="IDM_GT7518" TextId="T_GT7518" DefineFileName="GT7518.xml" AllowedInSlots="1..64" Available="true"/>
		<ItemRef Target="IDM_GT7588" TextId="T_GT7588" DefineFileName="GT7588.xml" AllowedInSlots="1..64" Available="true"/>
		<ItemRef Target="IDM_GT7408" TextId="T_GT7408" DefineFileName="GT7408.xml" AllowedInSlots="1..64" Available="true"/>
	</Group>
	<Group Category="GSpecial" IconIdx="15">
    <ItemRef Target="IDM_GT5102" TextId="T_GT5102" DefineFileName="GT5102.xml" AllowedInSlots="1..64" Available="true"/>
    <ItemRef Target="IDM_GT5112" TextId="T_GT5112" DefineFileName="GT5112.xml" AllowedInSlots="1..64" Available="true"/>
		<ItemRef Target="IDM_GT5211" TextId="T_GT5211" DefineFileName="GT5211.xml" AllowedInSlots="1..64" Available="true"/>
		<ItemRef Target="IDM_GT5212" TextId="T_GT5212" DefineFileName="GT5212.xml" AllowedInSlots="1..64" Available="true"/>
		<ItemRef Target="IDM_GT5221" TextId="T_GT5221" DefineFileName="GT5221.xml" AllowedInSlots="1..64" Available="true"/>
		<ItemRef Target="IDM_GT5231" TextId="T_GT5231" DefineFileName="GT5231.xml" AllowedInSlots="1..64" Available="true"/>
		<ItemRef Target="IDM_GT5232" TextId="T_GT5232" DefineFileName="GT5232.xml" AllowedInSlots="1..64" Available="true"/>
		<ItemRef Target="IDM_GT5352" TextId="T_GT5352" DefineFileName="GT5352.xml" AllowedInSlots="1..64" Available="true"/>
	</Group>
  
</IOList>
