<?xml version="1.0" encoding="UTF-8"?>
<ISO15745ProfileContainer>
  <ISO15745Profile>
    <ProfileHeader>
      <ProfileIdentification>Powerlink_Device_Profile</ProfileIdentification>
      <ProfileRevision>1</ProfileRevision>
      <ProfileName>RN9685 device profile</ProfileName>
      <ProfileSource/>
      <ProfileClassID>Device</ProfileClassID>
      <ISO15745Reference>
        <ISO15745Part>4</ISO15745Part>
        <ISO15745Edition>1</ISO15745Edition>
        <ProfileTechnology>Powerlink</ProfileTechnology>
      </ISO15745Reference>
    </ProfileHeader>
    <ProfileBody>
      <DeviceIdentity>
        <vendorName>CREVIS</vendorName>
        <vendorID>0x0000029D</vendorID>
        <productName>RN9685</productName>
      </DeviceIdentity>
      <DeviceFunction>
        <capabilities>
          <!-- The characteristicsList is a list of key-value pairs.  -->
          <characteristicsList>
            <characteristic>
              <characteristicName>
                <label lang="en"/>
              </characteristicName>
              <characteristicContent>
                <label lang="en"/>
              </characteristicContent>
            </characteristic>
          </characteristicsList>
        </capabilities>
      </DeviceFunction>
      <ApplicationProcess>
        <dataTypeList>
        </dataTypeList>
        <parameterList>
        </parameterList>
      </ApplicationProcess>
    </ProfileBody>
  </ISO15745Profile>

  <!-- Communication Profile POWERLINK -->
  <ISO15745Profile>
    <ProfileHeader>
      <ProfileIdentification>Powerlink_Communication_Profile</ProfileIdentification>
      <ProfileRevision>1</ProfileRevision>
      <ProfileName>RN9685 extended communication profile</ProfileName>
      <ProfileSource/>
      <ProfileClassID>CommunicationNetwork</ProfileClassID>
      <ISO15745Reference>
        <ISO15745Part>4</ISO15745Part>
        <ISO15745Edition>1</ISO15745Edition>
        <ProfileTechnology>Powerlink</ProfileTechnology>
      </ISO15745Reference>
    </ProfileHeader>
    <ProfileBody>
      <ApplicationLayers>
        <identity>
          <vendorID>0x0000029D</vendorID>
        </identity>
        <DataTypeList>
          <defType dataType="0001">
            <Boolean/>
          </defType>
          <defType dataType="0002">
            <Integer8/>
          </defType>
          <defType dataType="0003">
            <Integer16/>
          </defType>
          <defType dataType="0004">
            <Integer32/>
          </defType>
          <defType dataType="0005">
            <Unsigned8/>
          </defType>
          <defType dataType="0006">
            <Unsigned16/>
          </defType>
          <defType dataType="0007">
            <Unsigned32/>
          </defType>
          <defType dataType="0008">
            <Real32/>
          </defType>
          <defType dataType="0009">
            <Visible_String/>
          </defType>
          <defType dataType="0010">
            <Integer24/>
          </defType>
          <defType dataType="0011">
            <Real64/>
          </defType>
          <defType dataType="0012">
            <Integer40/>
          </defType>
          <defType dataType="0013">
            <Integer48/>
          </defType>
          <defType dataType="0014">
            <Integer56/>
          </defType>
          <defType dataType="0015">
            <Integer64/>
          </defType>
          <defType dataType="000A">
            <Octet_String/>
          </defType>
          <defType dataType="000B">
            <Unicode_String/>
          </defType>
          <defType dataType="000C">
            <Time_of_Day/>
          </defType>
          <defType dataType="000D">
            <Time_Diff/>
          </defType>
          <defType dataType="000F">
            <Domain/>
          </defType>
          <defType dataType="0016">
            <Unsigned24/>
          </defType>
          <defType dataType="0018">
            <Unsigned40/>
          </defType>
          <defType dataType="0019">
            <Unsigned48/>
          </defType>
          <defType dataType="001A">
            <Unsigned56/>
          </defType>
          <defType dataType="001B">
            <Unsigned64/>
          </defType>
          <defType dataType="0401">
            <MAC_ADDRESS/>
          </defType>
          <defType dataType="0402">
            <IP_ADDRESS/>
          </defType>
          <defType dataType="0403">
            <NETTIME/>
          </defType>
        </DataTypeList>
        <ObjectList>
        </ObjectList>
      </ApplicationLayers>
      <TransportLayers>
      </TransportLayers>
      <NetworkManagement>
        <GeneralFeatures
        CFMConfigManager="false"
        DLLErrBadPhysMode="false"
        DLLErrMacBuffer="false"
        NMTCycleTimeGranularity="1"
        NMTBootTimeNotActive="1000000"
        DLLFeatureCN="true"
        DLLFeatureMN="false"
        NMTCycleTimeMax="100000"
        NMTCycleTimeMin="400"
        NMTEmergencyQueueSize="0"
        NMTErrorEntries="2"
        NMTMaxCNNodeID="239"
        NMTMaxCNNumber="239"
        NMTMaxHeartbeats="254"
        NMTNodeIDByHW="true"
        NMTProductCode="1"
        NMTRevisionNo="1"
        NMTPublishActiveNodes="false"
        NMTPublishConfigNodes="false"
        NMTPublishEmergencyNew="false"
        NMTPublishNodeState="false"
        NMTPublishOperational="false"
        NMTPublishPreOp1="false"
        NMTPublishPreOp2="false"
        NMTPublishReadyToOp="false"
        NMTPublishStopped="false"
        NMTPublishTime="false"
        NWLForward="false"
        NWLICMPSupport="false"
        NWLIPSupport="true"
        PDOGranularity="8"
        PDOMaxDescrMem="4294967295"
        PDORPDOChannelObjects="254"
        PDORPDOChannels="1"
        PDORPDOCycleDataLim="4294967295"
        PDORPDOOverallObjects="64"
        PDOSelfReceipt="false"
        PDOTPDOChannelObjects="254"
        PDOTPDOCycleDataLim="4294967295"
        PDOTPDOOverallObjects="64"
        PHYExtEPLPorts="1"
        SDOMaxConnections="1"
        PHYHubIntegrated="false"
        RT1RT1SecuritySupport="false"
        RT1RT1Support="false"
        RT2RT2Support="false"
        SDOClient="false"
        SDOCmdFileRead="false"
        SDOCmdFileWrite="false"
        SDOCmdLinkName="false"
        SDOCmdReadAllByIndex="false"
        SDOCmdReadByName="false"
        SDOCmdReadMultParam="false"
        SDOCmdWriteAllByIndex="false"
        SDOCmdWriteByName="false"
        SDOCmdWriteMultParam="false"
        SDOMaxParallelConnections="1"
        SDOSeqLayerTxHistorySize="5"
        SDOServer="true" />
        <CNFeatures
         DLLCNFeatureMultiplex="true"
         NMTCNSoC2PReq="0"/>
        <Diagnostic>
        </Diagnostic>
      </NetworkManagement>
    </ProfileBody>
  </ISO15745Profile>
</ISO15745ProfileContainer>
