<ObjectList>
  <Object index="1000" name="NMT_DeviceType_U32" objectType="7" PDOmapping="no" accessType="const" dataType="0007" defaultValue="0x000F0191" />
  <Object index="1001" name="ERR_ErrorRegister_U8" objectType="7" PDOmapping="optional" accessType="ro" dataType="0005" defaultValue="0x0" />
  <Object index="1006" name="NMT_CycleLen_U32" objectType="7" PDOmapping="no" accessType="rw" dataType="0007" defaultValue="0x3E8" objFlags="0004" />

  <Object index="1010" name="NMT_StoreParam_REC" objectType="9" subNumber="5">
    <SubObject subIndex="00" name="NumberOfEntries" objectType="7" dataType="0005" accessType="const" defaultValue="0x4" PDOmapping="no" />
    <SubObject subIndex="01" name="AllParam_U32" objectType="7" dataType="0007" accessType="rw" PDOmapping="no" />
    <SubObject subIndex="02" name="CommunicationParam_U32" objectType="7" dataType="0007" accessType="rw" PDOmapping="no" />
    <SubObject subIndex="03" name="ApplicationParam_U32" objectType="7" dataType="0007" accessType="rw" PDOmapping="no" />
    <SubObject subIndex="04" name="ManufacturerParam_04h_U32" objectType="7" dataType="0007" accessType="rw" PDOmapping="no" />
  </Object>
  <Object index="1011" name="NMT_RestoreDefParam_REC" objectType="9" subNumber="5">
    <SubObject subIndex="00" name="NumberOfEntries" objectType="7" dataType="0005" accessType="const" defaultValue="0x4" PDOmapping="no" />
    <SubObject subIndex="01" name="AllParam_U32" objectType="7" dataType="0007" accessType="rw" PDOmapping="no" />
    <SubObject subIndex="02" name="CommunicationParam_U32" objectType="7" dataType="0007" accessType="rw" PDOmapping="no" />
    <SubObject subIndex="03" name="ApplicationParam_U32" objectType="7" dataType="0007" accessType="rw" PDOmapping="no" />
    <SubObject subIndex="04" name="ManufacturerParam_04h_U32" objectType="7" dataType="0007" accessType="rw" PDOmapping="no" />
  </Object>

  <Object index="1018" name="NMT_IdentityObject_REC" objectType="9" subNumber="5">
    <SubObject subIndex="00" name="NumberOfEntries" objectType="7" dataType="0005" accessType="const" defaultValue="0x4" PDOmapping="no" />
    <SubObject subIndex="01" name="VendorId_U32" objectType="7" dataType="0007" accessType="const" defaultValue="0x0000029D" PDOmapping="no" />
    <SubObject subIndex="02" name="ProductCode_U32" objectType="7" dataType="0007" accessType="const" defaultValue="0x00009685" PDOmapping="no" />
    <SubObject subIndex="03" name="RevisionNo_U32" objectType="7" dataType="0007" accessType="const" defaultValue="0x00000100" PDOmapping="no" />
    <SubObject subIndex="04" name="SerialNo_U32" objectType="7" dataType="0007" accessType="const" defaultValue="0x38394130" PDOmapping="no" />
  </Object>
  <Object index="1020" name="CFM_VerifyConfiguration_REC" objectType="9" subNumber="3">
    <SubObject subIndex="00" name="NumberOfEntries" objectType="7" dataType="0005" accessType="const" defaultValue="0x2" PDOmapping="no" />
    <SubObject subIndex="01" name="ConfDate_U32" objectType="7" dataType="0007" accessType="rw" defaultValue="0x0" PDOmapping="no" />
    <SubObject subIndex="02" name="ConfTime_U32" objectType="7" dataType="0007" accessType="rw" defaultValue="0x0" PDOmapping="no" />
  </Object>
  <Object index="1030" name="NMT_InterfaceGroup_0h_REC" objectType="9" subNumber="10">
    <SubObject subIndex="00" name="NumberOfEntries" objectType="7" dataType="0005" accessType="const" defaultValue="0x9" PDOmapping="no" />
    <SubObject subIndex="01" name="InterfaceIndex_U16" objectType="7" dataType="0006" accessType="ro" PDOmapping="no" />
    <SubObject subIndex="02" name="InterfaceDescription_VSTR" objectType="7" dataType="0009" accessType="const" PDOmapping="no" />
    <SubObject subIndex="03" name="InterfaceType_U8" objectType="7" dataType="0005" accessType="const" defaultValue="0x6" PDOmapping="no" />
    <SubObject subIndex="04" name="InterfaceMtu_U16" objectType="7" dataType="0006" accessType="const" defaultValue="286" PDOmapping="no" />
    <SubObject subIndex="05" name="InterfacePhysAddress_OSTR" objectType="7" dataType="000A" accessType="const" PDOmapping="no" />
    <SubObject subIndex="06" name="InterfaceName_VSTR" objectType="7" dataType="0009" accessType="ro" PDOmapping="no" />
    <SubObject subIndex="07" name="InterfaceOperStatus_U8" objectType="7" dataType="0005" accessType="ro" PDOmapping="no" />
    <SubObject subIndex="08" name="InterfaceAdminState_U8" objectType="7" dataType="0005" accessType="rw" defaultValue="0x1" PDOmapping="no" />
    <SubObject subIndex="09" name="Valid_BOOL" objectType="7" dataType="0001" accessType="rw" defaultValue="false" PDOmapping="no" />
  </Object>
  <Object index="1300" name="SDO_SequLayerTimeout_U32" objectType="7" PDOmapping="no" accessType="rw" dataType="0007" defaultValue="0x3A98" objFlags="0004" />
  <Object index="1301" name="SDO_CmdLayerTimeout_U32" objectType="7" PDOmapping="no" accessType="rw" dataType="0007" defaultValue="0x3E8" objFlags="0004" />
  <Object index="1400" name="PDO_RxCommParam_00h_REC" objectType="9" subNumber="3">
    <SubObject subIndex="00" name="NumberOfEntries" objectType="7" dataType="0005" accessType="const" defaultValue="0x02" PDOmapping="no" />
    <SubObject subIndex="01" name="NodeID_U8" objectType="7" dataType="0005" accessType="rw" defaultValue="0x0" PDOmapping="no" />
    <SubObject subIndex="02" name="MappingVersion_U8" objectType="7" dataType="0005" accessType="rw" defaultValue="0x0" PDOmapping="no" />
  </Object>
  <Object index="1600" name="PDO_RxMappParam_00h_AU64" objectType="8" subNumber="65" dataType="001B">
    <SubObject subIndex="00" name="NumberOfEntries" objectType="7" dataType="0005" accessType="rw" defaultValue="0x40" PDOmapping="no" />
    <SubObject subIndex="01" name="ObjectMapping" objectType="7" dataType="001B" accessType="rw" defaultValue="0x0000000000000000" PDOmapping="optional" />
    <SubObject subIndex="02" name="ObjectMapping" objectType="7" dataType="001B" accessType="rw" defaultValue="0x0000000000000000" PDOmapping="optional" />
    <SubObject subIndex="03" name="ObjectMapping" objectType="7" dataType="001B" accessType="rw" defaultValue="0x0000000000000000" PDOmapping="optional" />
    <SubObject subIndex="04" name="ObjectMapping" objectType="7" dataType="001B" accessType="rw" defaultValue="0x0000000000000000" PDOmapping="no" />
    <SubObject subIndex="05" name="ObjectMapping" objectType="7" dataType="001B" accessType="rw" defaultValue="0x0000000000000000" PDOmapping="no" />
    <SubObject subIndex="06" name="ObjectMapping" objectType="7" dataType="001B" accessType="rw" defaultValue="0x0000000000000000" PDOmapping="no" />
    <SubObject subIndex="07" name="ObjectMapping" objectType="7" dataType="001B" accessType="rw" defaultValue="0x0000000000000000" PDOmapping="no" />
    <SubObject subIndex="08" name="ObjectMapping" objectType="7" dataType="001B" accessType="rw" defaultValue="0x0000000000000000" PDOmapping="no" />
    <SubObject subIndex="09" name="ObjectMapping" objectType="7" dataType="001B" accessType="rw" defaultValue="0x0000000000000000" PDOmapping="no" />
    <SubObject subIndex="0A" name="ObjectMapping" objectType="7" dataType="001B" accessType="rw" defaultValue="0x0000000000000000" PDOmapping="no" />
    <SubObject subIndex="0B" name="ObjectMapping" objectType="7" dataType="001B" accessType="rw" defaultValue="0x0000000000000000" PDOmapping="no" />
    <SubObject subIndex="0C" name="ObjectMapping" objectType="7" dataType="001B" accessType="rw" defaultValue="0x0000000000000000" PDOmapping="no" />
    <SubObject subIndex="0D" name="ObjectMapping" objectType="7" dataType="001B" accessType="rw" defaultValue="0x0000000000000000" PDOmapping="no" />
    <SubObject subIndex="0E" name="ObjectMapping" objectType="7" dataType="001B" accessType="rw" defaultValue="0x0000000000000000" PDOmapping="no" />
    <SubObject subIndex="0F" name="ObjectMapping" objectType="7" dataType="001B" accessType="rw" defaultValue="0x0000000000000000" PDOmapping="no" />
    <SubObject subIndex="10" name="ObjectMapping" objectType="7" dataType="001B" accessType="rw" defaultValue="0x0000000000000000" PDOmapping="no" />
    <SubObject subIndex="11" name="ObjectMapping" objectType="7" dataType="001B" accessType="rw" defaultValue="0x0000000000000000" PDOmapping="no" />
    <SubObject subIndex="12" name="ObjectMapping" objectType="7" dataType="001B" accessType="rw" defaultValue="0x0000000000000000" PDOmapping="no" />
    <SubObject subIndex="13" name="ObjectMapping" objectType="7" dataType="001B" accessType="rw" defaultValue="0x0000000000000000" PDOmapping="no" />
    <SubObject subIndex="14" name="ObjectMapping" objectType="7" dataType="001B" accessType="rw" defaultValue="0x0000000000000000" PDOmapping="no" />
    <SubObject subIndex="15" name="ObjectMapping" objectType="7" dataType="001B" accessType="rw" defaultValue="0x0000000000000000" PDOmapping="no" />
    <SubObject subIndex="16" name="ObjectMapping" objectType="7" dataType="001B" accessType="rw" defaultValue="0x0000000000000000" PDOmapping="no" />
    <SubObject subIndex="17" name="ObjectMapping" objectType="7" dataType="001B" accessType="rw" defaultValue="0x0000000000000000" PDOmapping="no" />
    <SubObject subIndex="18" name="ObjectMapping" objectType="7" dataType="001B" accessType="rw" defaultValue="0x0000000000000000" PDOmapping="no" />
    <SubObject subIndex="19" name="ObjectMapping" objectType="7" dataType="001B" accessType="rw" defaultValue="0x0000000000000000" PDOmapping="no" />
    <SubObject subIndex="1A" name="ObjectMapping" objectType="7" dataType="001B" accessType="rw" defaultValue="0x0000000000000000" PDOmapping="no" />
    <SubObject subIndex="1B" name="ObjectMapping" objectType="7" dataType="001B" accessType="rw" defaultValue="0x0000000000000000" PDOmapping="no" />
    <SubObject subIndex="1C" name="ObjectMapping" objectType="7" dataType="001B" accessType="rw" defaultValue="0x0000000000000000" PDOmapping="no" />
    <SubObject subIndex="1D" name="ObjectMapping" objectType="7" dataType="001B" accessType="rw" defaultValue="0x0000000000000000" PDOmapping="no" />
    <SubObject subIndex="1E" name="ObjectMapping" objectType="7" dataType="001B" accessType="rw" defaultValue="0x0000000000000000" PDOmapping="no" />
    <SubObject subIndex="1F" name="ObjectMapping" objectType="7" dataType="001B" accessType="rw" defaultValue="0x0000000000000000" PDOmapping="no" />
    <SubObject subIndex="20" name="ObjectMapping" objectType="7" dataType="001B" accessType="rw" defaultValue="0x0000000000000000" PDOmapping="no" />
    <SubObject subIndex="21" name="ObjectMapping" objectType="7" dataType="001B" accessType="rw" defaultValue="0x0000000000000000" PDOmapping="no" />
    <SubObject subIndex="22" name="ObjectMapping" objectType="7" dataType="001B" accessType="rw" defaultValue="0x0000000000000000" PDOmapping="no" />
    <SubObject subIndex="23" name="ObjectMapping" objectType="7" dataType="001B" accessType="rw" defaultValue="0x0000000000000000" PDOmapping="no" />
    <SubObject subIndex="24" name="ObjectMapping" objectType="7" dataType="001B" accessType="rw" defaultValue="0x0000000000000000" PDOmapping="no" />
    <SubObject subIndex="25" name="ObjectMapping" objectType="7" dataType="001B" accessType="rw" defaultValue="0x0000000000000000" PDOmapping="no" />
    <SubObject subIndex="26" name="ObjectMapping" objectType="7" dataType="001B" accessType="rw" defaultValue="0x0000000000000000" PDOmapping="no" />
    <SubObject subIndex="27" name="ObjectMapping" objectType="7" dataType="001B" accessType="rw" defaultValue="0x0000000000000000" PDOmapping="no" />
    <SubObject subIndex="28" name="ObjectMapping" objectType="7" dataType="001B" accessType="rw" defaultValue="0x0000000000000000" PDOmapping="no" />
    <SubObject subIndex="29" name="ObjectMapping" objectType="7" dataType="001B" accessType="rw" defaultValue="0x0000000000000000" PDOmapping="no" />
    <SubObject subIndex="2A" name="ObjectMapping" objectType="7" dataType="001B" accessType="rw" defaultValue="0x0000000000000000" PDOmapping="no" />
    <SubObject subIndex="2B" name="ObjectMapping" objectType="7" dataType="001B" accessType="rw" defaultValue="0x0000000000000000" PDOmapping="no" />
    <SubObject subIndex="2C" name="ObjectMapping" objectType="7" dataType="001B" accessType="rw" defaultValue="0x0000000000000000" PDOmapping="no" />
    <SubObject subIndex="2D" name="ObjectMapping" objectType="7" dataType="001B" accessType="rw" defaultValue="0x0000000000000000" PDOmapping="no" />
    <SubObject subIndex="2E" name="ObjectMapping" objectType="7" dataType="001B" accessType="rw" defaultValue="0x0000000000000000" PDOmapping="no" />
    <SubObject subIndex="2F" name="ObjectMapping" objectType="7" dataType="001B" accessType="rw" defaultValue="0x0000000000000000" PDOmapping="no" />
    <SubObject subIndex="30" name="ObjectMapping" objectType="7" dataType="001B" accessType="rw" defaultValue="0x0000000000000000" PDOmapping="no" />
    <SubObject subIndex="31" name="ObjectMapping" objectType="7" dataType="001B" accessType="rw" defaultValue="0x0000000000000000" PDOmapping="no" />
    <SubObject subIndex="32" name="ObjectMapping" objectType="7" dataType="001B" accessType="rw" defaultValue="0x0000000000000000" PDOmapping="no" />
    <SubObject subIndex="33" name="ObjectMapping" objectType="7" dataType="001B" accessType="rw" defaultValue="0x0000000000000000" PDOmapping="no" />
    <SubObject subIndex="34" name="ObjectMapping" objectType="7" dataType="001B" accessType="rw" defaultValue="0x0000000000000000" PDOmapping="no" />
    <SubObject subIndex="35" name="ObjectMapping" objectType="7" dataType="001B" accessType="rw" defaultValue="0x0000000000000000" PDOmapping="no" />
    <SubObject subIndex="36" name="ObjectMapping" objectType="7" dataType="001B" accessType="rw" defaultValue="0x0000000000000000" PDOmapping="no" />
    <SubObject subIndex="37" name="ObjectMapping" objectType="7" dataType="001B" accessType="rw" defaultValue="0x0000000000000000" PDOmapping="no" />
    <SubObject subIndex="38" name="ObjectMapping" objectType="7" dataType="001B" accessType="rw" defaultValue="0x0000000000000000" PDOmapping="no" />
    <SubObject subIndex="39" name="ObjectMapping" objectType="7" dataType="001B" accessType="rw" defaultValue="0x0000000000000000" PDOmapping="no" />
    <SubObject subIndex="3A" name="ObjectMapping" objectType="7" dataType="001B" accessType="rw" defaultValue="0x0000000000000000" PDOmapping="no" />
    <SubObject subIndex="3B" name="ObjectMapping" objectType="7" dataType="001B" accessType="rw" defaultValue="0x0000000000000000" PDOmapping="no" />
    <SubObject subIndex="3C" name="ObjectMapping" objectType="7" dataType="001B" accessType="rw" defaultValue="0x0000000000000000" PDOmapping="no" />
    <SubObject subIndex="3D" name="ObjectMapping" objectType="7" dataType="001B" accessType="rw" defaultValue="0x0000000000000000" PDOmapping="no" />
    <SubObject subIndex="3E" name="ObjectMapping" objectType="7" dataType="001B" accessType="rw" defaultValue="0x0000000000000000" PDOmapping="no" />
    <SubObject subIndex="3F" name="ObjectMapping" objectType="7" dataType="001B" accessType="rw" defaultValue="0x0000000000000000" PDOmapping="no" />
    <SubObject subIndex="40" name="ObjectMapping" objectType="7" dataType="001B" accessType="rw" defaultValue="0x0000000000000000" PDOmapping="no" />
  </Object>
  <Object index="1800" name="PDO_TxCommParam_00h_REC" objectType="9" subNumber="3">
    <SubObject subIndex="00" name="NumberOfEntries" objectType="7" dataType="0005" accessType="const" defaultValue="0x02" PDOmapping="no" />
    <SubObject subIndex="01" name="NodeID_U8" objectType="7" dataType="0005" accessType="rw" defaultValue="0x0" PDOmapping="no" />
    <SubObject subIndex="02" name="MappingVersion_U8" objectType="7" dataType="0005" accessType="rw" defaultValue="0x0" PDOmapping="no" />
  </Object>
  <Object index="1A00" name="PDO_TxMappParam_00h_AU64" objectType="8" subNumber="65" dataType="001B">
    <SubObject subIndex="00" name="NumberOfEntries" objectType="7" dataType="0005" accessType="rw" defaultValue="0x40" PDOmapping="no" />
    <SubObject subIndex="01" name="ObjectMapping" objectType="7" dataType="001B" accessType="rw" defaultValue="0x0000000000000000" PDOmapping="no" />
    <SubObject subIndex="02" name="ObjectMapping" objectType="7" dataType="001B" accessType="rw" defaultValue="0x0000000000000000" PDOmapping="no" />
    <SubObject subIndex="03" name="ObjectMapping" objectType="7" dataType="001B" accessType="rw" defaultValue="0x0000000000000000" PDOmapping="no" />
    <SubObject subIndex="04" name="ObjectMapping" objectType="7" dataType="001B" accessType="rw" defaultValue="0x0000000000000000" PDOmapping="no" />
    <SubObject subIndex="05" name="ObjectMapping" objectType="7" dataType="001B" accessType="rw" defaultValue="0x0000000000000000" PDOmapping="no" />
    <SubObject subIndex="06" name="ObjectMapping" objectType="7" dataType="001B" accessType="rw" defaultValue="0x0000000000000000" PDOmapping="no" />
    <SubObject subIndex="07" name="ObjectMapping" objectType="7" dataType="001B" accessType="rw" defaultValue="0x0000000000000000" PDOmapping="no" />
    <SubObject subIndex="08" name="ObjectMapping" objectType="7" dataType="001B" accessType="rw" defaultValue="0x0000000000000000" PDOmapping="no" />
    <SubObject subIndex="09" name="ObjectMapping" objectType="7" dataType="001B" accessType="rw" defaultValue="0x0000000000000000" PDOmapping="no" />
    <SubObject subIndex="0A" name="ObjectMapping" objectType="7" dataType="001B" accessType="rw" defaultValue="0x0000000000000000" PDOmapping="no" />
    <SubObject subIndex="0B" name="ObjectMapping" objectType="7" dataType="001B" accessType="rw" defaultValue="0x0000000000000000" PDOmapping="no" />
    <SubObject subIndex="0C" name="ObjectMapping" objectType="7" dataType="001B" accessType="rw" defaultValue="0x0000000000000000" PDOmapping="no" />
    <SubObject subIndex="0D" name="ObjectMapping" objectType="7" dataType="001B" accessType="rw" defaultValue="0x0000000000000000" PDOmapping="no" />
    <SubObject subIndex="0E" name="ObjectMapping" objectType="7" dataType="001B" accessType="rw" defaultValue="0x0000000000000000" PDOmapping="no" />
    <SubObject subIndex="0F" name="ObjectMapping" objectType="7" dataType="001B" accessType="rw" defaultValue="0x0000000000000000" PDOmapping="no" />
    <SubObject subIndex="10" name="ObjectMapping" objectType="7" dataType="001B" accessType="rw" defaultValue="0x0000000000000000" PDOmapping="no" />
    <SubObject subIndex="11" name="ObjectMapping" objectType="7" dataType="001B" accessType="rw" defaultValue="0x0000000000000000" PDOmapping="no" />
    <SubObject subIndex="12" name="ObjectMapping" objectType="7" dataType="001B" accessType="rw" defaultValue="0x0000000000000000" PDOmapping="no" />
    <SubObject subIndex="13" name="ObjectMapping" objectType="7" dataType="001B" accessType="rw" defaultValue="0x0000000000000000" PDOmapping="no" />
    <SubObject subIndex="14" name="ObjectMapping" objectType="7" dataType="001B" accessType="rw" defaultValue="0x0000000000000000" PDOmapping="no" />
    <SubObject subIndex="15" name="ObjectMapping" objectType="7" dataType="001B" accessType="rw" defaultValue="0x0000000000000000" PDOmapping="no" />
    <SubObject subIndex="16" name="ObjectMapping" objectType="7" dataType="001B" accessType="rw" defaultValue="0x0000000000000000" PDOmapping="no" />
    <SubObject subIndex="17" name="ObjectMapping" objectType="7" dataType="001B" accessType="rw" defaultValue="0x0000000000000000" PDOmapping="no" />
    <SubObject subIndex="18" name="ObjectMapping" objectType="7" dataType="001B" accessType="rw" defaultValue="0x0000000000000000" PDOmapping="no" />
    <SubObject subIndex="19" name="ObjectMapping" objectType="7" dataType="001B" accessType="rw" defaultValue="0x0000000000000000" PDOmapping="no" />
    <SubObject subIndex="1A" name="ObjectMapping" objectType="7" dataType="001B" accessType="rw" defaultValue="0x0000000000000000" PDOmapping="no" />
    <SubObject subIndex="1B" name="ObjectMapping" objectType="7" dataType="001B" accessType="rw" defaultValue="0x0000000000000000" PDOmapping="no" />
    <SubObject subIndex="1C" name="ObjectMapping" objectType="7" dataType="001B" accessType="rw" defaultValue="0x0000000000000000" PDOmapping="no" />
    <SubObject subIndex="1D" name="ObjectMapping" objectType="7" dataType="001B" accessType="rw" defaultValue="0x0000000000000000" PDOmapping="no" />
    <SubObject subIndex="1E" name="ObjectMapping" objectType="7" dataType="001B" accessType="rw" defaultValue="0x0000000000000000" PDOmapping="no" />
    <SubObject subIndex="1F" name="ObjectMapping" objectType="7" dataType="001B" accessType="rw" defaultValue="0x0000000000000000" PDOmapping="no" />
    <SubObject subIndex="20" name="ObjectMapping" objectType="7" dataType="001B" accessType="rw" defaultValue="0x0000000000000000" PDOmapping="no" />
    <SubObject subIndex="21" name="ObjectMapping" objectType="7" dataType="001B" accessType="rw" defaultValue="0x0000000000000000" PDOmapping="no" />
    <SubObject subIndex="22" name="ObjectMapping" objectType="7" dataType="001B" accessType="rw" defaultValue="0x0000000000000000" PDOmapping="no" />
    <SubObject subIndex="23" name="ObjectMapping" objectType="7" dataType="001B" accessType="rw" defaultValue="0x0000000000000000" PDOmapping="no" />
    <SubObject subIndex="24" name="ObjectMapping" objectType="7" dataType="001B" accessType="rw" defaultValue="0x0000000000000000" PDOmapping="no" />
    <SubObject subIndex="25" name="ObjectMapping" objectType="7" dataType="001B" accessType="rw" defaultValue="0x0000000000000000" PDOmapping="no" />
    <SubObject subIndex="26" name="ObjectMapping" objectType="7" dataType="001B" accessType="rw" defaultValue="0x0000000000000000" PDOmapping="no" />
    <SubObject subIndex="27" name="ObjectMapping" objectType="7" dataType="001B" accessType="rw" defaultValue="0x0000000000000000" PDOmapping="no" />
    <SubObject subIndex="28" name="ObjectMapping" objectType="7" dataType="001B" accessType="rw" defaultValue="0x0000000000000000" PDOmapping="no" />
    <SubObject subIndex="29" name="ObjectMapping" objectType="7" dataType="001B" accessType="rw" defaultValue="0x0000000000000000" PDOmapping="no" />
    <SubObject subIndex="2A" name="ObjectMapping" objectType="7" dataType="001B" accessType="rw" defaultValue="0x0000000000000000" PDOmapping="no" />
    <SubObject subIndex="2B" name="ObjectMapping" objectType="7" dataType="001B" accessType="rw" defaultValue="0x0000000000000000" PDOmapping="no" />
    <SubObject subIndex="2C" name="ObjectMapping" objectType="7" dataType="001B" accessType="rw" defaultValue="0x0000000000000000" PDOmapping="no" />
    <SubObject subIndex="2D" name="ObjectMapping" objectType="7" dataType="001B" accessType="rw" defaultValue="0x0000000000000000" PDOmapping="no" />
    <SubObject subIndex="2E" name="ObjectMapping" objectType="7" dataType="001B" accessType="rw" defaultValue="0x0000000000000000" PDOmapping="no" />
    <SubObject subIndex="2F" name="ObjectMapping" objectType="7" dataType="001B" accessType="rw" defaultValue="0x0000000000000000" PDOmapping="no" />
    <SubObject subIndex="30" name="ObjectMapping" objectType="7" dataType="001B" accessType="rw" defaultValue="0x0000000000000000" PDOmapping="no" />
    <SubObject subIndex="31" name="ObjectMapping" objectType="7" dataType="001B" accessType="rw" defaultValue="0x0000000000000000" PDOmapping="no" />
    <SubObject subIndex="32" name="ObjectMapping" objectType="7" dataType="001B" accessType="rw" defaultValue="0x0000000000000000" PDOmapping="no" />
    <SubObject subIndex="33" name="ObjectMapping" objectType="7" dataType="001B" accessType="rw" defaultValue="0x0000000000000000" PDOmapping="no" />
    <SubObject subIndex="34" name="ObjectMapping" objectType="7" dataType="001B" accessType="rw" defaultValue="0x0000000000000000" PDOmapping="no" />
    <SubObject subIndex="35" name="ObjectMapping" objectType="7" dataType="001B" accessType="rw" defaultValue="0x0000000000000000" PDOmapping="no" />
    <SubObject subIndex="36" name="ObjectMapping" objectType="7" dataType="001B" accessType="rw" defaultValue="0x0000000000000000" PDOmapping="no" />
    <SubObject subIndex="37" name="ObjectMapping" objectType="7" dataType="001B" accessType="rw" defaultValue="0x0000000000000000" PDOmapping="no" />
    <SubObject subIndex="38" name="ObjectMapping" objectType="7" dataType="001B" accessType="rw" defaultValue="0x0000000000000000" PDOmapping="no" />
    <SubObject subIndex="39" name="ObjectMapping" objectType="7" dataType="001B" accessType="rw" defaultValue="0x0000000000000000" PDOmapping="no" />
    <SubObject subIndex="3A" name="ObjectMapping" objectType="7" dataType="001B" accessType="rw" defaultValue="0x0000000000000000" PDOmapping="no" />
    <SubObject subIndex="3B" name="ObjectMapping" objectType="7" dataType="001B" accessType="rw" defaultValue="0x0000000000000000" PDOmapping="no" />
    <SubObject subIndex="3C" name="ObjectMapping" objectType="7" dataType="001B" accessType="rw" defaultValue="0x0000000000000000" PDOmapping="no" />
    <SubObject subIndex="3D" name="ObjectMapping" objectType="7" dataType="001B" accessType="rw" defaultValue="0x0000000000000000" PDOmapping="no" />
    <SubObject subIndex="3E" name="ObjectMapping" objectType="7" dataType="001B" accessType="rw" defaultValue="0x0000000000000000" PDOmapping="no" />
    <SubObject subIndex="3F" name="ObjectMapping" objectType="7" dataType="001B" accessType="rw" defaultValue="0x0000000000000000" PDOmapping="no" />
    <SubObject subIndex="40" name="ObjectMapping" objectType="7" dataType="001B" accessType="rw" defaultValue="0x0000000000000000" PDOmapping="no" />
  </Object>
  <Object index="1C0B" name="DLL_CNLossSoC_REC" objectType="9" subNumber="4">
    <SubObject subIndex="00" name="NumberOfEntries" objectType="7" dataType="0005" accessType="const" defaultValue="0x3" PDOmapping="no" />
    <SubObject subIndex="01" name="CumulativeCnt_U32" objectType="7" dataType="0007" accessType="rw" defaultValue="0x0" PDOmapping="no" />
    <SubObject subIndex="02" name="ThresholdCnt_U32" objectType="7" dataType="0007" accessType="ro" defaultValue="0x0" PDOmapping="no" />
    <SubObject subIndex="03" name="Threshold_U32" objectType="7" dataType="0007" accessType="rw" defaultValue="0xF" PDOmapping="no" />
  </Object>
  <Object index="1C0C" name="DLL_CNLossSoA_REC" objectType="9" subNumber="4">
    <SubObject subIndex="00" name="NumberOfEntries" objectType="7" dataType="0005" accessType="const" defaultValue="0x3" PDOmapping="no" />
    <SubObject subIndex="01" name="CumulativeCnt_U32" objectType="7" dataType="0007" accessType="rw" defaultValue="0x0" PDOmapping="no" />
    <SubObject subIndex="02" name="ThresholdCnt_U32" objectType="7" dataType="0007" accessType="ro" defaultValue="0x0" PDOmapping="no" />
    <SubObject subIndex="03" name="Threshold_U32" objectType="7" dataType="0007" accessType="rw" defaultValue="0xF" PDOmapping="no" />
  </Object>
  <Object index="1C0D" name="DLL_CNLossPReq_REC" objectType="9" subNumber="4">
    <SubObject subIndex="00" name="NumberOfEntries" objectType="7" dataType="0005" accessType="const" defaultValue="0x3" PDOmapping="no" />
    <SubObject subIndex="01" name="CumulativeCnt_U32" objectType="7" dataType="0007" accessType="rw" defaultValue="0x0" PDOmapping="no" />
    <SubObject subIndex="02" name="ThresholdCnt_U32" objectType="7" dataType="0007" accessType="ro" defaultValue="0x0" PDOmapping="no" />
    <SubObject subIndex="03" name="Threshold_U32" objectType="7" dataType="0007" accessType="rw" defaultValue="0xF" PDOmapping="no" />
  </Object>
  <Object index="1C0F" name="DLL_CNCRCError_REC" objectType="9" subNumber="4">
    <SubObject subIndex="00" name="NumberOfEntries" objectType="7" dataType="0005" accessType="const" defaultValue="0x3" PDOmapping="no" />
    <SubObject subIndex="01" name="CumulativeCnt_U32" objectType="7" dataType="0007" accessType="rw" defaultValue="0x0" PDOmapping="no" />
    <SubObject subIndex="02" name="ThresholdCnt_U32" objectType="7" dataType="0007" accessType="ro" defaultValue="0x0" PDOmapping="no" />
    <SubObject subIndex="03" name="Threshold_U32" objectType="7" dataType="0007" accessType="rw" defaultValue="0xF" PDOmapping="no" />
  </Object>
  <Object index="1C14" name="DLL_CNLossOfSocTolerance_U32" objectType="7" PDOmapping="no" accessType="rw" dataType="0007" defaultValue="0x5F5E100" />
  <Object index="1E40" name="NWL_IpAddrTable_0h_REC" objectType="9" subNumber="6">
    <SubObject subIndex="00" name="NumberOfEntries" objectType="7" dataType="0005" accessType="const" defaultValue="0x5" PDOmapping="no" />
    <SubObject subIndex="01" name="IfIndex_U16" objectType="7" dataType="0006" accessType="ro" PDOmapping="no" />
    <SubObject subIndex="02" name="Addr_IPAD" objectType="7" dataType="0402" accessType="rw" PDOmapping="no" />
    <SubObject subIndex="03" name="NetMask_IPAD" objectType="7" dataType="0402" accessType="rw" PDOmapping="no" />
    <SubObject subIndex="04" name="ReasmMaxSize_U16" objectType="7" dataType="0006" accessType="ro" PDOmapping="no" />
    <SubObject subIndex="05" name="DefaultGateway_IPAD" objectType="7" dataType="0402" accessType="rw" PDOmapping="no" />
  </Object>
  <Object index="1E4A" name="NWL_IpGroup_REC" objectType="9" subNumber="4">
    <SubObject subIndex="00" name="NumberOfEntries" objectType="7" dataType="0005" accessType="const" defaultValue="0x3" PDOmapping="no" />
    <SubObject subIndex="01" name="Forwarding_BOOL" objectType="7" dataType="0001" accessType="ro" defaultValue="false" PDOmapping="no" />
    <SubObject subIndex="02" name="DefaultTTL_U16" objectType="7" dataType="0006" accessType="rw" defaultValue="0x40" PDOmapping="no" />
    <SubObject subIndex="03" name="ForwardDatagrams_U32" objectType="7" dataType="0007" accessType="ro" PDOmapping="no" />
  </Object>
  <Object index="1F82" name="NMT_FeatureFlags_U32" objectType="7" PDOmapping="no" accessType="const" dataType="0007" defaultValue="0x00000247" />
  <Object index="1F83" name="NMT_EPLVersion_U8" objectType="7" PDOmapping="no" accessType="const" dataType="0005" defaultValue="0x20" />
  <Object index="1F8C" name="NMT_CurrNMTState_U8" objectType="7" PDOmapping="optional" accessType="ro" dataType="0005" objFlags="0007" />
  <Object index="1F93" name="NMT_EPLNodeID_REC" objectType="9" subNumber="3">
    <SubObject subIndex="00" name="NumberOfEntries" objectType="7" dataType="0005" accessType="const" defaultValue="0x2" PDOmapping="no" />
    <SubObject subIndex="01" name="NodeID_U8" objectType="7" dataType="0005" accessType="ro" defaultValue="0x0" PDOmapping="no" />
    <SubObject subIndex="02" name="NodeIDByHW_BOOL" objectType="7" dataType="0001" accessType="ro" defaultValue="true" PDOmapping="no" />
  </Object>
  <Object index="1F98" name="NMT_CycleTiming_REC" objectType="9" subNumber="10">
    <SubObject subIndex="00" name="NumberOfEntries" objectType="7" dataType="0005" accessType="const" defaultValue="0x9" PDOmapping="no" />
    <SubObject subIndex="01" name="IsochrTxMaxPayload_U16" objectType="7" dataType="0006" accessType="const" defaultValue="1024" PDOmapping="no" />
    <SubObject subIndex="02" name="IsochrRxMaxPayload_U16" objectType="7" dataType="0006" accessType="const" defaultValue="1024" PDOmapping="no" />
    <SubObject subIndex="03" name="PResMaxLatency_U32" objectType="7" dataType="0007" accessType="const" defaultValue="0x0" PDOmapping="no" />
    <SubObject subIndex="04" name="PReqActPayloadLimit_U16" objectType="7" dataType="0006" accessType="rw" defaultValue="36" PDOmapping="no" />
    <SubObject subIndex="05" name="PResActPayloadLimit_U16" objectType="7" dataType="0006" accessType="rw" defaultValue="36" PDOmapping="no" />
    <SubObject subIndex="06" name="ASndMaxLatency_U32" objectType="7" dataType="0007" accessType="const" defaultValue="0x0" PDOmapping="no" />
    <SubObject subIndex="07" name="MultiplCycleCnt_U8" objectType="7" dataType="0005" accessType="rw" defaultValue="0x0" PDOmapping="no" />
    <SubObject subIndex="08" name="AsyncMTU_U16" objectType="7" dataType="0006" accessType="rw" defaultValue="300" PDOmapping="no" objFlags="0004" />
    <SubObject subIndex="09" name="Prescaler_U16" objectType="7" dataType="0006" accessType="rw" defaultValue="0x2" PDOmapping="no" />
  </Object>
  <Object index="1F99" name="NMT_CNBasicEthernetTimeout_U32" objectType="7" PDOmapping="no" accessType="rw" dataType="0007" defaultValue="0x4C4B40" objFlags="0004" />
  <Object index="1F9A" name="NMT_HostName_VSTR" objectType="7" PDOmapping="no" accessType="rw" dataType="0009" defaultValue="0" />
  <Object index="1F9E" name="NMT_ResetCmd_U8" objectType="7" PDOmapping="no" accessType="rw" dataType="0005" defaultValue="0xFF" />
</ObjectList>