<?xml version="1.0" encoding="UTF-8"?>

<!--**********************************************************************
** $File: GT12DF.xml 
** $Descrip: Define I/O module (GT-12DF)
** $Version: 1.0.0.0 
** $Maker: CREVIS
** ******************************************************************* --> 

<IOProfile>
	<DeviceInfo ID="IDM_GT12DF" DeviceID="0x12DF" Category="GDI">	
		<General> 
			<Name TextId="T_GT12DF"/>
			<InfoText TextId="T_INFO_GT12DF"/>
			<OrderNumber Value="GT-12DF"/>
			<GraphicFile Value="GT-12DF"/> 
			<HelpLink Value="GT-12DF.htm"/> 
			<KeySpec Value="ON-state Voltage: 24Vdc nominal. Min. 13Vdc to Max. 32Vdc"/> 
			<Features AddrMapPriority="8" CanCommunication="true" FieldPwrCutoffBefore="false" FieldPwrFreeNext = "false" SystemPwrExpansion="0"/>
		</General>

		<Specification>
			<HardwareVer TextId="T_HardwareVer" Value="1.00" Unit="" Visible="false"/>
			<PowerDissipation TextId="T_PowerDissipation" Value="90" Unit="mA" Visible="true"/>	 		<!--단위는 mA-->
			<FieldPower TextId="T_FieldPower" Value="24Vdcd nominal. 13-32Vdc"  Unit="Vdc" Visible="true"/>
			<Dimension TextId="T_Dimension" Height="120" Width="70" Value="12" Unit="mm" Visible="true"/>
			<AllowedInSlots TextId="T_AllowedInSlots" Value="1..64" Unit="" Visible="false"/>	

			<Items>
				<Ref TextId="T_FieldPowerRange" Value="24Vdc nominal. 13~32Vdc" Unit="" Visible="true" />	
				<Ref TextId="T_ONStateVoltage" Value="24Vdc nominal. Min. 13Vdc to Max. 32Vdc" Unit="" Visible="true" />
				<Ref TextId="T_MinOffStateVoltage" Value="Max. 5Vdc" Unit="" Visible="false" />										
				<Ref TextId="T_OnStateCurrent" Value="Max. 6.4mA / point @32Vdc" Unit="" Visible="true" /> 
			</Items>
		</Specification>
			
		<Monitoring>
			<CommBlock InitOnly="true" Freq=""/>
		</Monitoring>

		<IOData InputLength="2" OutputLength="0">
			<Input OneChSize="1">
				<Ref TextId="T_DI" ChannelType="DI" DataType="BitArea" Length="16" Unit="" Visible="true"/>
			</Input>
		</IOData>

		<Parameters/>
		
		<!-- Diag 정의 --> 
		
	</DeviceInfo>
		

	<!-- Please, add IO modules below --> 
	
	 
		
		
 
</IOProfile>
