<?xml version="1.0" encoding="UTF-8"?>

<!--**********************************************************************
** $File: GT5232.xml
** $Descrip: Define I/O module (GT-5232)
** $Version: 1.0.0.0
** $Maker: CREVIS
** $History
**   ! 2016.09.22 - v1000. First Release

** ******************************************************************* -->

<IOProfile>
	<DeviceInfo ID="IDM_GT5232" DeviceID="0x5232" Category="GSpecial">
		<General>
			<Name TextId="T_GT5232"/>
			<InfoText TextId="T_INFO_GT5232"/>
			<OrderNumber Value="GT-5232"/>
			<GraphicFile Value="GT-5232"/>
			<HelpLink Value="GT-5232.htm"/>
			<KeySpec Value="1 Channels RS 232 Serial Interface"/>
			<Features AddrMapPriority="B" CanCommunication="true" FieldPwrCutoffBefore="false" FieldPwrFreeNext = "false" SystemPwrExpansion="0"/>
		</General>

		<Specification>
			<HardwareVer TextId="T_HardwareVer" Value="2.00" Unit="" Visible="true"/>
			<PowerDissipation TextId="T_PowerDissipation" Value="85" Unit="mA" Visible="true"/>	 		<!--단위는 mA-->
			<FieldPower TextId="T_FieldPower" Value=""  Unit="Vdc" Visible="true"/>
			<Dimension TextId="T_Dimension" Height="99" Width="70" Value="12" Unit="mm" Visible="true"/>
			<AllowedInSlots TextId="T_AllowedInSlots" Value="1..64" Unit="" Visible="true"/>

			<Items>
				<Ref TextId="T_DataBuffer" Value="In/Out User Data 14bytes, Control/Status 1byte, Length 1byte" Unit="" Visible="true" />
				<Ref TextId="T_RxdBuffer" Value="1024 bytes" Unit="" Visible="true" />
				<Ref TextId="T_TxdBuffer" Value="1024 bytes" Unit="" Visible="true" />
				<Ref TextId="T_InputImageSize" Value="16~63 bytes" Unit="" Visible="true" />
				<Ref TextId="T_OutputImageSize" Value="16~63 bytes" Unit="" Visible="true" />
			</Items>
		</Specification>

		<Monitoring>
			<CommBlock InitOnly="true" Freq=""/>
		</Monitoring>

		<IOData InputLength="16" OutputLength="16">
			<Input OneChSize="8">
				<Ref TextId="T_Status_Data_00" ChannelType="BI" DataType="ByteArea" Length="1" Unit="" Visible="true"/>
				<Ref TextId="T_Length_Data_00" ChannelType="BI" DataType="ByteArea" Length="1" Unit="" Visible="true"/>
				<Ref TextId="T_Byte_InData_00" ChannelType="BI" DataType="ByteArea" Length="1" Unit="" Visible="true"/>
				<Ref TextId="T_Byte_InData_01" ChannelType="BI" DataType="ByteArea" Length="1" Unit="" Visible="true"/>
				<Ref TextId="T_Byte_InData_02" ChannelType="BI" DataType="ByteArea" Length="1" Unit="" Visible="true"/>
				<Ref TextId="T_Byte_InData_03" ChannelType="BI" DataType="ByteArea" Length="1" Unit="" Visible="true"/>
				<Ref TextId="T_Byte_InData_04" ChannelType="BI" DataType="ByteArea" Length="1" Unit="" Visible="true"/>
				<Ref TextId="T_Byte_InData_05" ChannelType="BI" DataType="ByteArea" Length="1" Unit="" Visible="true"/>
				<Ref TextId="T_Status_Data_01" ChannelType="BI" DataType="ByteArea" Length="1" Unit="" Visible="true"/>
				<Ref TextId="T_Length_Data_01" ChannelType="BI" DataType="ByteArea" Length="1" Unit="" Visible="true"/>
				<Ref TextId="T_Byte_InData_00" ChannelType="BI" DataType="ByteArea" Length="1" Unit="" Visible="true"/>
				<Ref TextId="T_Byte_InData_01" ChannelType="BI" DataType="ByteArea" Length="1" Unit="" Visible="true"/>
				<Ref TextId="T_Byte_InData_02" ChannelType="BI" DataType="ByteArea" Length="1" Unit="" Visible="true"/>
				<Ref TextId="T_Byte_InData_03" ChannelType="BI" DataType="ByteArea" Length="1" Unit="" Visible="true"/>
				<Ref TextId="T_Byte_InData_04" ChannelType="BI" DataType="ByteArea" Length="1" Unit="" Visible="true"/>
				<Ref TextId="T_Byte_InData_05" ChannelType="BI" DataType="ByteArea" Length="1" Unit="" Visible="true"/>
			</Input>
			<Output OneChSize="8">
				<Ref TextId="T_Ctrl_Data_00" ChannelType="BO" DataType="ByteArea" Length="1" Unit="" Visible="true"/>
				<Ref TextId="T_Length_Data_00" ChannelType="BO" DataType="ByteArea" Length="1" Unit="" Visible="true"/>
				<Ref TextId="T_Byte_OutData_00" ChannelType="BO" DataType="ByteArea" Length="1" Unit="" Visible="true"/>
				<Ref TextId="T_Byte_OutData_01" ChannelType="BO" DataType="ByteArea" Length="1" Unit="" Visible="true"/>
				<Ref TextId="T_Byte_OutData_02" ChannelType="BO" DataType="ByteArea" Length="1" Unit="" Visible="true"/>
				<Ref TextId="T_Byte_OutData_03" ChannelType="BO" DataType="ByteArea" Length="1" Unit="" Visible="true"/>
				<Ref TextId="T_Byte_OutData_04" ChannelType="BO" DataType="ByteArea" Length="1" Unit="" Visible="true"/>
				<Ref TextId="T_Byte_OutData_05" ChannelType="BO" DataType="ByteArea" Length="1" Unit="" Visible="true"/>
				<Ref TextId="T_Ctrl_Data_01" ChannelType="BO" DataType="ByteArea" Length="1" Unit="" Visible="true"/>
				<Ref TextId="T_Length_Data_01" ChannelType="BO" DataType="ByteArea" Length="1" Unit="" Visible="true"/>
				<Ref TextId="T_Byte_OutData_00" ChannelType="BO" DataType="ByteArea" Length="1" Unit="" Visible="true"/>
				<Ref TextId="T_Byte_OutData_01" ChannelType="BO" DataType="ByteArea" Length="1" Unit="" Visible="true"/>
				<Ref TextId="T_Byte_OutData_02" ChannelType="BO" DataType="ByteArea" Length="1" Unit="" Visible="true"/>
				<Ref TextId="T_Byte_OutData_03" ChannelType="BO" DataType="ByteArea" Length="1" Unit="" Visible="true"/>
				<Ref TextId="T_Byte_OutData_04" ChannelType="BO" DataType="ByteArea" Length="1" Unit="" Visible="true"/>
				<Ref TextId="T_Byte_OutData_05" ChannelType="BO" DataType="ByteArea" Length="1" Unit="" Visible="true"/>
			</Output>
		</IOData>

		<Parameters Index="1" Length="4">
			<Name TextId="T_Module parameters"/>
			<Const Data="0x20,0x00"/>
			<Ref TextId="T_REF_Baud_Rate_ch0" ValueItemTarget="IDV_Baud_Rate_ch0" DataType="BitArea" 	ByteOffset="0" BitOffset="0" Length="4" DefaultValue="0" AllowedValues="1,0,15" Changeable="true" Visible="true"/>
			<Ref TextId="T_REF_Parity_Bit_ch0" ValueItemTarget="IDV_Parity_Bit_ch0" DataType="BitArea" 	ByteOffset="0" BitOffset="4" Length="2" DefaultValue="0" AllowedValues="1,0,3" Changeable="true" Visible="true"/>
			<Ref TextId="T_REF_Stop_Bit_ch0" ValueItemTarget="IDV_Stop_Bit_ch0" DataType="Bit" 			ByteOffset="0" BitOffset="6" Length="1" DefaultValue="0" AllowedValues="1,0,1" Changeable="true" Visible="true"/>
			<Ref TextId="T_REF_TxD_ch0" ValueItemTarget="IDV_TxD_ch0" DataType="Bit"					ByteOffset="0" BitOffset="7" Length="1" DefaultValue="0" AllowedValues="1,0,1" Changeable="true" Visible="true"/>
			<Ref TextId="T_REF_Baud_Rate_ch1" ValueItemTarget="IDV_Baud_Rate_ch1" DataType="BitArea" 	ByteOffset="2" BitOffset="0" Length="4" DefaultValue="0" AllowedValues="1,0,15" Changeable="true" Visible="true"/>
			<Ref TextId="T_REF_Parity_Bit_ch1" ValueItemTarget="IDV_Parity_Bit_ch1" DataType="BitArea" 	ByteOffset="2" BitOffset="4" Length="2" DefaultValue="0" AllowedValues="1,0,3" Changeable="true" Visible="true"/>
			<Ref TextId="T_REF_Stop_Bit_ch1" ValueItemTarget="IDV_Stop_Bit_ch1" DataType="Bit" 			ByteOffset="2" BitOffset="6" Length="1" DefaultValue="0" AllowedValues="1,0,1" Changeable="true" Visible="true"/>
			<Ref TextId="T_REF_TxD_ch1" ValueItemTarget="IDV_TxD_ch1" DataType="Bit"					ByteOffset="2" BitOffset="7" Length="1" DefaultValue="0" AllowedValues="1,0,1" Changeable="true" Visible="true"/>
			<Ref TextId="T_REF_Data_Size" ValueItemTarget="IDV_Data_Size" DataType="BitArea" 	ByteOffset="1" BitOffset="0" Length="6" DefaultValue="0" AllowedValues="1,16,64" Changeable="true" Visible="true"/>
			<!-- Please, add parameter below -->

		</Parameters>

		<!-- ============================================================================================ -->
		<!--      Value list                                                                              -->
		<!-- ============================================================================================ -->
		<ValueList>
			<ValueItem ID="IDV_Baud_Rate_ch0">
				<Assign Content="1" TextId="T_1200bps"/>
				<Assign Content="2" TextId="T_2400bps"/>
				<Assign Content="3" TextId="T_4800bps"/>
				<Assign Content="4" TextId="T_9600bps"/>
				<Assign Content="5" TextId="T_19200bps"/>
				<Assign Content="6" TextId="T_38400bps"/>
				<Assign Content="7" TextId="T_57600bps"/>
				<Assign Content="0" TextId="T_115200bps"/>
			</ValueItem>
			<ValueItem ID="IDV_Parity_Bit_ch0">
				<Assign Content="0" TextId="T_NoParity"/>
				<Assign Content="1" TextId="T_OddParity"/>
				<Assign Content="2" TextId="T_EvenParity"/>
			</ValueItem>
			<ValueItem ID="IDV_Stop_Bit_ch0">
				<Assign Content="0" TextId="T_1StopBit"/>
				<Assign Content="1" TextId="T_2StopBit"/>
			</ValueItem>
			<ValueItem ID="IDV_TxD_ch0">
				<Assign Content="0" TextId="T_Disable"/>
				<Assign Content="1" TextId="T_Enable"/>
			</ValueItem>
			<ValueItem ID="IDV_Baud_Rate_ch1">
				<Assign Content="1" TextId="T_1200bps"/>
				<Assign Content="2" TextId="T_2400bps"/>
				<Assign Content="3" TextId="T_4800bps"/>
				<Assign Content="4" TextId="T_9600bps"/>
				<Assign Content="5" TextId="T_19200bps"/>
				<Assign Content="6" TextId="T_38400bps"/>
				<Assign Content="7" TextId="T_57600bps"/>
				<Assign Content="0" TextId="T_115200bps"/>
			</ValueItem>
			<ValueItem ID="IDV_Parity_Bit_ch1">
				<Assign Content="0" TextId="T_NoParity"/>
				<Assign Content="1" TextId="T_OddParity"/>
				<Assign Content="2" TextId="T_EvenParity"/>
			</ValueItem>
			<ValueItem ID="IDV_Stop_Bit_ch1">
				<Assign Content="0" TextId="T_1StopBit"/>
				<Assign Content="1" TextId="T_2StopBit"/>
			</ValueItem>
			<ValueItem ID="IDV_TxD_ch1">
				<Assign Content="0" TextId="T_Disable"/>
				<Assign Content="1" TextId="T_Enable"/>
			</ValueItem>
			<ValueItem ID="IDV_Data_Size">
				<Assign Content="0" TextId="T_16_Byte"/>
				<Assign Content="18" TextId="T_18_Byte"/>
				<Assign Content="20" TextId="T_20_Byte"/>
				<Assign Content="22" TextId="T_22_Byte"/>
				<Assign Content="24" TextId="T_24_Byte"/>
				<Assign Content="26" TextId="T_26_Byte"/>
				<Assign Content="28" TextId="T_28_Byte"/>
				<Assign Content="30" TextId="T_30_Byte"/>
				<Assign Content="32" TextId="T_32_Byte"/>
				<Assign Content="34" TextId="T_34_Byte"/>
				<Assign Content="36" TextId="T_36_Byte"/>
				<Assign Content="38" TextId="T_38_Byte"/>
				<Assign Content="40" TextId="T_40_Byte"/>
				<Assign Content="42" TextId="T_42_Byte"/>
				<Assign Content="44" TextId="T_44_Byte"/>
				<Assign Content="46" TextId="T_46_Byte"/>
				<Assign Content="48" TextId="T_48_Byte"/>
				<Assign Content="50" TextId="T_50_Byte"/>
				<Assign Content="52" TextId="T_52_Byte"/>
				<Assign Content="54" TextId="T_54_Byte"/>
				<Assign Content="56" TextId="T_56_Byte"/>
				<Assign Content="58" TextId="T_58_Byte"/>
				<Assign Content="60" TextId="T_60_Byte"/>
				<Assign Content="62" TextId="T_62_Byte"/>

			</ValueItem>
		</ValueList>

		<!-- Diag 정의 -->

	</DeviceInfo>


	<!-- Please, add IO modules below -->





</IOProfile>
