<?xml version="1.0" encoding="UTF-8"?>

<!--**********************************************************************
** $File: GT5211.xml 
** $Descrip: Define I/O module (GT-5211)
** $Version: 1.0.0.0 
** $Maker: CREVIS
** $History   
**   ! 2016.09.22 - v1000. First Release
 
** ******************************************************************* --> 

<IOProfile>
	<DeviceInfo ID="IDM_GT5211" DeviceID="0x5211" Category="GSpecial">	
		<General> 
			<Name TextId="T_GT5211"/>
			<InfoText TextId="T_INFO_GT5211"/>
			<OrderNumber Value="GT-5211"/>
			<GraphicFile Value="GT-5211"/> 
			<HelpLink Value="GT-5211.htm"/>  
			<KeySpec Value="1 Channels RS 232 Serial Interface"/> 			
			<Features AddrMapPriority="B" CanCommunication="true" FieldPwrCutoffBefore="false" FieldPwrFreeNext = "false" SystemPwrExpansion="0"/>			
		</General>
			
		<Specification>
			<HardwareVer TextId="T_HardwareVer" Value="2.00" Unit="" Visible="true"/>	 
			<PowerDissipation TextId="T_PowerDissipation" Value="85" Unit="mA" Visible="true"/>	 		<!--단위는 mA-->
			<FieldPower TextId="T_FieldPower" Value=""  Unit="Vdc" Visible="true"/>							
			<Dimension TextId="T_Dimension" Height="99" Width="70" Value="12" Unit="mm" Visible="true"/>
			<AllowedInSlots TextId="T_AllowedInSlots" Value="1..64" Unit="" Visible="true"/>	
														
			<Items>
				<Ref TextId="T_DataBuffer" Value="In/Out User Data 14bytes, Control/Status 1byte, Length 1byte" Unit="" Visible="true" />	
				<Ref TextId="T_RxdBuffer" Value="1024 bytes" Unit="" Visible="true" /> 			
				<Ref TextId="T_TxdBuffer" Value="1024 bytes" Unit="" Visible="true" /> 	
				<Ref TextId="T_InputImageSize" Value="16~63 bytes" Unit="" Visible="true" /> 	 	
				<Ref TextId="T_OutputImageSize" Value="16~63 bytes" Unit="" Visible="true" /> 	 					
			</Items>
		</Specification>

		<Monitoring>
			<CommBlock InitOnly="true" Freq=""/>
		</Monitoring>

		<IOData InputLength="16" OutputLength="16">
			<Input OneChSize="8">
				<Ref TextId="T_Status_Data_00" ChannelType="BI" DataType="ByteArea" Length="1" Unit="" Visible="true"/>
				<Ref TextId="T_Length_Data_00" ChannelType="BI" DataType="ByteArea" Length="1" Unit="" Visible="true"/>
				<Ref TextId="T_Byte_InData_00" ChannelType="BI" DataType="ByteArea" Length="1" Unit="" Visible="true"/>
				<Ref TextId="T_Byte_InData_01" ChannelType="BI" DataType="ByteArea" Length="1" Unit="" Visible="true"/>
				<Ref TextId="T_Byte_InData_02" ChannelType="BI" DataType="ByteArea" Length="1" Unit="" Visible="true"/>
				<Ref TextId="T_Byte_InData_03" ChannelType="BI" DataType="ByteArea" Length="1" Unit="" Visible="true"/>
				<Ref TextId="T_Byte_InData_04" ChannelType="BI" DataType="ByteArea" Length="1" Unit="" Visible="true"/>
				<Ref TextId="T_Byte_InData_05" ChannelType="BI" DataType="ByteArea" Length="1" Unit="" Visible="true"/>
				<Ref TextId="T_Byte_InData_06" ChannelType="BI" DataType="ByteArea" Length="1" Unit="" Visible="true"/>
				<Ref TextId="T_Byte_InData_07" ChannelType="BI" DataType="ByteArea" Length="1" Unit="" Visible="true"/>
				<Ref TextId="T_Byte_InData_08" ChannelType="BI" DataType="ByteArea" Length="1" Unit="" Visible="true"/>
				<Ref TextId="T_Byte_InData_09" ChannelType="BI" DataType="ByteArea" Length="1" Unit="" Visible="true"/>
				<Ref TextId="T_Byte_InData_10" ChannelType="BI" DataType="ByteArea" Length="1" Unit="" Visible="true"/>
				<Ref TextId="T_Byte_InData_11" ChannelType="BI" DataType="ByteArea" Length="1" Unit="" Visible="true"/>
				<Ref TextId="T_Byte_InData_12" ChannelType="BI" DataType="ByteArea" Length="1" Unit="" Visible="true"/>
				<Ref TextId="T_Byte_InData_13" ChannelType="BI" DataType="ByteArea" Length="1" Unit="" Visible="true"/>
			</Input>
			<Output OneChSize="8">
				<Ref TextId="T_Ctrl_Data_00" ChannelType="BO" DataType="ByteArea" Length="1" Unit="" Visible="true"/>
				<Ref TextId="T_Length_Data_00" ChannelType="BO" DataType="ByteArea" Length="1" Unit="" Visible="true"/>
				<Ref TextId="T_Byte_OutData_00" ChannelType="BO" DataType="ByteArea" Length="1" Unit="" Visible="true"/>
				<Ref TextId="T_Byte_OutData_01" ChannelType="BO" DataType="ByteArea" Length="1" Unit="" Visible="true"/>
				<Ref TextId="T_Byte_OutData_02" ChannelType="BO" DataType="ByteArea" Length="1" Unit="" Visible="true"/>
				<Ref TextId="T_Byte_OutData_03" ChannelType="BO" DataType="ByteArea" Length="1" Unit="" Visible="true"/>
				<Ref TextId="T_Byte_OutData_04" ChannelType="BO" DataType="ByteArea" Length="1" Unit="" Visible="true"/>
				<Ref TextId="T_Byte_OutData_05" ChannelType="BO" DataType="ByteArea" Length="1" Unit="" Visible="true"/>
				<Ref TextId="T_Byte_OutData_06" ChannelType="BO" DataType="ByteArea" Length="1" Unit="" Visible="true"/>
				<Ref TextId="T_Byte_OutData_07" ChannelType="BO" DataType="ByteArea" Length="1" Unit="" Visible="true"/>
				<Ref TextId="T_Byte_OutData_08" ChannelType="BO" DataType="ByteArea" Length="1" Unit="" Visible="true"/>
				<Ref TextId="T_Byte_OutData_09" ChannelType="BO" DataType="ByteArea" Length="1" Unit="" Visible="true"/>
				<Ref TextId="T_Byte_OutData_10" ChannelType="BO" DataType="ByteArea" Length="1" Unit="" Visible="true"/>
				<Ref TextId="T_Byte_OutData_11" ChannelType="BO" DataType="ByteArea" Length="1" Unit="" Visible="true"/>
				<Ref TextId="T_Byte_OutData_12" ChannelType="BO" DataType="ByteArea" Length="1" Unit="" Visible="true"/>
				<Ref TextId="T_Byte_OutData_13" ChannelType="BO" DataType="ByteArea" Length="1" Unit="" Visible="true"/>
			</Output>
		</IOData>

		<Parameters Index="1" Length="4">
			<Name TextId="T_Module parameters"/>
			<Const Data="0x20,0x00"/>
			<Ref TextId="T_REF_Baud_Rate" ValueItemTarget="IDV_Baud_Rate" DataType="BitArea" 	ByteOffset="0" BitOffset="0" Length="4" DefaultValue="0" AllowedValues="1,0,15" Changeable="true" Visible="true"/>
			<Ref TextId="T_REF_Parity_Bit" ValueItemTarget="IDV_Parity_Bit" DataType="BitArea" 	ByteOffset="0" BitOffset="4" Length="2" DefaultValue="0" AllowedValues="1,0,3" Changeable="true" Visible="true"/>
			<Ref TextId="T_REF_Stop_Bit" ValueItemTarget="IDV_Stop_Bit" DataType="Bit" 			ByteOffset="0" BitOffset="6" Length="1" DefaultValue="0" AllowedValues="1,0,1" Changeable="true" Visible="true"/>
			<Ref TextId="T_REF_TxD" ValueItemTarget="IDV_TxD" DataType="Bit"					ByteOffset="0" BitOffset="7" Length="1" DefaultValue="0" AllowedValues="1,0,1" Changeable="true" Visible="true"/>
			<Ref TextId="T_REF_Flow_Control" ValueItemTarget="IDV_Flow_Control" DataType="BitArea" ByteOffset="1" BitOffset="0" Length="2" DefaultValue="0" AllowedValues="1,0,3" Changeable="true" Visible="true"/>
			<Ref TextId="T_REF_Data_Size" ValueItemTarget="IDV_Data_Size" DataType="BitArea" 	ByteOffset="1" BitOffset="2" Length="6" DefaultValue="0" AllowedValues="1,16,64" Changeable="true" Visible="true"/>
			<!-- Please, add parameter below -->

		</Parameters>

		<!-- ============================================================================================ -->
		<!--      Value list                                                                              -->
		<!-- ============================================================================================ -->
		<ValueList>
			<ValueItem ID="IDV_Baud_Rate">
				<Assign Content="1" TextId="T_1200bps"/>
				<Assign Content="2" TextId="T_2400bps"/>
				<Assign Content="3" TextId="T_4800bps"/>
				<Assign Content="4" TextId="T_9600bps"/>
				<Assign Content="5" TextId="T_19200bps"/>
				<Assign Content="6" TextId="T_38400bps"/>
				<Assign Content="7" TextId="T_57600bps"/>
				<Assign Content="0" TextId="T_115200bps"/>
			</ValueItem>
			<ValueItem ID="IDV_Parity_Bit">
				<Assign Content="0" TextId="T_NoParity"/>
				<Assign Content="1" TextId="T_OddParity"/>
				<Assign Content="2" TextId="T_EvenParity"/>
			</ValueItem>
			<ValueItem ID="IDV_Stop_Bit">
				<Assign Content="0" TextId="T_1StopBit"/>
				<Assign Content="1" TextId="T_2StopBit"/>
			</ValueItem>
			<ValueItem ID="IDV_TxD">
				<Assign Content="0" TextId="T_Disable"/>
				<Assign Content="1" TextId="T_Enable"/>
			</ValueItem>
			<ValueItem ID="IDV_Flow_Control"> 
				<Assign Content="0" TextId="T_FlowCtrlDisable"/>
				<Assign Content="1" TextId="T_FlowCtrlRTS"/>
				<Assign Content="2" TextId="T_FlowCtrlCTS"/>
				<Assign Content="3" TextId="T_FlowCtrlRTSCTS"/>
			</ValueItem>
			<ValueItem ID="IDV_Data_Size">
				<Assign Content="0" TextId="T_16_Byte"/>
				<Assign Content="17" TextId="T_17_Byte"/>
				<Assign Content="18" TextId="T_18_Byte"/>
				<Assign Content="19" TextId="T_19_Byte"/>
				<Assign Content="20" TextId="T_20_Byte"/>
				<Assign Content="21" TextId="T_21_Byte"/>
				<Assign Content="22" TextId="T_22_Byte"/>
				<Assign Content="23" TextId="T_23_Byte"/>
				<Assign Content="24" TextId="T_24_Byte"/>
				<Assign Content="25" TextId="T_25_Byte"/>
				<Assign Content="26" TextId="T_26_Byte"/>
				<Assign Content="27" TextId="T_27_Byte"/>
				<Assign Content="28" TextId="T_28_Byte"/>
				<Assign Content="29" TextId="T_29_Byte"/>
				<Assign Content="30" TextId="T_30_Byte"/>
				<Assign Content="31" TextId="T_31_Byte"/>
				<Assign Content="32" TextId="T_32_Byte"/>
				<Assign Content="33" TextId="T_33_Byte"/>
				<Assign Content="34" TextId="T_34_Byte"/>
				<Assign Content="35" TextId="T_35_Byte"/>
				<Assign Content="36" TextId="T_36_Byte"/>
				<Assign Content="37" TextId="T_37_Byte"/>
				<Assign Content="38" TextId="T_38_Byte"/>
				<Assign Content="39" TextId="T_39_Byte"/>
				<Assign Content="40" TextId="T_40_Byte"/>
				<Assign Content="41" TextId="T_41_Byte"/>
				<Assign Content="42" TextId="T_42_Byte"/>
				<Assign Content="43" TextId="T_43_Byte"/>
				<Assign Content="44" TextId="T_44_Byte"/>
				<Assign Content="45" TextId="T_45_Byte"/>
				<Assign Content="46" TextId="T_46_Byte"/>
				<Assign Content="47" TextId="T_47_Byte"/>
				<Assign Content="48" TextId="T_48_Byte"/>
				<Assign Content="49" TextId="T_49_Byte"/>
				<Assign Content="50" TextId="T_50_Byte"/>
				<Assign Content="51" TextId="T_51_Byte"/>
				<Assign Content="52" TextId="T_52_Byte"/>
				<Assign Content="53" TextId="T_53_Byte"/>
				<Assign Content="54" TextId="T_54_Byte"/>
				<Assign Content="55" TextId="T_55_Byte"/>
				<Assign Content="56" TextId="T_56_Byte"/>
				<Assign Content="57" TextId="T_57_Byte"/>
				<Assign Content="58" TextId="T_58_Byte"/>
				<Assign Content="59" TextId="T_59_Byte"/>
				<Assign Content="60" TextId="T_60_Byte"/>
				<Assign Content="61" TextId="T_61_Byte"/>
				<Assign Content="62" TextId="T_62_Byte"/>
				<Assign Content="63" TextId="T_63_Byte"/>
			</ValueItem>
		</ValueList>

		<!-- Diag 정의 -->

	</DeviceInfo>


	<!-- Please, add IO modules below -->





</IOProfile>
