<?xml version="1.0" encoding="UTF-8"?>

<!--**********************************************************************
** $File: GT5352.xml 
** $Descrip: Define I/O module (GT-5352)
** $Version: 1.0.0.0 
** $Maker: CREVIS
** $History   
**   ! 2016.12.21 - v1000. First Release
 
** ******************************************************************* --> 

<IOProfile>
	<DeviceInfo ID="IDM_GT5352" DeviceID="0x5352" Category="GSpecial">	
		<General> 
			<Name TextId="T_GT5352"/>
			<InfoText TextId="T_INFO_GT5352"/>
			<OrderNumber Value="GT-5352"/>
			<GraphicFile Value="GT-5352"/> 
			<HelpLink Value="GT-5352.htm"/>  
			<KeySpec Value="SSI Data Rate : 125K,250K,500K,1M,2Mbps"/> 			
			<Features AddrMapPriority="B" CanCommunication="true" FieldPwrCutoffBefore="false" FieldPwrFreeNext = "false" SystemPwrExpansion="0"/>			
		</General>
			
		<Specification>
			<HardwareVer TextId="T_HardwareVer" Value="1.00" Unit="" Visible="true"/>	 
			<PowerDissipation TextId="T_PowerDissipation" Value="110" Unit="mA" Visible="true"/>	 		<!--단위는 mA-->
			<FieldPower TextId="T_FieldPower" Value=""  Unit="Vdc" Visible="true"/>							
			<Dimension TextId="T_Dimension" Height="99" Width="70" Value="12" Unit="mm" Visible="true"/>
			<AllowedInSlots TextId="T_AllowedInSlots" Value="1..64" Unit="" Visible="true"/>	
														
			<Items>
				<Ref TextId="T_SSIDataRate" Value="125K, 250K, 500K, 1M, 2M(default 250K)" Unit="" Visible="true" />	
				<Ref TextId="T_SSIDataWidth" Value="Max. 30bit" Unit="" Visible="true" /> 			
				<Ref TextId="T_SSIDataDelayTime" Value="100usec ~ 10msec(default 200us)" Unit="" Visible="true" /> 	
				<Ref TextId="T_SSIDataCodeType" Value="Gray Code or Natural Binary" Unit="" Visible="true" /> 	 	
				<Ref TextId="T_SSIInputVoltage" Value="-7~7Vdc" Unit="" Visible="true" />
				<Ref TextId="T_SSIOutputVoltage" Value="3.1~3.3Vdc" Unit="" Visible="true" /> 					
			</Items>
		</Specification>

		<Monitoring>
			<CommBlock InitOnly="true" Freq=""/>
		</Monitoring>

		<IOData InputLength="10" OutputLength="4">
			<Input OneChSize="8">
				<Ref TextId="T_SSI_InData_00_Ch0" ChannelType="BI" DataType="ByteArea" Length="1" Unit="" Visible="true"/>
				<Ref TextId="T_SSI_InData_01_Ch0" ChannelType="BI" DataType="ByteArea" Length="1" Unit="" Visible="true"/>
				<Ref TextId="T_SSI_InData_02_Ch0" ChannelType="BI" DataType="ByteArea" Length="1" Unit="" Visible="true"/>
				<Ref TextId="T_SSI_InData_03_Ch0" ChannelType="BI" DataType="ByteArea" Length="1" Unit="" Visible="true"/>
				<Ref TextId="T_SSI_InData_00_Ch1" ChannelType="BI" DataType="ByteArea" Length="1" Unit="" Visible="true"/>
				<Ref TextId="T_SSI_InData_01_Ch1" ChannelType="BI" DataType="ByteArea" Length="1" Unit="" Visible="true"/>
				<Ref TextId="T_SSI_InData_02_Ch1" ChannelType="BI" DataType="ByteArea" Length="1" Unit="" Visible="true"/>
				<Ref TextId="T_SSI_InData_03_Ch1" ChannelType="BI" DataType="ByteArea" Length="1" Unit="" Visible="true"/>
				<Ref TextId="T_SSI_StatusData_Ch0" ChannelType="BI" DataType="ByteArea" Length="1" Unit="" Visible="true"/>
				<Ref TextId="T_SSI_StatusData_Ch1" ChannelType="BI" DataType="ByteArea" Length="1" Unit="" Visible="true"/>
			</Input>
			<Output OneChSize="8">
				<Ref TextId="T_SSI_Ctrl_Data_00_Ch0" ChannelType="BO" DataType="ByteArea" Length="1" Unit="" Visible="true"/>
				<Ref TextId="T_SSI_Ctrl_Data_01_Ch0" ChannelType="BO" DataType="ByteArea" Length="1" Unit="" Visible="true"/>
				<Ref TextId="T_SSI_Ctrl_Data_00_Ch1" ChannelType="BO" DataType="ByteArea" Length="1" Unit="" Visible="true"/>
				<Ref TextId="T_SSI_Ctrl_Data_01_Ch1" ChannelType="BO" DataType="ByteArea" Length="1" Unit="" Visible="true"/>
			</Output>
		</IOData>

		<Parameters/>

			<!-- Please, add parameter below -->

	</DeviceInfo>


	<!-- Please, add IO modules below -->





</IOProfile>
