<?xml version="1.0" encoding="UTF-8"?>

<!--**********************************************************************
** $File: GT7511.xml 
** $Descrip: Define I/O module (GT-7511)
** $Version: 1.0.0.0 
** $Maker: CREVIS
** $History   
**   ! 2009.05.10 - v1000. First Release
 
** ******************************************************************* --> 

<IOProfile>
	<DeviceInfo ID="IDM_GT7511" DeviceID="0x7511" Category="GPower">	
		<General> 
			<Name TextId="T_GT7511"/>
			<InfoText TextId="T_INFO_GT7511"/>
			<OrderNumber Value="GT-7511"/>
			<GraphicFile Value="GT-7511"/> 
			<HelpLink Value="GT-7511.htm"/>			
			<KeySpec Value="Expansion Power Supply"/> 			
			<Features AddrMapPriority="" CanCommunication="true" FieldPwrCutoffBefore="true" FieldPwrFreeNext = "true" SystemPwrExpansion="1000"/>			
		</General>
			
		<Specification>
			<HardwareVer TextId="T_HardwareVer" Value="1.00" Unit="" Visible="true"/>
			<PowerDissipation TextId="T_PowerDissipation" Value="20" Unit="mA" Visible="true"/>	 		<!--단위는 mA-->
			<FieldPower TextId="T_FieldPower" Value=""  Unit="Vdc" Visible="true"/>							
			<Dimension TextId="T_Dimension" Height="99" Width="70" Value="12" Unit="mm" Visible="true"/>
			<AllowedInSlots TextId="T_AllowedInSlots" Value="1..64" Unit="" Visible="true"/>	
														
			<Items>
				<Ref TextId="T_SysInVolRange" Value="15Vdc to 32Vdc" Unit="" Visible="true" />
				<Ref TextId="T_SysPowInVol" Value="Normal 24Vdc" Unit="" Visible="true" />
				<Ref TextId="T_FieldPowInVol" Value="Normal 24Vdc ±20%" Unit="" Visible="true" />
				<Ref TextId="T_GBusOutVol" Value="Max 5Vdc, 1A" Unit="" Visible="true" />
			</Items>
		</Specification>

		<Monitoring>
			<CommBlock InitOnly="true" Freq=""/>
		</Monitoring>
<!--
    <IOData/>
    <Parameters/>
    -->
		<IOData InputLength="1" OutputLength="0">
			<Input OneChSize="8">
				<Ref TextId="T_PO_Data_00" ChannelType="AI" DataType="Unsigned8" Length="1" Unit="" Visible="true"/>
			</Input>
		</IOData>
    
		<Parameters/>
		
		<!-- Diag 정의 --> 
		
	</DeviceInfo>
		

	<!-- Please, add IO modules below --> 
	
	 
		
		
 
</IOProfile>
