<?xml version="1.0" encoding="UTF-8"?>

<!--**********************************************************************
** $File: RT9261.xml 
** $Descrip: Define I/O module (RT-9261)
** $Version: 1.0.0.0 
** $Maker: CREVIS
** $History   
**   ! 2013.07.01 - v1000. Create New RT-9261(GE).
 
** ******************************************************************* --> 

<IOProfile>
	<DeviceInfo ID="IDM_RT9261" DeviceID="0x9261" Category="RSpecial">	
		<General> 
			<Name TextId="T_RT9261"/>
			<InfoText TextId="T_INFO_RT9261"/>
			<OrderNumber Value="RT-9261"/>
			<GraphicFile Value="RT-9261"/> 
			<HelpLink Value="RT-9261.htm"/>  
			<KeySpec Value="R-Bus CAN Interface"/> 			
			<Features AddrMapPriority="B" CanCommunication="true" FieldPwrCutoffBefore="false" FieldPwrFreeNext = "false" SystemPwrExpansion="0"/>			
		</General>
			
		<Specification>
			<HardwareVer TextId="T_HardwareVer" Value="1.00" Unit="" Visible="false"/>	 
			<PowerDissipation TextId="T_PowerDissipation" Value="187" Unit="mA" Visible="true"/>	 		<!--단위는 mA-->
			<FieldPower TextId="T_FieldPower" Value=""  Unit="Vdc" Visible="true"/>							
			<Dimension TextId="T_Dimension" Height="99" Width="50" Value="25" Unit="mm" Visible="true"/>
			<AllowedInSlots TextId="T_AllowedInSlots" Value="1..64" Unit="" Visible="true"/>

      <Items>
        <Ref TextId="T_BusSystem" Value="CANopen" Unit="" Visible="true" />
        <Ref TextId="T_Baudrate" Value="10 Kbps...1 Mbps (except 800Kbps)" Unit="" Visible="true" />
        <Ref TextId="T_NetworkToLogic" Value="Isolation (1000Vrms/Vac)" Unit="" Visible="true" />
        <Ref TextId="T_LogicToFieldPower" Value="Isolation (Not used)" Unit="" Visible="true" />
        <Ref TextId="T_LogicToSystemPower" Value="Non-isolation" Unit="" Visible="true" />        
      </Items>
		</Specification>

		<Monitoring>
			<CommBlock InitOnly="true" Freq=""/>
		</Monitoring>

		<IOData InputLength="16" OutputLength="16">
			<Input OneChSize="8">
        <Ref TextId="T_REF_Byte0_Status" ChannelType="BI" DataType="ByteArea" Length="1" Unit="" Visible="true"/>
        <Ref TextId="T_REF_Byte1_DontCare" ChannelType="BI" DataType="ByteArea" Length="1" Unit="" Visible="true"/>
        <Ref TextId="T_REF_Byte2_DontCare" ChannelType="BI" DataType="ByteArea" Length="1" Unit="" Visible="true"/>
        <Ref TextId="T_REF_Byte3_ErrorCode" ChannelType="BI" DataType="ByteArea" Length="1" Unit="" Visible="true"/>
        <Ref TextId="T_REF_Byte4_COBID_Low" ChannelType="BI" DataType="ByteArea" Length="1" Unit="" Visible="true"/>
        <Ref TextId="T_REF_Byte5_COBID_High" ChannelType="BI" DataType="ByteArea" Length="1" Unit="" Visible="true"/>
        <Ref TextId="T_REF_Byte6_QueueStack" ChannelType="BI" DataType="ByteArea" Length="1" Unit="" Visible="true"/>
        <Ref TextId="T_REF_Byte7_Length" ChannelType="BI" DataType="ByteArea" Length="1" Unit="" Visible="true"/>
        <Ref TextId="T_REF_Byte8_InputData#0" ChannelType="BI" DataType="ByteArea" Length="1" Unit="" Visible="true"/>
        <Ref TextId="T_REF_Byte9_InputData#1" ChannelType="BI" DataType="ByteArea" Length="1" Unit="" Visible="true"/>
        <Ref TextId="T_REF_Byte10_InputData#2" ChannelType="BI" DataType="ByteArea" Length="1" Unit="" Visible="true"/>
        <Ref TextId="T_REF_Byte11_InputData#3" ChannelType="BI" DataType="ByteArea" Length="1" Unit="" Visible="true"/>
        <Ref TextId="T_REF_Byte12_InputData#4" ChannelType="BI" DataType="ByteArea" Length="1" Unit="" Visible="true"/>
        <Ref TextId="T_REF_Byte13_InputData#5" ChannelType="BI" DataType="ByteArea" Length="1" Unit="" Visible="true"/>
        <Ref TextId="T_REF_Byte14_InputData#6" ChannelType="BI" DataType="ByteArea" Length="1" Unit="" Visible="true"/>
        <Ref TextId="T_REF_Byte15_InputData#7" ChannelType="BI" DataType="ByteArea" Length="1" Unit="" Visible="true"/>
			</Input>
			<Output OneChSize="8">
				<Ref TextId="T_REF_Byte0_Control" ChannelType="BO" DataType="ByteArea" Length="1" Unit="" Visible="true"/>
				<Ref TextId="T_REF_Byte1_DontCare" ChannelType="BO" DataType="ByteArea" Length="1" Unit="" Visible="true"/>
        <Ref TextId="T_REF_Byte2_DontCare" ChannelType="BO" DataType="ByteArea" Length="1" Unit="" Visible="true"/>
        <Ref TextId="T_REF_Byte3_Baudrate" ChannelType="BO" DataType="ByteArea" Length="1" Unit="" Visible="true"/>
        <Ref TextId="T_REF_Byte4_COBID_Low" ChannelType="BO" DataType="ByteArea" Length="1" Unit="" Visible="true"/>
        <Ref TextId="T_REF_Byte5_COBID_High" ChannelType="BO" DataType="ByteArea" Length="1" Unit="" Visible="true"/>
        <Ref TextId="T_REF_Byte6_DontCare" ChannelType="BO" DataType="ByteArea" Length="1" Unit="" Visible="true"/>
        <Ref TextId="T_REF_Byte7_Length" ChannelType="BO" DataType="ByteArea" Length="1" Unit="" Visible="true"/>
        <Ref TextId="T_REF_Byte8_OutputData#0" ChannelType="BO" DataType="ByteArea" Length="1" Unit="" Visible="true"/>
        <Ref TextId="T_REF_Byte9_OutputData#1" ChannelType="BO" DataType="ByteArea" Length="1" Unit="" Visible="true"/>
        <Ref TextId="T_REF_Byte10_OutputData#2" ChannelType="BO" DataType="ByteArea" Length="1" Unit="" Visible="true"/>
        <Ref TextId="T_REF_Byte11_OutputData#3" ChannelType="BO" DataType="ByteArea" Length="1" Unit="" Visible="true"/>
        <Ref TextId="T_REF_Byte12_OutputData#4" ChannelType="BO" DataType="ByteArea" Length="1" Unit="" Visible="true"/>
        <Ref TextId="T_REF_Byte13_OutputData#5" ChannelType="BO" DataType="ByteArea" Length="1" Unit="" Visible="true"/>
        <Ref TextId="T_REF_Byte14_OutputData#6" ChannelType="BO" DataType="ByteArea" Length="1" Unit="" Visible="true"/>
        <Ref TextId="T_REF_Byte15_OutputData#7" ChannelType="BO" DataType="ByteArea" Length="1" Unit="" Visible="true"/>
			</Output>
		</IOData>

    <Parameters Index="1" Length="">
      <Name TextId="T_Module parameters"/>
      <Const Data=""/>
      <!-- Please, add parameter below -->
    </Parameters>

   <!-- Diag 정의 --> 
		
	</DeviceInfo>

	<!-- Please, add IO modules below --> 
</IOProfile>
