<?xml version="1.0" encoding="UTF-8"?>

<!--**********************************************************************
** $File: ST7108.xml 
** $Descrip: Define I/O module (ST-7108)
** $Version: 1.0.0.0 
** $Maker: CREVIS
** $History   
**   ! 2009.05.10 - v1000. First Release
 
** ******************************************************************* --> 

<IOProfile>
	<DeviceInfo ID="IDM_ST7108" DeviceID="0xF3" Category="SSystem">	
		<General> 
			<Name TextId="T_ST7108"/>
			<InfoText TextId="T_INFO_ST7108"/>
			<OrderNumber Value="ST-7108"/>
			<GraphicFile Value="ST-7108"/> 
			<HelpLink Value="ST-7108.htm"/>  
			<KeySpec Value="Potential Distributor, for 0V"/> 			
			<Features AddrMapPriority="" CanCommunication="false" FieldPwrCutoffBefore="true" FieldPwrFreeNext = "true" SystemPwrExpansion="0"/>			
		</General>
			
		<Specification>
			<HardwareVer TextId="T_HardwareVer" Value="2.00" Unit="" Visible="true"/>
			<PowerDissipation TextId="T_PowerDissipation" Value="0" Unit="mA" Visible="true"/>	 		<!--단위는 mA-->
			<FieldPower TextId="T_FieldPower" Value=""  Unit="Vdc" Visible="true"/>							
			<Dimension TextId="T_Dimension" Height="99" Width="70" Value="12" Unit="mm" Visible="true"/>
			<AllowedInSlots TextId="T_AllowedInSlots" Value="1..32" Unit="" Visible="true"/>	
														
			<Items>
				<Ref TextId="T_FieldPowerVoltage" Value="0V" Unit="" Visible="true" />
				<Ref TextId="T_ContactCurrent" Value="Max 10A" Unit="" Visible="true" />
				<Ref TextId="T_Indicators" Value="Non indicate" Unit="" Visible="true" />
				<Ref TextId="T_FnBusPowerContactor" Value="Yes" Unit="" Visible="true" />
				<Ref TextId="T_OperatingTemper" Value="-20 to +60°C" Unit="" Visible="true" />
				<Ref TextId="T_StorageTemper" Value="-45 to +85°C" Unit="" Visible="true" />
			</Items>
		</Specification>

		<Monitoring>
			<CommBlock InitOnly="true" Freq=""/>
		</Monitoring>

		<IOData/>
		<Parameters/>
		
		<!-- Diag 정의 --> 
		
	</DeviceInfo>
		

	<!-- Please, add IO modules below --> 
	
	 
		
		
 
</IOProfile>
