<?xml version="1.0" encoding="UTF-8"?>

<!--**********************************************************************
** $File: ST2852.xml 
** $Descrip: Define I/O module (ST-2852)
** $Version: 1.0.0.0 
** $Maker: CREVIS
** $History   
**   ! 2009.05.10 - v1000. First Release
 
** ******************************************************************* --> 

<IOProfile>
	<DeviceInfo ID="IDM_ST2852" DeviceID="0x0C" Category="SDO">	
		<General> 
			<Name TextId="T_ST2852"/>
			<InfoText TextId="T_INFO_ST2852"/>
			<OrderNumber Value="ST-2852"/>
			<GraphicFile Value="ST-2852"/> 
			<HelpLink Value="ST-2852.htm"/> 
			<KeySpec Value="Roted Load Voltage: 15~132Vac"/> 			
			<Features AddrMapPriority="2" CanCommunication="true" FieldPwrCutoffBefore="false" FieldPwrFreeNext = "false" SystemPwrExpansion="0"/>			 
		</General>
			
		<Specification>
			<HardwareVer TextId="T_HardwareVer" Value="2.00" Unit="" Visible="true"/>	 
			<PowerDissipation TextId="T_PowerDissipation" Value="35" Unit="mA" Visible="true"/>	 		<!--단위는 mA-->
			<FieldPower TextId="T_FieldPower" Value="120"  Unit="Vac" Visible="true"/>			
			<Dimension TextId="T_Dimension" Height="99" Width="70" Value="12" Unit="mm" Visible="true"/>
			<AllowedInSlots TextId="T_AllowedInSlots" Value="1..32" Unit="" Visible="true"/>	
														
			<Items>                                 
				<Ref TextId="T_FieldPowerRange" Value="15~132Vac" Unit="" Visible="true" />	
				<Ref TextId="T_OutputCurrentRating" Value="0.05 ~ 0.5A" Unit="" Visible="true" />
				<Ref TextId="T_RatedLoadVol" Value="15~132Vac" Unit="" Visible="true" />
				<Ref TextId="T_FrequencyRange" Value="47 ~ 63Hz" Unit="" Visible="true" />
				<Ref TextId="T_ONStateVoltageDrop" Value="1.3Vrms(Max. Load)" Unit="" Visible="true" />
				<Ref TextId="T_Notice" Value="You have to use absolutely the Power Distributor when you want to use AC" Unit="" Visible="true" />
      </Items>
		</Specification>
			
		<Monitoring>
			<CommBlock InitOnly="true" Freq=""/>
		</Monitoring>

		<IOData InputLength="0" OutputLength="1">
			<Output OneChSize="1">
				<Ref TextId="T_DO" ChannelType="DO" DataType="BitArea" Length="2" Unit="" Visible="true"/>
			</Output>
		</IOData>

		<Parameters Index="1" Length="2">
			<Name TextId="T_Module parameters"/>
			<Const Data="0x00,0x00"/>
			<Ref TextId="T_REF_Fault_Action_ch0" ValueItemTarget="IDV_Fault_Action_2" DataType="Bit" ByteOffset="0" BitOffset="0" Length="1" DefaultValue="0" AllowedValues="1,0,1" Changeable="true" Visible="true" />
      <Ref TextId="T_REF_Fault_Action_ch1" ValueItemTarget="IDV_Fault_Action_2" DataType="Bit" ByteOffset="0" BitOffset="1" Length="1" DefaultValue="0" AllowedValues="1,0,1" Changeable="true" Visible="true" />
			<Ref TextId="T_REF_SubstituteValue_ch0" ValueItemTarget="IDV_SubstituteValue_2" DataType="Bit" ByteOffset="1" BitOffset="0" Length="1" DefaultValue="0" AllowedValues="1,0,1" Changeable="true" Visible="true" />
			<Ref TextId="T_REF_SubstituteValue_ch1" ValueItemTarget="IDV_SubstituteValue_2" DataType="Bit" ByteOffset="1" BitOffset="1" Length="1" DefaultValue="0" AllowedValues="1,0,1" Changeable="true" Visible="true" />
			<!-- Please, add parameter below --> 
			
		</Parameters>
		
		<!-- ============================================================================================ -->
		<!--      Value list                                                                              -->
		<!-- ============================================================================================ -->
		<ValueList> 
			<ValueItem ID="IDV_Fault_Action_2"> 
				<Assign Content="0" TextId="T_Safe"/>
				<Assign Content="1" TextId="T_HoldLastState"/>
			</ValueItem>
			<ValueItem ID="IDV_SubstituteValue_2">
			  <Assign Content="0" TextId="T_OFF"/>
			  <Assign Content="1" TextId="T_ON"/>
			</ValueItem>
		</ValueList>	
		
		<!-- Diag 정의 --> 
		
	</DeviceInfo>
		

	<!-- Please, add IO modules below --> 
	
	 
		
		
 
</IOProfile>
