<?xml version="1.0" encoding="UTF-8"?>

<!--**********************************************************************
** $File: ST5101.xml 
** $Descrip: Define I/O module (ST-5101)
** $Version: 1.0.0.0 
** $Maker: CREVIS
** $History   
**   ! 2009.05.10 - v1000. First Release
 
** ******************************************************************* --> 

<IOProfile>
	<DeviceInfo ID="IDM_ST5101" DeviceID="0x34" Category="SSpecial">	
		<General> 
			<Name TextId="T_ST5101"/>
			<InfoText TextId="T_INFO_ST5101"/>
			<OrderNumber Value="ST-5101"/>
			<GraphicFile Value="ST-5101"/> 
			<HelpLink Value="ST-5101.htm"/>  
			<KeySpec Value="Input Voltage : 5Vdc"/> 			
			<Features AddrMapPriority="B" CanCommunication="true" FieldPwrCutoffBefore="false" FieldPwrFreeNext = "false" SystemPwrExpansion="0"/>			
		</General>
			
		<Specification>
			<HardwareVer TextId="T_HardwareVer" Value="2.00" Unit="" Visible="true"/>	 
			<PowerDissipation TextId="T_PowerDissipation" Value="80" Unit="mA" Visible="true"/>	 		<!--단위는 mA-->
			<FieldPower TextId="T_FieldPower" Value="24"  Unit="Vdc" Visible="true"/>							
			<Dimension TextId="T_Dimension" Height="99" Width="70" Value="12" Unit="mm" Visible="true"/>
			<AllowedInSlots TextId="T_AllowedInSlots" Value="1..32" Unit="" Visible="true"/>	
														
			<Items>
				<Ref TextId="T_InputVoltage" Value="5Vdc" Unit="" Visible="true" />	
				<Ref TextId="T_InputCutrrent" Value="16.2mA @ 5Vdc" Unit="" Visible="true" /> 			
				<Ref TextId="T_InputOnStateCurrent" Value="Input Current ≥5mA" Unit="" Visible="true" /> 	
				<Ref TextId="T_InputOnStateVoltage" Value="Input Voltage ≥2.6Vdc" Unit="" Visible="true" />
				<Ref TextId="T_OutnputOnStateCurrent" Value="Input Current ≤0.25mA" Unit="" Visible="true" />
				<Ref TextId="T_OutputOnStateVoltage" Value="Input Voltage ≤1.25Vdc" Unit="" Visible="true" />
				<Ref TextId="T_MaxOnStateVoltage" Value="6Vdc" Unit="" Visible="true" />
				<Ref TextId="T_MaxInputFrequency" Value="Max. 1.5MHz" Unit="" Visible="true" />
			</Items>
		</Specification>

		<Monitoring>
			<CommBlock InitOnly="true" Freq=""/>
		</Monitoring>

		<IOData InputLength="6" OutputLength="2">
			<Input OneChSize="8">
				<Ref TextId="T_Byte_InData_00" ChannelType="BI" DataType="ByteArea" Length="1" Unit="" Visible="true"/>
				<Ref TextId="T_Byte_InData_01" ChannelType="BI" DataType="ByteArea" Length="1" Unit="" Visible="true"/>
				<Ref TextId="T_Byte_InData_02" ChannelType="BI" DataType="ByteArea" Length="1" Unit="" Visible="true"/>
				<Ref TextId="T_Byte_InData_03" ChannelType="BI" DataType="ByteArea" Length="1" Unit="" Visible="true"/>
				<Ref TextId="T_Byte_InData_04" ChannelType="BI" DataType="ByteArea" Length="1" Unit="" Visible="true"/>
				<Ref TextId="T_Byte_InData_05" ChannelType="BI" DataType="ByteArea" Length="1" Unit="" Visible="true"/>
			</Input>
			<Output OneChSize="8">
				<Ref TextId="T_Byte_OutData_00" ChannelType="BO" DataType="ByteArea" Length="1" Unit="" Visible="true"/>
				<Ref TextId="T_Byte_OutData_01" ChannelType="BO" DataType="ByteArea" Length="1" Unit="" Visible="true"/>
			</Output>
		</IOData> 

		<Parameters Index="1" Length="2">
			<Name TextId="T_Module parameters"/>
			<Const Data="0x00,0x00"/>
			<Ref TextId="T_REF_Counter_Mode" ValueItemTarget="IDV_Counter_Mode" DataType="BitArea" ByteOffset="0" BitOffset="0" Length="4" DefaultValue="0" AllowedValues="1,0,15" Changeable="true" Visible="true"/>
			<Ref TextId="T_REF_Gate_Function" ValueItemTarget="IDV_Gate_Function" DataType="BitArea" ByteOffset="0" BitOffset="4" Length="4" DefaultValue="0" AllowedValues="1,0,15" Changeable="true" Visible="true"/>
			<Ref TextId="T_REF_Input_Filter" ValueItemTarget="IDV_Input_Filter" DataType="BitArea" ByteOffset="1" BitOffset="0" Length="4" DefaultValue="0" AllowedValues="1,0,15" Changeable="true" Visible="true"/>
			<Ref TextId="T_REF_Gate_Sampling_Time" ValueItemTarget="IDV_Gate_Sampling_Time" DataType="BitArea" ByteOffset="1" BitOffset="4" Length="4" DefaultValue="0" AllowedValues="1,0,15" Changeable="true" Visible="true"/>
			<!-- Please, add parameter below --> 
			
		</Parameters>
		
		<!-- ============================================================================================ -->
		<!--      Value list                                                                              -->
		<!-- ============================================================================================ -->
		<ValueList> 
			<ValueItem ID="IDV_Counter_Mode"> 
				<Assign Content="0" TextId="T_CntDisable"/>
				<Assign Content="1" TextId="T_1PulseMode"/>
				<Assign Content="2" TextId="T_2PulseMode"/>
				<Assign Content="3" TextId="T_1Encoder"/>
				<Assign Content="4" TextId="T_2Encoder"/>
				<Assign Content="5" TextId="T_4Encoder"/>
				<Assign Content="6" TextId="T_PeriodRateMode"/>
				<Assign Content="8" TextId="T_PwmMode"/>
			</ValueItem>
      <ValueItem ID="IDV_Gate_Function"> 
				<Assign Content="0" TextId="T_GateDisable"/>
				<Assign Content="1" TextId="T_StoreContinue"/>
				<Assign Content="2" TextId="T_StoreResume"/>
				<Assign Content="3" TextId="T_StoreStart"/>
				<Assign Content="4" TextId="T_StoreReset"/>
			</ValueItem>
			<ValueItem ID="IDV_Input_Filter"> 
				<Assign Content="0" TextId="T_FilterBypass"/>
				<Assign Content="1" TextId="T_Filter1us"/>
				<Assign Content="2" TextId="T_Filter5us"/>
				<Assign Content="3" TextId="T_Filter10us"/>
				<Assign Content="4" TextId="T_Filter50us"/>
				<Assign Content="5" TextId="T_Filter100us"/>
				<Assign Content="6" TextId="T_Filter500us"/>
				<Assign Content="7" TextId="T_Filter1ms"/>
				<Assign Content="8" TextId="T_Filter5ms"/>
				<Assign Content="9" TextId="T_Filter10ms"/>	
			</ValueItem>
			<ValueItem ID="IDV_Gate_Sampling_Time"> 
				<Assign Content="0" TextId="T_GateSmple01us"/>
				<Assign Content="1" TextId="T_GateSmple02us"/>
				<Assign Content="2" TextId="T_GateSmple04us"/>
				<Assign Content="3" TextId="T_GateSmple08us"/>
				<Assign Content="4" TextId="T_GateSmple16us"/>
				<Assign Content="5" TextId="T_GateSmple32us"/>
				<Assign Content="6" TextId="T_GateSmple64us"/>
				<Assign Content="7" TextId="T_GateSmple128us"/>
			</ValueItem>
		</ValueList>	
		
		<!-- Diag 정의 --> 
		
	</DeviceInfo>
		

	<!-- Please, add IO modules below --> 
	
	 
		
		
 
</IOProfile>
